SrcServerID,DstServerID,BandwidthMbps,BaseLatencyMs
Server3_859,Server3_1341,1.0,2000.0
Server3_1341,Server3_859,1.0,2000.0
Server3_859,Server3_1026,1.0,2000.0
Server3_1026,Server3_859,1.0,2000.0
Server3_1114,Server3_851,1.0,2000.0
Server3_851,Server3_1114,1.0,2000.0
Server3_1114,Server3_34,1.0,2000.0
Server3_34,Server3_1114,1.0,2000.0
Server3_1181,Server3_826,1.0,2000.0
Server3_826,Server3_1181,1.0,2000.0
Server3_1181,Server3_1511,1.0,2000.0
Server3_1511,Server3_1181,1.0,2000.0
Server3_1181,Server3_757,1.0,2000.0
Server3_757,Server3_1181,1.0,2000.0
Server3_1181,Server3_966,1.0,2000.0
Server3_966,Server3_1181,1.0,2000.0
Server3_471,Server3_394,1.0,2000.0
Server3_394,Server3_471,1.0,2000.0
Server3_471,Server3_32,1.0,2000.0
Server3_32,Server3_471,1.0,2000.0
Server3_471,Server3_1003,1.0,2000.0
Server3_1003,Server3_471,1.0,2000.0
Server3_471,Server3_149,1.0,2000.0
Server3_149,Server3_471,1.0,2000.0
Server3_836,Server3_934,1.0,2000.0
Server3_934,Server3_836,1.0,2000.0
Server3_836,Server3_972,1.0,2000.0
Server3_972,Server3_836,1.0,2000.0
Server3_836,Server3_143,1.0,2000.0
Server3_143,Server3_836,1.0,2000.0
Server3_836,Server3_256,1.0,2000.0
Server3_256,Server3_836,1.0,2000.0
Server3_1317,Server3_930,1.0,2000.0
Server3_930,Server3_1317,1.0,2000.0
Server3_1317,Server3_959,1.0,2000.0
Server3_959,Server3_1317,1.0,2000.0
Server3_1317,Server3_941,1.0,2000.0
Server3_941,Server3_1317,1.0,2000.0
Server3_1317,Server3_106,1.0,2000.0
Server3_106,Server3_1317,1.0,2000.0
Server3_1719,Server3_1117,1.0,2000.0
Server3_1117,Server3_1719,1.0,2000.0
Server3_1719,Server3_228,1.0,2000.0
Server3_228,Server3_1719,1.0,2000.0
Server3_1719,Server3_237,1.0,2000.0
Server3_237,Server3_1719,1.0,2000.0
Server3_417,Server3_1875,1.0,2000.0
Server3_1875,Server3_417,1.0,2000.0
Server3_417,Server3_1987,1.0,2000.0
Server3_1987,Server3_417,1.0,2000.0
Server3_1613,Server3_1365,1.0,2000.0
Server3_1365,Server3_1613,1.0,2000.0
Server3_1613,Server3_999,1.0,2000.0
Server3_999,Server3_1613,1.0,2000.0
Server3_1613,Server3_1906,1.0,2000.0
Server3_1906,Server3_1613,1.0,2000.0
Server3_1613,Server3_1565,1.0,2000.0
Server3_1565,Server3_1613,1.0,2000.0
Server3_1265,Server3_717,1.0,2000.0
Server3_717,Server3_1265,1.0,2000.0
Server3_1265,Server3_929,1.0,2000.0
Server3_929,Server3_1265,1.0,2000.0
Server3_1265,Server3_680,1.0,2000.0
Server3_680,Server3_1265,1.0,2000.0
Server3_1323,Server3_136,1.0,2000.0
Server3_136,Server3_1323,1.0,2000.0
Server3_1323,Server3_511,1.0,2000.0
Server3_511,Server3_1323,1.0,2000.0
Server3_1323,Server3_905,1.0,2000.0
Server3_905,Server3_1323,1.0,2000.0
Server3_1323,Server3_1106,1.0,2000.0
Server3_1106,Server3_1323,1.0,2000.0
Server3_1326,Server3_398,1.0,2000.0
Server3_398,Server3_1326,1.0,2000.0
Server3_1326,Server3_1041,1.0,2000.0
Server3_1041,Server3_1326,1.0,2000.0
Server3_1326,Server3_977,1.0,2000.0
Server3_977,Server3_1326,1.0,2000.0
Server3_1932,Server3_1698,1.0,2000.0
Server3_1698,Server3_1932,1.0,2000.0
Server3_1932,Server3_332,1.0,2000.0
Server3_332,Server3_1932,1.0,2000.0
Server3_1932,Server3_1930,1.0,2000.0
Server3_1930,Server3_1932,1.0,2000.0
Server3_707,Server3_1344,1.0,2000.0
Server3_1344,Server3_707,1.0,2000.0
Server3_707,Server3_1238,1.0,2000.0
Server3_1238,Server3_707,1.0,2000.0
Server3_707,Server3_208,1.0,2000.0
Server3_208,Server3_707,1.0,2000.0
Server3_761,Server3_1624,1.0,2000.0
Server3_1624,Server3_761,1.0,2000.0
Server3_761,Server3_1449,1.0,2000.0
Server3_1449,Server3_761,1.0,2000.0
Server3_1463,Server3_1167,1.0,2000.0
Server3_1167,Server3_1463,1.0,2000.0
Server3_1463,Server3_207,1.0,2000.0
Server3_207,Server3_1463,1.0,2000.0
Server3_74,Server3_1409,1.0,2000.0
Server3_1409,Server3_74,1.0,2000.0
Server3_74,Server3_1290,1.0,2000.0
Server3_1290,Server3_74,1.0,2000.0
Server3_74,Server3_32,1.0,2000.0
Server3_32,Server3_74,1.0,2000.0
Server3_1298,Server3_1891,1.0,2000.0
Server3_1891,Server3_1298,1.0,2000.0
Server3_1298,Server3_1585,1.0,2000.0
Server3_1585,Server3_1298,1.0,2000.0
Server3_1298,Server3_451,1.0,2000.0
Server3_451,Server3_1298,1.0,2000.0
Server3_1298,Server3_680,1.0,2000.0
Server3_680,Server3_1298,1.0,2000.0
Server3_1390,Server3_1495,1.0,2000.0
Server3_1495,Server3_1390,1.0,2000.0
Server3_1390,Server3_1057,1.0,2000.0
Server3_1057,Server3_1390,1.0,2000.0
Server3_1390,Server3_17,1.0,2000.0
Server3_17,Server3_1390,1.0,2000.0
Server3_984,Server3_691,1.0,2000.0
Server3_691,Server3_984,1.0,2000.0
Server3_984,Server3_1231,1.0,2000.0
Server3_1231,Server3_984,1.0,2000.0
Server3_984,Server3_1492,1.0,2000.0
Server3_1492,Server3_984,1.0,2000.0
Server3_984,Server3_868,1.0,2000.0
Server3_868,Server3_984,1.0,2000.0
Server3_1600,Server3_1228,1.0,2000.0
Server3_1228,Server3_1600,1.0,2000.0
Server3_1600,Server3_1710,1.0,2000.0
Server3_1710,Server3_1600,1.0,2000.0
Server3_1600,Server3_1203,1.0,2000.0
Server3_1203,Server3_1600,1.0,2000.0
Server3_739,Server3_27,1.0,2000.0
Server3_27,Server3_739,1.0,2000.0
Server3_739,Server3_705,1.0,2000.0
Server3_705,Server3_739,1.0,2000.0
Server3_739,Server3_1519,1.0,2000.0
Server3_1519,Server3_739,1.0,2000.0
Server3_739,Server3_1674,1.0,2000.0
Server3_1674,Server3_739,1.0,2000.0
Server3_835,Server3_873,1.0,2000.0
Server3_873,Server3_835,1.0,2000.0
Server3_835,Server3_824,1.0,2000.0
Server3_824,Server3_835,1.0,2000.0
Server3_227,Server3_161,1.0,2000.0
Server3_161,Server3_227,1.0,2000.0
Server3_227,Server3_297,1.0,2000.0
Server3_297,Server3_227,1.0,2000.0
Server3_227,Server3_1334,1.0,2000.0
Server3_1334,Server3_227,1.0,2000.0
Server3_227,Server3_123,1.0,2000.0
Server3_123,Server3_227,1.0,2000.0
Server3_1177,Server3_1666,1.0,2000.0
Server3_1666,Server3_1177,1.0,2000.0
Server3_1177,Server3_280,1.0,2000.0
Server3_280,Server3_1177,1.0,2000.0
Server3_1177,Server3_1387,1.0,2000.0
Server3_1387,Server3_1177,1.0,2000.0
Server3_616,Server3_307,1.0,2000.0
Server3_307,Server3_616,1.0,2000.0
Server3_616,Server3_1360,1.0,2000.0
Server3_1360,Server3_616,1.0,2000.0
Server3_616,Server3_1782,1.0,2000.0
Server3_1782,Server3_616,1.0,2000.0
Server3_1530,Server3_2,1.0,2000.0
Server3_2,Server3_1530,1.0,2000.0
Server3_1530,Server3_350,1.0,2000.0
Server3_350,Server3_1530,1.0,2000.0
Server3_1530,Server3_1895,1.0,2000.0
Server3_1895,Server3_1530,1.0,2000.0
Server3_1530,Server3_636,1.0,2000.0
Server3_636,Server3_1530,1.0,2000.0
Server3_1067,Server3_1539,1.0,2000.0
Server3_1539,Server3_1067,1.0,2000.0
Server3_1067,Server3_1871,1.0,2000.0
Server3_1871,Server3_1067,1.0,2000.0
Server3_1067,Server3_1286,1.0,2000.0
Server3_1286,Server3_1067,1.0,2000.0
Server3_1067,Server3_1551,1.0,2000.0
Server3_1551,Server3_1067,1.0,2000.0
Server3_290,Server3_477,1.0,2000.0
Server3_477,Server3_290,1.0,2000.0
Server3_290,Server3_1941,1.0,2000.0
Server3_1941,Server3_290,1.0,2000.0
Server3_290,Server3_294,1.0,2000.0
Server3_294,Server3_290,1.0,2000.0
Server3_290,Server3_1901,1.0,2000.0
Server3_1901,Server3_290,1.0,2000.0
Server3_741,Server3_397,1.0,2000.0
Server3_397,Server3_741,1.0,2000.0
Server3_741,Server3_525,1.0,2000.0
Server3_525,Server3_741,1.0,2000.0
Server3_741,Server3_402,1.0,2000.0
Server3_402,Server3_741,1.0,2000.0
Server3_741,Server3_915,1.0,2000.0
Server3_915,Server3_741,1.0,2000.0
Server3_745,Server3_1927,1.0,2000.0
Server3_1927,Server3_745,1.0,2000.0
Server3_745,Server3_513,1.0,2000.0
Server3_513,Server3_745,1.0,2000.0
Server3_745,Server3_657,1.0,2000.0
Server3_657,Server3_745,1.0,2000.0
Server3_745,Server3_1299,1.0,2000.0
Server3_1299,Server3_745,1.0,2000.0
Server3_1781,Server3_1248,1.0,2000.0
Server3_1248,Server3_1781,1.0,2000.0
Server3_1781,Server3_968,1.0,2000.0
Server3_968,Server3_1781,1.0,2000.0
Server3_1374,Server3_1235,1.0,2000.0
Server3_1235,Server3_1374,1.0,2000.0
Server3_1374,Server3_447,1.0,2000.0
Server3_447,Server3_1374,1.0,2000.0
Server3_1374,Server3_932,1.0,2000.0
Server3_932,Server3_1374,1.0,2000.0
Server3_622,Server3_862,1.0,2000.0
Server3_862,Server3_622,1.0,2000.0
Server3_622,Server3_1060,1.0,2000.0
Server3_1060,Server3_622,1.0,2000.0
Server3_1083,Server3_1626,1.0,2000.0
Server3_1626,Server3_1083,1.0,2000.0
Server3_1083,Server3_535,1.0,2000.0
Server3_535,Server3_1083,1.0,2000.0
Server3_1083,Server3_1711,1.0,2000.0
Server3_1711,Server3_1083,1.0,2000.0
Server3_1169,Server3_1959,1.0,2000.0
Server3_1959,Server3_1169,1.0,2000.0
Server3_1169,Server3_183,1.0,2000.0
Server3_183,Server3_1169,1.0,2000.0
Server3_1715,Server3_429,1.0,2000.0
Server3_429,Server3_1715,1.0,2000.0
Server3_1715,Server3_373,1.0,2000.0
Server3_373,Server3_1715,1.0,2000.0
Server3_1715,Server3_914,1.0,2000.0
Server3_914,Server3_1715,1.0,2000.0
Server3_855,Server3_410,1.0,2000.0
Server3_410,Server3_855,1.0,2000.0
Server3_855,Server3_1621,1.0,2000.0
Server3_1621,Server3_855,1.0,2000.0
Server3_855,Server3_1974,1.0,2000.0
Server3_1974,Server3_855,1.0,2000.0
Server3_855,Server3_1815,1.0,2000.0
Server3_1815,Server3_855,1.0,2000.0
Server3_283,Server3_1911,1.0,2000.0
Server3_1911,Server3_283,1.0,2000.0
Server3_283,Server3_1316,1.0,2000.0
Server3_1316,Server3_283,1.0,2000.0
Server3_283,Server3_1212,1.0,2000.0
Server3_1212,Server3_283,1.0,2000.0
Server3_283,Server3_1950,1.0,2000.0
Server3_1950,Server3_283,1.0,2000.0
Server3_167,Server3_1468,1.0,2000.0
Server3_1468,Server3_167,1.0,2000.0
Server3_167,Server3_1138,1.0,2000.0
Server3_1138,Server3_167,1.0,2000.0
Server3_1417,Server3_1637,1.0,2000.0
Server3_1637,Server3_1417,1.0,2000.0
Server3_1417,Server3_288,1.0,2000.0
Server3_288,Server3_1417,1.0,2000.0
Server3_1417,Server3_324,1.0,2000.0
Server3_324,Server3_1417,1.0,2000.0
Server3_1417,Server3_1959,1.0,2000.0
Server3_1959,Server3_1417,1.0,2000.0
Server3_1406,Server3_129,1.0,2000.0
Server3_129,Server3_1406,1.0,2000.0
Server3_1406,Server3_1627,1.0,2000.0
Server3_1627,Server3_1406,1.0,2000.0
Server3_70,Server3_553,1.0,2000.0
Server3_553,Server3_70,1.0,2000.0
Server3_70,Server3_1453,1.0,2000.0
Server3_1453,Server3_70,1.0,2000.0
Server3_70,Server3_1093,1.0,2000.0
Server3_1093,Server3_70,1.0,2000.0
Server3_70,Server3_1019,1.0,2000.0
Server3_1019,Server3_70,1.0,2000.0
Server3_648,Server3_250,1.0,2000.0
Server3_250,Server3_648,1.0,2000.0
Server3_648,Server3_711,1.0,2000.0
Server3_711,Server3_648,1.0,2000.0
Server3_1441,Server3_1721,1.0,2000.0
Server3_1721,Server3_1441,1.0,2000.0
Server3_1441,Server3_632,1.0,2000.0
Server3_632,Server3_1441,1.0,2000.0
Server3_1441,Server3_1090,1.0,2000.0
Server3_1090,Server3_1441,1.0,2000.0
Server3_947,Server3_940,1.0,2000.0
Server3_940,Server3_947,1.0,2000.0
Server3_947,Server3_125,1.0,2000.0
Server3_125,Server3_947,1.0,2000.0
Server3_947,Server3_530,1.0,2000.0
Server3_530,Server3_947,1.0,2000.0
Server3_947,Server3_975,1.0,2000.0
Server3_975,Server3_947,1.0,2000.0
Server3_1299,Server3_442,1.0,2000.0
Server3_442,Server3_1299,1.0,2000.0
Server3_1299,Server3_718,1.0,2000.0
Server3_718,Server3_1299,1.0,2000.0
Server3_1299,Server3_1918,1.0,2000.0
Server3_1918,Server3_1299,1.0,2000.0
Server3_977,Server3_1712,1.0,2000.0
Server3_1712,Server3_977,1.0,2000.0
Server3_977,Server3_44,1.0,2000.0
Server3_44,Server3_977,1.0,2000.0
Server3_977,Server3_1085,1.0,2000.0
Server3_1085,Server3_977,1.0,2000.0
Server3_659,Server3_1582,1.0,2000.0
Server3_1582,Server3_659,1.0,2000.0
Server3_659,Server3_178,1.0,2000.0
Server3_178,Server3_659,1.0,2000.0
Server3_659,Server3_971,1.0,2000.0
Server3_971,Server3_659,1.0,2000.0
Server3_814,Server3_1552,1.0,2000.0
Server3_1552,Server3_814,1.0,2000.0
Server3_814,Server3_1066,1.0,2000.0
Server3_1066,Server3_814,1.0,2000.0
Server3_757,Server3_1847,1.0,2000.0
Server3_1847,Server3_757,1.0,2000.0
Server3_757,Server3_115,1.0,2000.0
Server3_115,Server3_757,1.0,2000.0
Server3_757,Server3_1511,1.0,2000.0
Server3_1511,Server3_757,1.0,2000.0
Server3_117,Server3_524,1.0,2000.0
Server3_524,Server3_117,1.0,2000.0
Server3_117,Server3_120,1.0,2000.0
Server3_120,Server3_117,1.0,2000.0
Server3_117,Server3_531,1.0,2000.0
Server3_531,Server3_117,1.0,2000.0
Server3_1669,Server3_1792,1.0,2000.0
Server3_1792,Server3_1669,1.0,2000.0
Server3_1669,Server3_735,1.0,2000.0
Server3_735,Server3_1669,1.0,2000.0
Server3_1669,Server3_8,1.0,2000.0
Server3_8,Server3_1669,1.0,2000.0
Server3_1669,Server3_1264,1.0,2000.0
Server3_1264,Server3_1669,1.0,2000.0
Server3_406,Server3_368,1.0,2000.0
Server3_368,Server3_406,1.0,2000.0
Server3_406,Server3_290,1.0,2000.0
Server3_290,Server3_406,1.0,2000.0
Server3_1621,Server3_560,1.0,2000.0
Server3_560,Server3_1621,1.0,2000.0
Server3_785,Server3_429,1.0,2000.0
Server3_429,Server3_785,1.0,2000.0
Server3_785,Server3_98,1.0,2000.0
Server3_98,Server3_785,1.0,2000.0
Server3_785,Server3_424,1.0,2000.0
Server3_424,Server3_785,1.0,2000.0
Server3_407,Server3_1867,1.0,2000.0
Server3_1867,Server3_407,1.0,2000.0
Server3_407,Server3_1929,1.0,2000.0
Server3_1929,Server3_407,1.0,2000.0
Server3_407,Server3_1331,1.0,2000.0
Server3_1331,Server3_407,1.0,2000.0
Server3_407,Server3_1192,1.0,2000.0
Server3_1192,Server3_407,1.0,2000.0
Server3_1927,Server3_944,1.0,2000.0
Server3_944,Server3_1927,1.0,2000.0
Server3_1927,Server3_513,1.0,2000.0
Server3_513,Server3_1927,1.0,2000.0
Server3_1927,Server3_1844,1.0,2000.0
Server3_1844,Server3_1927,1.0,2000.0
Server3_1450,Server3_1875,1.0,2000.0
Server3_1875,Server3_1450,1.0,2000.0
Server3_1450,Server3_220,1.0,2000.0
Server3_220,Server3_1450,1.0,2000.0
Server3_1805,Server3_935,1.0,2000.0
Server3_935,Server3_1805,1.0,2000.0
Server3_1805,Server3_238,1.0,2000.0
Server3_238,Server3_1805,1.0,2000.0
Server3_1805,Server3_1326,1.0,2000.0
Server3_1326,Server3_1805,1.0,2000.0
Server3_1805,Server3_184,1.0,2000.0
Server3_184,Server3_1805,1.0,2000.0
Server3_1939,Server3_925,1.0,2000.0
Server3_925,Server3_1939,1.0,2000.0
Server3_1939,Server3_260,1.0,2000.0
Server3_260,Server3_1939,1.0,2000.0
Server3_909,Server3_714,1.0,2000.0
Server3_714,Server3_909,1.0,2000.0
Server3_909,Server3_1473,1.0,2000.0
Server3_1473,Server3_909,1.0,2000.0
Server3_909,Server3_1506,1.0,2000.0
Server3_1506,Server3_909,1.0,2000.0
Server3_732,Server3_1402,1.0,2000.0
Server3_1402,Server3_732,1.0,2000.0
Server3_732,Server3_1167,1.0,2000.0
Server3_1167,Server3_732,1.0,2000.0
Server3_463,Server3_1938,1.0,2000.0
Server3_1938,Server3_463,1.0,2000.0
Server3_463,Server3_43,1.0,2000.0
Server3_43,Server3_463,1.0,2000.0
Server3_329,Server3_981,1.0,2000.0
Server3_981,Server3_329,1.0,2000.0
Server3_329,Server3_703,1.0,2000.0
Server3_703,Server3_329,1.0,2000.0
Server3_329,Server3_1789,1.0,2000.0
Server3_1789,Server3_329,1.0,2000.0
Server3_1273,Server3_1143,1.0,2000.0
Server3_1143,Server3_1273,1.0,2000.0
Server3_1273,Server3_124,1.0,2000.0
Server3_124,Server3_1273,1.0,2000.0
Server3_1273,Server3_1832,1.0,2000.0
Server3_1832,Server3_1273,1.0,2000.0
Server3_242,Server3_568,1.0,2000.0
Server3_568,Server3_242,1.0,2000.0
Server3_242,Server3_1853,1.0,2000.0
Server3_1853,Server3_242,1.0,2000.0
Server3_1973,Server3_1233,1.0,2000.0
Server3_1233,Server3_1973,1.0,2000.0
Server3_1973,Server3_979,1.0,2000.0
Server3_979,Server3_1973,1.0,2000.0
Server3_1973,Server3_640,1.0,2000.0
Server3_640,Server3_1973,1.0,2000.0
Server3_1973,Server3_1369,1.0,2000.0
Server3_1369,Server3_1973,1.0,2000.0
Server3_1315,Server3_1136,1.0,2000.0
Server3_1136,Server3_1315,1.0,2000.0
Server3_1315,Server3_1578,1.0,2000.0
Server3_1578,Server3_1315,1.0,2000.0
Server3_1315,Server3_1994,1.0,2000.0
Server3_1994,Server3_1315,1.0,2000.0
Server3_1369,Server3_1153,1.0,2000.0
Server3_1153,Server3_1369,1.0,2000.0
Server3_1369,Server3_1999,1.0,2000.0
Server3_1999,Server3_1369,1.0,2000.0
Server3_1979,Server3_298,1.0,2000.0
Server3_298,Server3_1979,1.0,2000.0
Server3_1979,Server3_1217,1.0,2000.0
Server3_1217,Server3_1979,1.0,2000.0
Server3_1979,Server3_1836,1.0,2000.0
Server3_1836,Server3_1979,1.0,2000.0
Server3_1979,Server3_1899,1.0,2000.0
Server3_1899,Server3_1979,1.0,2000.0
Server3_872,Server3_1536,1.0,2000.0
Server3_1536,Server3_872,1.0,2000.0
Server3_872,Server3_1821,1.0,2000.0
Server3_1821,Server3_872,1.0,2000.0
Server3_490,Server3_1170,1.0,2000.0
Server3_1170,Server3_490,1.0,2000.0
Server3_490,Server3_1513,1.0,2000.0
Server3_1513,Server3_490,1.0,2000.0
Server3_490,Server3_1666,1.0,2000.0
Server3_1666,Server3_490,1.0,2000.0
Server3_1560,Server3_540,1.0,2000.0
Server3_540,Server3_1560,1.0,2000.0
Server3_1560,Server3_1731,1.0,2000.0
Server3_1731,Server3_1560,1.0,2000.0
Server3_1560,Server3_140,1.0,2000.0
Server3_140,Server3_1560,1.0,2000.0
Server3_870,Server3_709,1.0,2000.0
Server3_709,Server3_870,1.0,2000.0
Server3_870,Server3_196,1.0,2000.0
Server3_196,Server3_870,1.0,2000.0
Server3_1557,Server3_487,1.0,2000.0
Server3_487,Server3_1557,1.0,2000.0
Server3_1557,Server3_648,1.0,2000.0
Server3_648,Server3_1557,1.0,2000.0
Server3_1540,Server3_53,1.0,2000.0
Server3_53,Server3_1540,1.0,2000.0
Server3_1540,Server3_529,1.0,2000.0
Server3_529,Server3_1540,1.0,2000.0
Server3_1540,Server3_1912,1.0,2000.0
Server3_1912,Server3_1540,1.0,2000.0
Server3_1540,Server3_1751,1.0,2000.0
Server3_1751,Server3_1540,1.0,2000.0
Server3_322,Server3_526,1.0,2000.0
Server3_526,Server3_322,1.0,2000.0
Server3_322,Server3_816,1.0,2000.0
Server3_816,Server3_322,1.0,2000.0
Server3_322,Server3_139,1.0,2000.0
Server3_139,Server3_322,1.0,2000.0
Server3_7,Server3_995,1.0,2000.0
Server3_995,Server3_7,1.0,2000.0
Server3_7,Server3_501,1.0,2000.0
Server3_501,Server3_7,1.0,2000.0
Server3_7,Server3_1770,1.0,2000.0
Server3_1770,Server3_7,1.0,2000.0
Server3_1259,Server3_1660,1.0,2000.0
Server3_1660,Server3_1259,1.0,2000.0
Server3_1259,Server3_1851,1.0,2000.0
Server3_1851,Server3_1259,1.0,2000.0
Server3_1259,Server3_430,1.0,2000.0
Server3_430,Server3_1259,1.0,2000.0
Server3_1588,Server3_126,1.0,2000.0
Server3_126,Server3_1588,1.0,2000.0
Server3_1588,Server3_419,1.0,2000.0
Server3_419,Server3_1588,1.0,2000.0
Server3_1588,Server3_351,1.0,2000.0
Server3_351,Server3_1588,1.0,2000.0
Server3_1588,Server3_114,1.0,2000.0
Server3_114,Server3_1588,1.0,2000.0
Server3_1013,Server3_1347,1.0,2000.0
Server3_1347,Server3_1013,1.0,2000.0
Server3_1013,Server3_916,1.0,2000.0
Server3_916,Server3_1013,1.0,2000.0
Server3_1013,Server3_815,1.0,2000.0
Server3_815,Server3_1013,1.0,2000.0
Server3_1013,Server3_1680,1.0,2000.0
Server3_1680,Server3_1013,1.0,2000.0
Server3_902,Server3_690,1.0,2000.0
Server3_690,Server3_902,1.0,2000.0
Server3_902,Server3_1846,1.0,2000.0
Server3_1846,Server3_902,1.0,2000.0
Server3_902,Server3_138,1.0,2000.0
Server3_138,Server3_902,1.0,2000.0
Server3_1869,Server3_1191,1.0,2000.0
Server3_1191,Server3_1869,1.0,2000.0
Server3_1869,Server3_1872,1.0,2000.0
Server3_1872,Server3_1869,1.0,2000.0
Server3_1947,Server3_1829,1.0,2000.0
Server3_1829,Server3_1947,1.0,2000.0
Server3_1947,Server3_63,1.0,2000.0
Server3_63,Server3_1947,1.0,2000.0
Server3_1947,Server3_1130,1.0,2000.0
Server3_1130,Server3_1947,1.0,2000.0
Server3_1687,Server3_1512,1.0,2000.0
Server3_1512,Server3_1687,1.0,2000.0
Server3_1687,Server3_750,1.0,2000.0
Server3_750,Server3_1687,1.0,2000.0
Server3_1692,Server3_191,1.0,2000.0
Server3_191,Server3_1692,1.0,2000.0
Server3_1692,Server3_1643,1.0,2000.0
Server3_1643,Server3_1692,1.0,2000.0
Server3_1692,Server3_1668,1.0,2000.0
Server3_1668,Server3_1692,1.0,2000.0
Server3_190,Server3_1034,1.0,2000.0
Server3_1034,Server3_190,1.0,2000.0
Server3_190,Server3_1462,1.0,2000.0
Server3_1462,Server3_190,1.0,2000.0
Server3_1165,Server3_1709,1.0,2000.0
Server3_1709,Server3_1165,1.0,2000.0
Server3_1165,Server3_1210,1.0,2000.0
Server3_1210,Server3_1165,1.0,2000.0
Server3_1860,Server3_1305,1.0,2000.0
Server3_1305,Server3_1860,1.0,2000.0
Server3_1860,Server3_88,1.0,2000.0
Server3_88,Server3_1860,1.0,2000.0
Server3_1860,Server3_440,1.0,2000.0
Server3_440,Server3_1860,1.0,2000.0
Server3_1596,Server3_661,1.0,2000.0
Server3_661,Server3_1596,1.0,2000.0
Server3_1596,Server3_895,1.0,2000.0
Server3_895,Server3_1596,1.0,2000.0
Server3_1228,Server3_1439,1.0,2000.0
Server3_1439,Server3_1228,1.0,2000.0
Server3_1228,Server3_1710,1.0,2000.0
Server3_1710,Server3_1228,1.0,2000.0
Server3_1228,Server3_82,1.0,2000.0
Server3_82,Server3_1228,1.0,2000.0
Server3_1711,Server3_1572,1.0,2000.0
Server3_1572,Server3_1711,1.0,2000.0
Server3_1711,Server3_442,1.0,2000.0
Server3_442,Server3_1711,1.0,2000.0
Server3_1711,Server3_1299,1.0,2000.0
Server3_1299,Server3_1711,1.0,2000.0
Server3_1711,Server3_1706,1.0,2000.0
Server3_1706,Server3_1711,1.0,2000.0
Server3_321,Server3_1125,1.0,2000.0
Server3_1125,Server3_321,1.0,2000.0
Server3_321,Server3_85,1.0,2000.0
Server3_85,Server3_321,1.0,2000.0
Server3_1397,Server3_986,1.0,2000.0
Server3_986,Server3_1397,1.0,2000.0
Server3_1397,Server3_941,1.0,2000.0
Server3_941,Server3_1397,1.0,2000.0
Server3_1397,Server3_1671,1.0,2000.0
Server3_1671,Server3_1397,1.0,2000.0
Server3_1166,Server3_614,1.0,2000.0
Server3_614,Server3_1166,1.0,2000.0
Server3_1166,Server3_389,1.0,2000.0
Server3_389,Server3_1166,1.0,2000.0
Server3_1166,Server3_1361,1.0,2000.0
Server3_1361,Server3_1166,1.0,2000.0
Server3_1166,Server3_84,1.0,2000.0
Server3_84,Server3_1166,1.0,2000.0
Server3_1251,Server3_646,1.0,2000.0
Server3_646,Server3_1251,1.0,2000.0
Server3_1251,Server3_1726,1.0,2000.0
Server3_1726,Server3_1251,1.0,2000.0
Server3_1251,Server3_1507,1.0,2000.0
Server3_1507,Server3_1251,1.0,2000.0
Server3_1251,Server3_1051,1.0,2000.0
Server3_1051,Server3_1251,1.0,2000.0
Server3_1249,Server3_1753,1.0,2000.0
Server3_1753,Server3_1249,1.0,2000.0
Server3_1249,Server3_81,1.0,2000.0
Server3_81,Server3_1249,1.0,2000.0
Server3_1249,Server3_1147,1.0,2000.0
Server3_1147,Server3_1249,1.0,2000.0
Server3_1249,Server3_421,1.0,2000.0
Server3_421,Server3_1249,1.0,2000.0
Server3_1664,Server3_165,1.0,2000.0
Server3_165,Server3_1664,1.0,2000.0
Server3_1664,Server3_1692,1.0,2000.0
Server3_1692,Server3_1664,1.0,2000.0
Server3_1280,Server3_1992,1.0,2000.0
Server3_1992,Server3_1280,1.0,2000.0
Server3_1280,Server3_1225,1.0,2000.0
Server3_1225,Server3_1280,1.0,2000.0
Server3_1280,Server3_624,1.0,2000.0
Server3_624,Server3_1280,1.0,2000.0
Server3_1391,Server3_1018,1.0,2000.0
Server3_1018,Server3_1391,1.0,2000.0
Server3_1391,Server3_263,1.0,2000.0
Server3_263,Server3_1391,1.0,2000.0
Server3_1391,Server3_1699,1.0,2000.0
Server3_1699,Server3_1391,1.0,2000.0
Server3_846,Server3_1586,1.0,2000.0
Server3_1586,Server3_846,1.0,2000.0
Server3_846,Server3_1199,1.0,2000.0
Server3_1199,Server3_846,1.0,2000.0
Server3_846,Server3_12,1.0,2000.0
Server3_12,Server3_846,1.0,2000.0
Server3_846,Server3_460,1.0,2000.0
Server3_460,Server3_846,1.0,2000.0
Server3_660,Server3_240,1.0,2000.0
Server3_240,Server3_660,1.0,2000.0
Server3_660,Server3_1688,1.0,2000.0
Server3_1688,Server3_660,1.0,2000.0
Server3_660,Server3_1547,1.0,2000.0
Server3_1547,Server3_660,1.0,2000.0
Server3_660,Server3_1146,1.0,2000.0
Server3_1146,Server3_660,1.0,2000.0
Server3_299,Server3_340,1.0,2000.0
Server3_340,Server3_299,1.0,2000.0
Server3_299,Server3_1954,1.0,2000.0
Server3_1954,Server3_299,1.0,2000.0
Server3_299,Server3_899,1.0,2000.0
Server3_899,Server3_299,1.0,2000.0
Server3_149,Server3_1968,1.0,2000.0
Server3_1968,Server3_149,1.0,2000.0
Server3_149,Server3_967,1.0,2000.0
Server3_967,Server3_149,1.0,2000.0
Server3_1236,Server3_516,1.0,2000.0
Server3_516,Server3_1236,1.0,2000.0
Server3_1236,Server3_399,1.0,2000.0
Server3_399,Server3_1236,1.0,2000.0
Server3_1365,Server3_564,1.0,2000.0
Server3_564,Server3_1365,1.0,2000.0
Server3_1365,Server3_662,1.0,2000.0
Server3_662,Server3_1365,1.0,2000.0
Server3_1365,Server3_1896,1.0,2000.0
Server3_1896,Server3_1365,1.0,2000.0
Server3_332,Server3_520,1.0,2000.0
Server3_520,Server3_332,1.0,2000.0
Server3_332,Server3_1444,1.0,2000.0
Server3_1444,Server3_332,1.0,2000.0
Server3_332,Server3_330,1.0,2000.0
Server3_330,Server3_332,1.0,2000.0
Server3_1892,Server3_175,1.0,2000.0
Server3_175,Server3_1892,1.0,2000.0
Server3_1892,Server3_1562,1.0,2000.0
Server3_1562,Server3_1892,1.0,2000.0
Server3_1892,Server3_617,1.0,2000.0
Server3_617,Server3_1892,1.0,2000.0
Server3_1745,Server3_436,1.0,2000.0
Server3_436,Server3_1745,1.0,2000.0
Server3_1745,Server3_1905,1.0,2000.0
Server3_1905,Server3_1745,1.0,2000.0
Server3_1141,Server3_1954,1.0,2000.0
Server3_1954,Server3_1141,1.0,2000.0
Server3_1141,Server3_69,1.0,2000.0
Server3_69,Server3_1141,1.0,2000.0
Server3_568,Server3_1128,1.0,2000.0
Server3_1128,Server3_568,1.0,2000.0
Server3_568,Server3_48,1.0,2000.0
Server3_48,Server3_568,1.0,2000.0
Server3_265,Server3_137,1.0,2000.0
Server3_137,Server3_265,1.0,2000.0
Server3_265,Server3_806,1.0,2000.0
Server3_806,Server3_265,1.0,2000.0
Server3_1006,Server3_528,1.0,2000.0
Server3_528,Server3_1006,1.0,2000.0
Server3_1006,Server3_667,1.0,2000.0
Server3_667,Server3_1006,1.0,2000.0
Server3_1006,Server3_191,1.0,2000.0
Server3_191,Server3_1006,1.0,2000.0
Server3_1006,Server3_1270,1.0,2000.0
Server3_1270,Server3_1006,1.0,2000.0
Server3_1482,Server3_210,1.0,2000.0
Server3_210,Server3_1482,1.0,2000.0
Server3_1482,Server3_265,1.0,2000.0
Server3_265,Server3_1482,1.0,2000.0
Server3_1482,Server3_1860,1.0,2000.0
Server3_1860,Server3_1482,1.0,2000.0
Server3_1482,Server3_1599,1.0,2000.0
Server3_1599,Server3_1482,1.0,2000.0
Server3_581,Server3_168,1.0,2000.0
Server3_168,Server3_581,1.0,2000.0
Server3_581,Server3_1964,1.0,2000.0
Server3_1964,Server3_581,1.0,2000.0
Server3_1794,Server3_965,1.0,2000.0
Server3_965,Server3_1794,1.0,2000.0
Server3_1794,Server3_242,1.0,2000.0
Server3_242,Server3_1794,1.0,2000.0
Server3_1794,Server3_318,1.0,2000.0
Server3_318,Server3_1794,1.0,2000.0
Server3_1794,Server3_1386,1.0,2000.0
Server3_1386,Server3_1794,1.0,2000.0
Server3_998,Server3_1506,1.0,2000.0
Server3_1506,Server3_998,1.0,2000.0
Server3_998,Server3_714,1.0,2000.0
Server3_714,Server3_998,1.0,2000.0
Server3_1476,Server3_1547,1.0,2000.0
Server3_1547,Server3_1476,1.0,2000.0
Server3_1476,Server3_1743,1.0,2000.0
Server3_1743,Server3_1476,1.0,2000.0
Server3_1476,Server3_734,1.0,2000.0
Server3_734,Server3_1476,1.0,2000.0
Server3_65,Server3_1508,1.0,2000.0
Server3_1508,Server3_65,1.0,2000.0
Server3_65,Server3_1431,1.0,2000.0
Server3_1431,Server3_65,1.0,2000.0
Server3_65,Server3_1198,1.0,2000.0
Server3_1198,Server3_65,1.0,2000.0
Server3_65,Server3_1205,1.0,2000.0
Server3_1205,Server3_65,1.0,2000.0
Server3_530,Server3_437,1.0,2000.0
Server3_437,Server3_530,1.0,2000.0
Server3_530,Server3_782,1.0,2000.0
Server3_782,Server3_530,1.0,2000.0
Server3_530,Server3_975,1.0,2000.0
Server3_975,Server3_530,1.0,2000.0
Server3_1133,Server3_495,1.0,2000.0
Server3_495,Server3_1133,1.0,2000.0
Server3_1133,Server3_58,1.0,2000.0
Server3_58,Server3_1133,1.0,2000.0
Server3_1133,Server3_1094,1.0,2000.0
Server3_1094,Server3_1133,1.0,2000.0
Server3_1570,Server3_105,1.0,2000.0
Server3_105,Server3_1570,1.0,2000.0
Server3_1570,Server3_436,1.0,2000.0
Server3_436,Server3_1570,1.0,2000.0
Server3_1570,Server3_293,1.0,2000.0
Server3_293,Server3_1570,1.0,2000.0
Server3_1570,Server3_774,1.0,2000.0
Server3_774,Server3_1570,1.0,2000.0
Server3_1469,Server3_1392,1.0,2000.0
Server3_1392,Server3_1469,1.0,2000.0
Server3_1469,Server3_1203,1.0,2000.0
Server3_1203,Server3_1469,1.0,2000.0
Server3_1469,Server3_343,1.0,2000.0
Server3_343,Server3_1469,1.0,2000.0
Server3_765,Server3_477,1.0,2000.0
Server3_477,Server3_765,1.0,2000.0
Server3_765,Server3_1889,1.0,2000.0
Server3_1889,Server3_765,1.0,2000.0
Server3_1546,Server3_1025,1.0,2000.0
Server3_1025,Server3_1546,1.0,2000.0
Server3_1546,Server3_1886,1.0,2000.0
Server3_1886,Server3_1546,1.0,2000.0
Server3_1546,Server3_193,1.0,2000.0
Server3_193,Server3_1546,1.0,2000.0
Server3_1546,Server3_1351,1.0,2000.0
Server3_1351,Server3_1546,1.0,2000.0
Server3_210,Server3_1894,1.0,2000.0
Server3_1894,Server3_210,1.0,2000.0
Server3_1158,Server3_1401,1.0,2000.0
Server3_1401,Server3_1158,1.0,2000.0
Server3_1158,Server3_1675,1.0,2000.0
Server3_1675,Server3_1158,1.0,2000.0
Server3_1158,Server3_1579,1.0,2000.0
Server3_1579,Server3_1158,1.0,2000.0
Server3_502,Server3_1897,1.0,2000.0
Server3_1897,Server3_502,1.0,2000.0
Server3_502,Server3_437,1.0,2000.0
Server3_437,Server3_502,1.0,2000.0
Server3_216,Server3_1039,1.0,2000.0
Server3_1039,Server3_216,1.0,2000.0
Server3_216,Server3_25,1.0,2000.0
Server3_25,Server3_216,1.0,2000.0
Server3_216,Server3_1012,1.0,2000.0
Server3_1012,Server3_216,1.0,2000.0
Server3_216,Server3_1869,1.0,2000.0
Server3_1869,Server3_216,1.0,2000.0
Server3_1917,Server3_253,1.0,2000.0
Server3_253,Server3_1917,1.0,2000.0
Server3_1917,Server3_1012,1.0,2000.0
Server3_1012,Server3_1917,1.0,2000.0
Server3_1917,Server3_261,1.0,2000.0
Server3_261,Server3_1917,1.0,2000.0
Server3_790,Server3_1035,1.0,2000.0
Server3_1035,Server3_790,1.0,2000.0
Server3_790,Server3_826,1.0,2000.0
Server3_826,Server3_790,1.0,2000.0
Server3_790,Server3_1940,1.0,2000.0
Server3_1940,Server3_790,1.0,2000.0
Server3_790,Server3_758,1.0,2000.0
Server3_758,Server3_790,1.0,2000.0
Server3_815,Server3_35,1.0,2000.0
Server3_35,Server3_815,1.0,2000.0
Server3_815,Server3_219,1.0,2000.0
Server3_219,Server3_815,1.0,2000.0
Server3_488,Server3_75,1.0,2000.0
Server3_75,Server3_488,1.0,2000.0
Server3_488,Server3_1705,1.0,2000.0
Server3_1705,Server3_488,1.0,2000.0
Server3_488,Server3_573,1.0,2000.0
Server3_573,Server3_488,1.0,2000.0
Server3_1817,Server3_1055,1.0,2000.0
Server3_1055,Server3_1817,1.0,2000.0
Server3_1817,Server3_1546,1.0,2000.0
Server3_1546,Server3_1817,1.0,2000.0
Server3_1824,Server3_679,1.0,2000.0
Server3_679,Server3_1824,1.0,2000.0
Server3_1824,Server3_563,1.0,2000.0
Server3_563,Server3_1824,1.0,2000.0
Server3_1824,Server3_440,1.0,2000.0
Server3_440,Server3_1824,1.0,2000.0
Server3_1498,Server3_1456,1.0,2000.0
Server3_1456,Server3_1498,1.0,2000.0
Server3_1498,Server3_111,1.0,2000.0
Server3_111,Server3_1498,1.0,2000.0
Server3_848,Server3_171,1.0,2000.0
Server3_171,Server3_848,1.0,2000.0
Server3_848,Server3_976,1.0,2000.0
Server3_976,Server3_848,1.0,2000.0
Server3_848,Server3_1812,1.0,2000.0
Server3_1812,Server3_848,1.0,2000.0
Server3_1858,Server3_1379,1.0,2000.0
Server3_1379,Server3_1858,1.0,2000.0
Server3_1858,Server3_106,1.0,2000.0
Server3_106,Server3_1858,1.0,2000.0
Server3_1068,Server3_1460,1.0,2000.0
Server3_1460,Server3_1068,1.0,2000.0
Server3_1068,Server3_1037,1.0,2000.0
Server3_1037,Server3_1068,1.0,2000.0
Server3_1068,Server3_488,1.0,2000.0
Server3_488,Server3_1068,1.0,2000.0
Server3_1037,Server3_1653,1.0,2000.0
Server3_1653,Server3_1037,1.0,2000.0
Server3_1037,Server3_1460,1.0,2000.0
Server3_1460,Server3_1037,1.0,2000.0
Server3_1037,Server3_223,1.0,2000.0
Server3_223,Server3_1037,1.0,2000.0
Server3_541,Server3_1859,1.0,2000.0
Server3_1859,Server3_541,1.0,2000.0
Server3_541,Server3_1240,1.0,2000.0
Server3_1240,Server3_541,1.0,2000.0
Server3_1302,Server3_1940,1.0,2000.0
Server3_1940,Server3_1302,1.0,2000.0
Server3_1302,Server3_723,1.0,2000.0
Server3_723,Server3_1302,1.0,2000.0
Server3_1302,Server3_1048,1.0,2000.0
Server3_1048,Server3_1302,1.0,2000.0
Server3_1302,Server3_208,1.0,2000.0
Server3_208,Server3_1302,1.0,2000.0
Server3_1999,Server3_1233,1.0,2000.0
Server3_1233,Server3_1999,1.0,2000.0
Server3_1999,Server3_1855,1.0,2000.0
Server3_1855,Server3_1999,1.0,2000.0
Server3_1999,Server3_672,1.0,2000.0
Server3_672,Server3_1999,1.0,2000.0
Server3_1836,Server3_1722,1.0,2000.0
Server3_1722,Server3_1836,1.0,2000.0
Server3_1836,Server3_1049,1.0,2000.0
Server3_1049,Server3_1836,1.0,2000.0
Server3_1836,Server3_1217,1.0,2000.0
Server3_1217,Server3_1836,1.0,2000.0
Server3_1836,Server3_27,1.0,2000.0
Server3_27,Server3_1836,1.0,2000.0
Server3_259,Server3_544,1.0,2000.0
Server3_544,Server3_259,1.0,2000.0
Server3_259,Server3_31,1.0,2000.0
Server3_31,Server3_259,1.0,2000.0
Server3_259,Server3_282,1.0,2000.0
Server3_282,Server3_259,1.0,2000.0
Server3_1016,Server3_632,1.0,2000.0
Server3_632,Server3_1016,1.0,2000.0
Server3_1016,Server3_889,1.0,2000.0
Server3_889,Server3_1016,1.0,2000.0
Server3_522,Server3_359,1.0,2000.0
Server3_359,Server3_522,1.0,2000.0
Server3_522,Server3_1234,1.0,2000.0
Server3_1234,Server3_522,1.0,2000.0
Server3_522,Server3_953,1.0,2000.0
Server3_953,Server3_522,1.0,2000.0
Server3_1983,Server3_177,1.0,2000.0
Server3_177,Server3_1983,1.0,2000.0
Server3_1983,Server3_20,1.0,2000.0
Server3_20,Server3_1983,1.0,2000.0
Server3_1983,Server3_1057,1.0,2000.0
Server3_1057,Server3_1983,1.0,2000.0
Server3_1909,Server3_631,1.0,2000.0
Server3_631,Server3_1909,1.0,2000.0
Server3_1909,Server3_1450,1.0,2000.0
Server3_1450,Server3_1909,1.0,2000.0
Server3_1909,Server3_1345,1.0,2000.0
Server3_1345,Server3_1909,1.0,2000.0
Server3_1909,Server3_195,1.0,2000.0
Server3_195,Server3_1909,1.0,2000.0
Server3_1160,Server3_1540,1.0,2000.0
Server3_1540,Server3_1160,1.0,2000.0
Server3_1160,Server3_529,1.0,2000.0
Server3_529,Server3_1160,1.0,2000.0
Server3_49,Server3_123,1.0,2000.0
Server3_123,Server3_49,1.0,2000.0
Server3_49,Server3_1180,1.0,2000.0
Server3_1180,Server3_49,1.0,2000.0
Server3_49,Server3_24,1.0,2000.0
Server3_24,Server3_49,1.0,2000.0
Server3_617,Server3_175,1.0,2000.0
Server3_175,Server3_617,1.0,2000.0
Server3_617,Server3_1977,1.0,2000.0
Server3_1977,Server3_617,1.0,2000.0
Server3_617,Server3_888,1.0,2000.0
Server3_888,Server3_617,1.0,2000.0
Server3_82,Server3_1132,1.0,2000.0
Server3_1132,Server3_82,1.0,2000.0
Server3_82,Server3_405,1.0,2000.0
Server3_405,Server3_82,1.0,2000.0
Server3_82,Server3_1454,1.0,2000.0
Server3_1454,Server3_82,1.0,2000.0
Server3_1461,Server3_1524,1.0,2000.0
Server3_1524,Server3_1461,1.0,2000.0
Server3_1461,Server3_845,1.0,2000.0
Server3_845,Server3_1461,1.0,2000.0
Server3_122,Server3_1433,1.0,2000.0
Server3_1433,Server3_122,1.0,2000.0
Server3_122,Server3_543,1.0,2000.0
Server3_543,Server3_122,1.0,2000.0
Server3_279,Server3_1063,1.0,2000.0
Server3_1063,Server3_279,1.0,2000.0
Server3_279,Server3_1555,1.0,2000.0
Server3_1555,Server3_279,1.0,2000.0
Server3_279,Server3_1824,1.0,2000.0
Server3_1824,Server3_279,1.0,2000.0
Server3_279,Server3_1723,1.0,2000.0
Server3_1723,Server3_279,1.0,2000.0
Server3_1937,Server3_1632,1.0,2000.0
Server3_1632,Server3_1937,1.0,2000.0
Server3_1937,Server3_1370,1.0,2000.0
Server3_1370,Server3_1937,1.0,2000.0
Server3_1937,Server3_1821,1.0,2000.0
Server3_1821,Server3_1937,1.0,2000.0
Server3_1937,Server3_147,1.0,2000.0
Server3_147,Server3_1937,1.0,2000.0
Server3_718,Server3_657,1.0,2000.0
Server3_657,Server3_718,1.0,2000.0
Server3_718,Server3_1421,1.0,2000.0
Server3_1421,Server3_718,1.0,2000.0
Server3_718,Server3_513,1.0,2000.0
Server3_513,Server3_718,1.0,2000.0
Server3_912,Server3_1212,1.0,2000.0
Server3_1212,Server3_912,1.0,2000.0
Server3_912,Server3_237,1.0,2000.0
Server3_237,Server3_912,1.0,2000.0
Server3_912,Server3_1070,1.0,2000.0
Server3_1070,Server3_912,1.0,2000.0
Server3_912,Server3_1950,1.0,2000.0
Server3_1950,Server3_912,1.0,2000.0
Server3_961,Server3_1653,1.0,2000.0
Server3_1653,Server3_961,1.0,2000.0
Server3_961,Server3_1289,1.0,2000.0
Server3_1289,Server3_961,1.0,2000.0
Server3_99,Server3_1726,1.0,2000.0
Server3_1726,Server3_99,1.0,2000.0
Server3_99,Server3_541,1.0,2000.0
Server3_541,Server3_99,1.0,2000.0
Server3_99,Server3_1769,1.0,2000.0
Server3_1769,Server3_99,1.0,2000.0
Server3_1353,Server3_1392,1.0,2000.0
Server3_1392,Server3_1353,1.0,2000.0
Server3_1353,Server3_418,1.0,2000.0
Server3_418,Server3_1353,1.0,2000.0
Server3_1353,Server3_343,1.0,2000.0
Server3_343,Server3_1353,1.0,2000.0
Server3_445,Server3_24,1.0,2000.0
Server3_24,Server3_445,1.0,2000.0
Server3_445,Server3_1464,1.0,2000.0
Server3_1464,Server3_445,1.0,2000.0
Server3_445,Server3_1033,1.0,2000.0
Server3_1033,Server3_445,1.0,2000.0
Server3_445,Server3_1483,1.0,2000.0
Server3_1483,Server3_445,1.0,2000.0
Server3_956,Server3_298,1.0,2000.0
Server3_298,Server3_956,1.0,2000.0
Server3_956,Server3_1979,1.0,2000.0
Server3_1979,Server3_956,1.0,2000.0
Server3_579,Server3_231,1.0,2000.0
Server3_231,Server3_579,1.0,2000.0
Server3_579,Server3_981,1.0,2000.0
Server3_981,Server3_579,1.0,2000.0
Server3_579,Server3_1440,1.0,2000.0
Server3_1440,Server3_579,1.0,2000.0
Server3_579,Server3_896,1.0,2000.0
Server3_896,Server3_579,1.0,2000.0
Server3_111,Server3_1456,1.0,2000.0
Server3_1456,Server3_111,1.0,2000.0
Server3_353,Server3_272,1.0,2000.0
Server3_272,Server3_353,1.0,2000.0
Server3_353,Server3_205,1.0,2000.0
Server3_205,Server3_353,1.0,2000.0
Server3_1385,Server3_756,1.0,2000.0
Server3_756,Server3_1385,1.0,2000.0
Server3_1385,Server3_1149,1.0,2000.0
Server3_1149,Server3_1385,1.0,2000.0
Server3_1385,Server3_1660,1.0,2000.0
Server3_1660,Server3_1385,1.0,2000.0
Server3_1385,Server3_1372,1.0,2000.0
Server3_1372,Server3_1385,1.0,2000.0
Server3_805,Server3_433,1.0,2000.0
Server3_433,Server3_805,1.0,2000.0
Server3_805,Server3_1652,1.0,2000.0
Server3_1652,Server3_805,1.0,2000.0
Server3_805,Server3_623,1.0,2000.0
Server3_623,Server3_805,1.0,2000.0
Server3_805,Server3_1637,1.0,2000.0
Server3_1637,Server3_805,1.0,2000.0
Server3_254,Server3_968,1.0,2000.0
Server3_968,Server3_254,1.0,2000.0
Server3_254,Server3_582,1.0,2000.0
Server3_582,Server3_254,1.0,2000.0
Server3_254,Server3_1777,1.0,2000.0
Server3_1777,Server3_254,1.0,2000.0
Server3_254,Server3_1044,1.0,2000.0
Server3_1044,Server3_254,1.0,2000.0
Server3_1312,Server3_920,1.0,2000.0
Server3_920,Server3_1312,1.0,2000.0
Server3_1312,Server3_1772,1.0,2000.0
Server3_1772,Server3_1312,1.0,2000.0
Server3_1355,Server3_1162,1.0,2000.0
Server3_1162,Server3_1355,1.0,2000.0
Server3_1355,Server3_1774,1.0,2000.0
Server3_1774,Server3_1355,1.0,2000.0
Server3_1355,Server3_766,1.0,2000.0
Server3_766,Server3_1355,1.0,2000.0
Server3_1355,Server3_960,1.0,2000.0
Server3_960,Server3_1355,1.0,2000.0
Server3_1278,Server3_1798,1.0,2000.0
Server3_1798,Server3_1278,1.0,2000.0
Server3_1278,Server3_1374,1.0,2000.0
Server3_1374,Server3_1278,1.0,2000.0
Server3_187,Server3_1146,1.0,2000.0
Server3_1146,Server3_187,1.0,2000.0
Server3_187,Server3_495,1.0,2000.0
Server3_495,Server3_187,1.0,2000.0
Server3_187,Server3_292,1.0,2000.0
Server3_292,Server3_187,1.0,2000.0
Server3_1362,Server3_1707,1.0,2000.0
Server3_1707,Server3_1362,1.0,2000.0
Server3_1362,Server3_1628,1.0,2000.0
Server3_1628,Server3_1362,1.0,2000.0
Server3_1362,Server3_1830,1.0,2000.0
Server3_1830,Server3_1362,1.0,2000.0
Server3_1321,Server3_1580,1.0,2000.0
Server3_1580,Server3_1321,1.0,2000.0
Server3_1321,Server3_655,1.0,2000.0
Server3_655,Server3_1321,1.0,2000.0
Server3_1321,Server3_664,1.0,2000.0
Server3_664,Server3_1321,1.0,2000.0
Server3_1321,Server3_952,1.0,2000.0
Server3_952,Server3_1321,1.0,2000.0
Server3_1812,Server3_1275,1.0,2000.0
Server3_1275,Server3_1812,1.0,2000.0
Server3_1812,Server3_1984,1.0,2000.0
Server3_1984,Server3_1812,1.0,2000.0
Server3_1812,Server3_1822,1.0,2000.0
Server3_1822,Server3_1812,1.0,2000.0
Server3_1812,Server3_171,1.0,2000.0
Server3_171,Server3_1812,1.0,2000.0
Server3_1301,Server3_17,1.0,2000.0
Server3_17,Server3_1301,1.0,2000.0
Server3_1301,Server3_883,1.0,2000.0
Server3_883,Server3_1301,1.0,2000.0
Server3_1301,Server3_1495,1.0,2000.0
Server3_1495,Server3_1301,1.0,2000.0
Server3_1301,Server3_1620,1.0,2000.0
Server3_1620,Server3_1301,1.0,2000.0
Server3_797,Server3_1554,1.0,2000.0
Server3_1554,Server3_797,1.0,2000.0
Server3_797,Server3_1679,1.0,2000.0
Server3_1679,Server3_797,1.0,2000.0
Server3_797,Server3_465,1.0,2000.0
Server3_465,Server3_797,1.0,2000.0
Server3_797,Server3_1401,1.0,2000.0
Server3_1401,Server3_797,1.0,2000.0
Server3_1720,Server3_472,1.0,2000.0
Server3_472,Server3_1720,1.0,2000.0
Server3_1720,Server3_1671,1.0,2000.0
Server3_1671,Server3_1720,1.0,2000.0
Server3_1720,Server3_1797,1.0,2000.0
Server3_1797,Server3_1720,1.0,2000.0
Server3_1720,Server3_356,1.0,2000.0
Server3_356,Server3_1720,1.0,2000.0
Server3_228,Server3_237,1.0,2000.0
Server3_237,Server3_228,1.0,2000.0
Server3_228,Server3_918,1.0,2000.0
Server3_918,Server3_228,1.0,2000.0
Server3_228,Server3_619,1.0,2000.0
Server3_619,Server3_228,1.0,2000.0
Server3_505,Server3_1485,1.0,2000.0
Server3_1485,Server3_505,1.0,2000.0
Server3_505,Server3_1935,1.0,2000.0
Server3_1935,Server3_505,1.0,2000.0
Server3_505,Server3_638,1.0,2000.0
Server3_638,Server3_505,1.0,2000.0
Server3_505,Server3_1902,1.0,2000.0
Server3_1902,Server3_505,1.0,2000.0
Server3_1718,Server3_593,1.0,2000.0
Server3_593,Server3_1718,1.0,2000.0
Server3_1718,Server3_287,1.0,2000.0
Server3_287,Server3_1718,1.0,2000.0
Server3_653,Server3_153,1.0,2000.0
Server3_153,Server3_653,1.0,2000.0
Server3_653,Server3_1900,1.0,2000.0
Server3_1900,Server3_653,1.0,2000.0
Server3_403,Server3_77,1.0,2000.0
Server3_77,Server3_403,1.0,2000.0
Server3_403,Server3_1221,1.0,2000.0
Server3_1221,Server3_403,1.0,2000.0
Server3_626,Server3_1031,1.0,2000.0
Server3_1031,Server3_626,1.0,2000.0
Server3_626,Server3_1223,1.0,2000.0
Server3_1223,Server3_626,1.0,2000.0
Server3_626,Server3_1418,1.0,2000.0
Server3_1418,Server3_626,1.0,2000.0
Server3_100,Server3_1464,1.0,2000.0
Server3_1464,Server3_100,1.0,2000.0
Server3_100,Server3_50,1.0,2000.0
Server3_50,Server3_100,1.0,2000.0
Server3_962,Server3_431,1.0,2000.0
Server3_431,Server3_962,1.0,2000.0
Server3_962,Server3_1126,1.0,2000.0
Server3_1126,Server3_962,1.0,2000.0
Server3_962,Server3_1596,1.0,2000.0
Server3_1596,Server3_962,1.0,2000.0
Server3_93,Server3_1853,1.0,2000.0
Server3_1853,Server3_93,1.0,2000.0
Server3_93,Server3_693,1.0,2000.0
Server3_693,Server3_93,1.0,2000.0
Server3_93,Server3_568,1.0,2000.0
Server3_568,Server3_93,1.0,2000.0
Server3_1232,Server3_921,1.0,2000.0
Server3_921,Server3_1232,1.0,2000.0
Server3_1232,Server3_635,1.0,2000.0
Server3_635,Server3_1232,1.0,2000.0
Server3_618,Server3_375,1.0,2000.0
Server3_375,Server3_618,1.0,2000.0
Server3_618,Server3_725,1.0,2000.0
Server3_725,Server3_618,1.0,2000.0
Server3_618,Server3_197,1.0,2000.0
Server3_197,Server3_618,1.0,2000.0
Server3_1148,Server3_324,1.0,2000.0
Server3_324,Server3_1148,1.0,2000.0
Server3_1148,Server3_433,1.0,2000.0
Server3_433,Server3_1148,1.0,2000.0
Server3_1148,Server3_1742,1.0,2000.0
Server3_1742,Server3_1148,1.0,2000.0
Server3_1148,Server3_958,1.0,2000.0
Server3_958,Server3_1148,1.0,2000.0
Server3_432,Server3_1160,1.0,2000.0
Server3_1160,Server3_432,1.0,2000.0
Server3_432,Server3_1537,1.0,2000.0
Server3_1537,Server3_432,1.0,2000.0
Server3_1605,Server3_1326,1.0,2000.0
Server3_1326,Server3_1605,1.0,2000.0
Server3_1605,Server3_1746,1.0,2000.0
Server3_1746,Server3_1605,1.0,2000.0
Server3_1605,Server3_398,1.0,2000.0
Server3_398,Server3_1605,1.0,2000.0
Server3_1605,Server3_977,1.0,2000.0
Server3_977,Server3_1605,1.0,2000.0
Server3_1134,Server3_1758,1.0,2000.0
Server3_1758,Server3_1134,1.0,2000.0
Server3_1134,Server3_1923,1.0,2000.0
Server3_1923,Server3_1134,1.0,2000.0
Server3_1134,Server3_580,1.0,2000.0
Server3_580,Server3_1134,1.0,2000.0
Server3_1128,Server3_1376,1.0,2000.0
Server3_1376,Server3_1128,1.0,2000.0
Server3_1128,Server3_2000,1.0,2000.0
Server3_2000,Server3_1128,1.0,2000.0
Server3_1128,Server3_48,1.0,2000.0
Server3_48,Server3_1128,1.0,2000.0
Server3_1015,Server3_695,1.0,2000.0
Server3_695,Server3_1015,1.0,2000.0
Server3_1015,Server3_1370,1.0,2000.0
Server3_1370,Server3_1015,1.0,2000.0
Server3_572,Server3_859,1.0,2000.0
Server3_859,Server3_572,1.0,2000.0
Server3_572,Server3_1201,1.0,2000.0
Server3_1201,Server3_572,1.0,2000.0
Server3_572,Server3_1064,1.0,2000.0
Server3_1064,Server3_572,1.0,2000.0
Server3_572,Server3_112,1.0,2000.0
Server3_112,Server3_572,1.0,2000.0
Server3_450,Server3_1320,1.0,2000.0
Server3_1320,Server3_450,1.0,2000.0
Server3_450,Server3_1767,1.0,2000.0
Server3_1767,Server3_450,1.0,2000.0
Server3_450,Server3_1640,1.0,2000.0
Server3_1640,Server3_450,1.0,2000.0
Server3_450,Server3_565,1.0,2000.0
Server3_565,Server3_450,1.0,2000.0
Server3_1497,Server3_1642,50.0,0.3717132395784188
Server3_1642,Server3_1497,50.0,0.3717132395784188
Server3_1497,Server3_1552,50.0,0.4108306735549018
Server3_1552,Server3_1497,50.0,0.4108306735549018
Server3_1497,Server3_111,1.0,2000.0
Server3_111,Server3_1497,1.0,2000.0
Server3_1497,Server3_1554,50.0,0.5034363588301616
Server3_1554,Server3_1497,50.0,0.5034363588301616
Server3_1113,Server3_175,50.0,0.4300112643723826
Server3_175,Server3_1113,50.0,0.4300112643723826
Server3_1113,Server3_1562,50.0,0.4202456755723496
Server3_1562,Server3_1113,50.0,0.4202456755723496
Server3_1113,Server3_1977,50.0,0.3809076966767414
Server3_1977,Server3_1113,50.0,0.3809076966767414
Server3_1113,Server3_201,50.0,0.3236624020199714
Server3_201,Server3_1113,50.0,0.3236624020199714
Server3_1969,Server3_101,50.0,0.3232032002836458
Server3_101,Server3_1969,50.0,0.3232032002836458
Server3_1969,Server3_390,50.0,0.3844415286010477
Server3_390,Server3_1969,50.0,0.3844415286010477
Server3_1971,Server3_1169,1.0,2000.0
Server3_1169,Server3_1971,1.0,2000.0
Server3_1971,Server3_1742,50.0,0.6045746798667951
Server3_1742,Server3_1971,50.0,0.6045746798667951
Server3_1971,Server3_245,50.0,0.5142854391254792
Server3_245,Server3_1971,50.0,0.5142854391254792
Server3_1971,Server3_388,50.0,0.374752631347245
Server3_388,Server3_1971,50.0,0.374752631347245
Server3_1048,Server3_723,50.0,0.5078842925855698
Server3_723,Server3_1048,50.0,0.5078842925855698
Server3_1048,Server3_1238,50.0,0.4776861415624998
Server3_1238,Server3_1048,50.0,0.4776861415624998
Server3_1079,Server3_752,50.0,0.335867778796691
Server3_752,Server3_1079,50.0,0.335867778796691
Server3_1079,Server3_170,50.0,0.5058275152928385
Server3_170,Server3_1079,50.0,0.5058275152928385
Server3_1915,Server3_1768,50.0,0.283304886132406
Server3_1768,Server3_1915,50.0,0.283304886132406
Server3_1915,Server3_1331,50.0,0.2970801848200697
Server3_1331,Server3_1915,50.0,0.2970801848200697
Server3_1915,Server3_1583,50.0,0.3363320979687332
Server3_1583,Server3_1915,50.0,0.3363320979687332
Server3_783,Server3_1352,50.0,0.3150959832902944
Server3_1352,Server3_783,50.0,0.3150959832902944
Server3_783,Server3_742,50.0,0.3632176319652096
Server3_742,Server3_783,50.0,0.3632176319652096
Server3_783,Server3_1050,50.0,0.40984094824072
Server3_1050,Server3_783,50.0,0.40984094824072
Server3_783,Server3_419,50.0,0.3141391572129682
Server3_419,Server3_783,50.0,0.3141391572129682
Server3_1682,Server3_231,50.0,0.3194860962312482
Server3_231,Server3_1682,50.0,0.3194860962312482
Server3_1682,Server3_461,50.0,0.3850413608866646
Server3_461,Server3_1682,50.0,0.3850413608866646
Server3_1212,Server3_1427,50.0,0.4468093552898884
Server3_1427,Server3_1212,50.0,0.4468093552898884
Server3_1212,Server3_918,50.0,0.3069439061187008
Server3_918,Server3_1212,50.0,0.3069439061187008
Server3_1212,Server3_706,50.0,0.437141520935041
Server3_706,Server3_1212,50.0,0.437141520935041
Server3_1212,Server3_228,1.0,2000.0
Server3_228,Server3_1212,1.0,2000.0
Server3_127,Server3_1445,50.0,0.2819507392194645
Server3_1445,Server3_127,50.0,0.2819507392194645
Server3_127,Server3_1615,50.0,0.4241462683410912
Server3_1615,Server3_127,50.0,0.4241462683410912
Server3_127,Server3_81,50.0,0.3381643207659744
Server3_81,Server3_127,50.0,0.3381643207659744
Server3_127,Server3_1959,50.0,0.4061040026455084
Server3_1959,Server3_127,50.0,0.4061040026455084
Server3_1884,Server3_1608,50.0,0.312163272577748
Server3_1608,Server3_1884,50.0,0.312163272577748
Server3_1884,Server3_556,50.0,0.4093341414378036
Server3_556,Server3_1884,50.0,0.4093341414378036
Server3_1882,Server3_366,50.0,0.4280442484821686
Server3_366,Server3_1882,50.0,0.4280442484821686
Server3_1882,Server3_514,50.0,0.387915890293849
Server3_514,Server3_1882,50.0,0.387915890293849
Server3_1882,Server3_845,50.0,0.4671631505208106
Server3_845,Server3_1882,50.0,0.4671631505208106
Server3_1882,Server3_681,50.0,0.3554164271531896
Server3_681,Server3_1882,50.0,0.3554164271531896
Server3_1679,Server3_1554,50.0,0.4160606261363055
Server3_1554,Server3_1679,50.0,0.4160606261363055
Server3_1679,Server3_652,50.0,0.4772799442953913
Server3_652,Server3_1679,50.0,0.4772799442953913
Server3_160,Server3_1722,50.0,0.4567606388010583
Server3_1722,Server3_160,50.0,0.4567606388010583
Server3_160,Server3_1094,50.0,0.5040525207477201
Server3_1094,Server3_160,50.0,0.5040525207477201
Server3_879,Server3_412,50.0,0.3468626672392488
Server3_412,Server3_879,50.0,0.3468626672392488
Server3_879,Server3_871,50.0,0.4739838347362123
Server3_871,Server3_879,50.0,0.4739838347362123
Server3_879,Server3_229,50.0,0.3716388824642146
Server3_229,Server3_879,50.0,0.3716388824642146
Server3_1418,Server3_128,50.0,0.3545795057542092
Server3_128,Server3_1418,50.0,0.3545795057542092
Server3_1418,Server3_1990,50.0,0.4435240014173548
Server3_1990,Server3_1418,50.0,0.4435240014173548
Server3_1876,Server3_655,50.0,0.5740046773384472
Server3_655,Server3_1876,50.0,0.5740046773384472
Server3_1876,Server3_1752,50.0,0.4130515633085034
Server3_1752,Server3_1876,50.0,0.4130515633085034
Server3_1876,Server3_1267,50.0,0.4857833651906084
Server3_1267,Server3_1876,50.0,0.4857833651906084
Server3_1876,Server3_1686,50.0,0.498381329296978
Server3_1686,Server3_1876,50.0,0.498381329296978
Server3_679,Server3_88,50.0,0.3388977274380494
Server3_88,Server3_679,50.0,0.3388977274380494
Server3_679,Server3_1860,1.0,2000.0
Server3_1860,Server3_679,1.0,2000.0
Server3_679,Server3_440,50.0,0.336314052410285
Server3_440,Server3_679,50.0,0.336314052410285
Server3_1591,Server3_645,50.0,0.36232538956208
Server3_645,Server3_1591,50.0,0.36232538956208
Server3_1591,Server3_1277,50.0,0.3734329822302866
Server3_1277,Server3_1591,50.0,0.3734329822302866
Server3_553,Server3_1453,50.0,0.3794380761425356
Server3_1453,Server3_553,50.0,0.3794380761425356
Server3_553,Server3_313,50.0,0.4290026525354896
Server3_313,Server3_553,50.0,0.4290026525354896
Server3_553,Server3_1115,50.0,0.380599038736626
Server3_1115,Server3_553,50.0,0.380599038736626
Server3_1712,Server3_501,50.0,0.4001107004828497
Server3_501,Server3_1712,50.0,0.4001107004828497
Server3_467,Server3_1565,50.0,0.4578488177089063
Server3_1565,Server3_467,50.0,0.4578488177089063
Server3_467,Server3_1014,50.0,0.5200274073262949
Server3_1014,Server3_467,50.0,0.5200274073262949
Server3_467,Server3_1663,50.0,0.5256277412161672
Server3_1663,Server3_467,50.0,0.5256277412161672
Server3_467,Server3_332,1.0,2000.0
Server3_332,Server3_467,1.0,2000.0
Server3_704,Server3_884,50.0,0.306151385172564
Server3_884,Server3_704,50.0,0.306151385172564
Server3_704,Server3_1726,50.0,0.2858648486263652
Server3_1726,Server3_704,50.0,0.2858648486263652
Server3_1654,Server3_1793,50.0,0.3864368652872436
Server3_1793,Server3_1654,50.0,0.3864368652872436
Server3_1654,Server3_365,50.0,0.3277821066934571
Server3_365,Server3_1654,50.0,0.3277821066934571
Server3_1654,Server3_1140,50.0,0.4065150731165929
Server3_1140,Server3_1654,50.0,0.4065150731165929
Server3_475,Server3_726,50.0,0.3803941591355016
Server3_726,Server3_475,50.0,0.3803941591355016
Server3_475,Server3_1556,50.0,0.3467611644832764
Server3_1556,Server3_475,50.0,0.3467611644832764
Server3_475,Server3_780,50.0,0.3975352099701784
Server3_780,Server3_475,50.0,0.3975352099701784
Server3_528,Server3_159,50.0,0.3717952765986116
Server3_159,Server3_528,50.0,0.3717952765986116
Server3_528,Server3_819,50.0,0.3714069900739367
Server3_819,Server3_528,50.0,0.3714069900739367
Server3_1377,Server3_1185,50.0,0.5578189268164655
Server3_1185,Server3_1377,50.0,0.5578189268164655
Server3_1377,Server3_174,50.0,0.5043807684563262
Server3_174,Server3_1377,50.0,0.5043807684563262
Server3_1377,Server3_372,50.0,0.5669250928000255
Server3_372,Server3_1377,50.0,0.5669250928000255
Server3_1534,Server3_1569,50.0,0.4765351371447575
Server3_1569,Server3_1534,50.0,0.4765351371447575
Server3_1534,Server3_1633,50.0,0.433606335068774
Server3_1633,Server3_1534,50.0,0.433606335068774
Server3_1534,Server3_259,1.0,2000.0
Server3_259,Server3_1534,1.0,2000.0
Server3_1534,Server3_1076,50.0,0.4629398377129156
Server3_1076,Server3_1534,50.0,0.4629398377129156
Server3_524,Server3_857,50.0,0.3912067614016492
Server3_857,Server3_524,50.0,0.3912067614016492
Server3_524,Server3_421,50.0,0.318312128016259
Server3_421,Server3_524,50.0,0.318312128016259
Server3_524,Server3_635,50.0,0.3022194472410265
Server3_635,Server3_524,50.0,0.3022194472410265
Server3_524,Server3_767,50.0,0.4250267845293368
Server3_767,Server3_524,50.0,0.4250267845293368
Server3_1541,Server3_632,50.0,0.35458003644648
Server3_632,Server3_1541,50.0,0.35458003644648
Server3_1541,Server3_1016,1.0,2000.0
Server3_1016,Server3_1541,1.0,2000.0
Server3_1541,Server3_1441,1.0,2000.0
Server3_1441,Server3_1541,1.0,2000.0
Server3_323,Server3_267,50.0,0.3772406071409402
Server3_267,Server3_323,50.0,0.3772406071409402
Server3_323,Server3_25,50.0,0.2766514447424386
Server3_25,Server3_323,50.0,0.2766514447424386
Server3_323,Server3_1012,50.0,0.4394261750553382
Server3_1012,Server3_323,50.0,0.4394261750553382
Server3_323,Server3_216,1.0,2000.0
Server3_216,Server3_323,1.0,2000.0
Server3_456,Server3_193,50.0,0.269110027406922
Server3_193,Server3_456,50.0,0.269110027406922
Server3_456,Server3_303,50.0,0.3500964410541692
Server3_303,Server3_456,50.0,0.3500964410541692
Server3_456,Server3_299,1.0,2000.0
Server3_299,Server3_456,1.0,2000.0
Server3_456,Server3_899,50.0,0.2721100406258737
Server3_899,Server3_456,50.0,0.2721100406258737
Server3_336,Server3_154,50.0,0.5055819032867657
Server3_154,Server3_336,50.0,0.5055819032867657
Server3_336,Server3_882,50.0,0.4774411465729624
Server3_882,Server3_336,50.0,0.4774411465729624
Server3_336,Server3_330,50.0,0.4494220972213324
Server3_330,Server3_336,50.0,0.4494220972213324
Server3_1756,Server3_1715,1.0,2000.0
Server3_1715,Server3_1756,1.0,2000.0
Server3_1756,Server3_792,50.0,0.4640238329768015
Server3_792,Server3_1756,50.0,0.4640238329768015
Server3_1756,Server3_115,50.0,0.4667250137339392
Server3_115,Server3_1756,50.0,0.4667250137339392
Server3_1756,Server3_337,50.0,0.4317316603843773
Server3_337,Server3_1756,50.0,0.4317316603843773
Server3_1492,Server3_1036,50.0,0.3753066238207692
Server3_1036,Server3_1492,50.0,0.3753066238207692
Server3_1492,Server3_768,50.0,0.3452451812884144
Server3_768,Server3_1492,50.0,0.3452451812884144
Server3_1747,Server3_120,50.0,0.3878435389170785
Server3_120,Server3_1747,50.0,0.3878435389170785
Server3_1747,Server3_1753,50.0,0.3696212623779238
Server3_1753,Server3_1747,50.0,0.3696212623779238
Server3_696,Server3_281,50.0,0.4481148822958264
Server3_281,Server3_696,50.0,0.4481148822958264
Server3_696,Server3_1783,50.0,0.391784120245181
Server3_1783,Server3_696,50.0,0.391784120245181
Server3_696,Server3_340,50.0,0.4035651309856682
Server3_340,Server3_696,50.0,0.4035651309856682
Server3_696,Server3_456,50.0,0.3755880181026107
Server3_456,Server3_696,50.0,0.3755880181026107
Server3_1480,Server3_1544,50.0,0.403977642473692
Server3_1544,Server3_1480,50.0,0.403977642473692
Server3_1480,Server3_617,1.0,2000.0
Server3_617,Server3_1480,1.0,2000.0
Server3_1480,Server3_186,50.0,0.3982291281163112
Server3_186,Server3_1480,50.0,0.3982291281163112
Server3_1705,Server3_1653,50.0,0.5029898026846227
Server3_1653,Server3_1705,50.0,0.5029898026846227
Server3_1705,Server3_223,50.0,0.2962504547232513
Server3_223,Server3_1705,50.0,0.2962504547232513
Server3_1705,Server3_1037,1.0,2000.0
Server3_1037,Server3_1705,1.0,2000.0
Server3_1705,Server3_974,50.0,0.5475626956429546
Server3_974,Server3_1705,50.0,0.5475626956429546
Server3_349,Server3_1541,50.0,0.5579357355776295
Server3_1541,Server3_349,50.0,0.5579357355776295
Server3_349,Server3_1016,1.0,2000.0
Server3_1016,Server3_349,1.0,2000.0
Server3_349,Server3_1786,50.0,0.3492836706532048
Server3_1786,Server3_349,50.0,0.3492836706532048
Server3_349,Server3_915,50.0,0.4161059461823613
Server3_915,Server3_349,50.0,0.4161059461823613
Server3_1743,Server3_495,50.0,0.4405621008592332
Server3_495,Server3_1743,50.0,0.4405621008592332
Server3_1743,Server3_1467,50.0,0.3577393102514474
Server3_1467,Server3_1743,50.0,0.3577393102514474
Server3_1683,Server3_275,50.0,0.3366272643467968
Server3_275,Server3_1683,50.0,0.3366272643467968
Server3_1683,Server3_1921,50.0,0.3203886977990014
Server3_1921,Server3_1683,50.0,0.3203886977990014
Server3_1683,Server3_1261,50.0,0.3770838018882695
Server3_1261,Server3_1683,50.0,0.3770838018882695
Server3_619,Server3_1755,50.0,0.4850533669646528
Server3_1755,Server3_619,50.0,0.4850533669646528
Server3_619,Server3_237,50.0,0.3355308652207717
Server3_237,Server3_619,50.0,0.3355308652207717
Server3_619,Server3_1212,50.0,0.4074487051127386
Server3_1212,Server3_619,50.0,0.4074487051127386
Server3_1742,Server3_390,50.0,0.5404630548565681
Server3_390,Server3_1742,50.0,0.5404630548565681
Server3_1742,Server3_324,50.0,0.4499749741217254
Server3_324,Server3_1742,50.0,0.4499749741217254
Server3_365,Server3_1289,50.0,0.4055756914201555
Server3_1289,Server3_365,50.0,0.4055756914201555
Server3_365,Server3_1478,50.0,0.4016081504352144
Server3_1478,Server3_365,50.0,0.4016081504352144
Server3_365,Server3_780,50.0,0.3515858336530976
Server3_780,Server3_365,50.0,0.3515858336530976
Server3_658,Server3_1741,50.0,0.3174724612205666
Server3_1741,Server3_658,50.0,0.3174724612205666
Server3_658,Server3_978,50.0,0.360547450600798
Server3_978,Server3_658,50.0,0.360547450600798
Server3_658,Server3_624,50.0,0.3278007245353088
Server3_624,Server3_658,50.0,0.3278007245353088
Server3_398,Server3_1746,50.0,0.3489313561538749
Server3_1746,Server3_398,50.0,0.3489313561538749
Server3_398,Server3_1724,50.0,0.2885843010577956
Server3_1724,Server3_398,50.0,0.2885843010577956
Server3_1346,Server3_444,50.0,0.3260168201235668
Server3_444,Server3_1346,50.0,0.3260168201235668
Server3_1346,Server3_314,50.0,0.450917979898791
Server3_314,Server3_1346,50.0,0.450917979898791
Server3_2000,Server3_242,1.0,2000.0
Server3_242,Server3_2000,1.0,2000.0
Server3_2000,Server3_1376,50.0,0.4185464047577247
Server3_1376,Server3_2000,50.0,0.4185464047577247
Server3_2000,Server3_1349,50.0,0.5711854087644634
Server3_1349,Server3_2000,50.0,0.5711854087644634
Server3_2000,Server3_568,1.0,2000.0
Server3_568,Server3_2000,1.0,2000.0
Server3_1899,Server3_500,50.0,0.451390800515364
Server3_500,Server3_1899,50.0,0.451390800515364
Server3_1899,Server3_1843,50.0,0.404972086645389
Server3_1843,Server3_1899,50.0,0.404972086645389
Server3_153,Server3_666,50.0,0.3365030056895519
Server3_666,Server3_153,50.0,0.3365030056895519
Server3_153,Server3_490,1.0,2000.0
Server3_490,Server3_153,1.0,2000.0
Server3_22,Server3_1633,50.0,0.4068556343320256
Server3_1633,Server3_22,50.0,0.4068556343320256
Server3_22,Server3_1076,50.0,0.395679512947134
Server3_1076,Server3_22,50.0,0.395679512947134
Server3_22,Server3_589,50.0,0.3943578039806507
Server3_589,Server3_22,50.0,0.3943578039806507
Server3_1045,Server3_1044,50.0,0.4034391062317394
Server3_1044,Server3_1045,50.0,0.4034391062317394
Server3_1045,Server3_163,50.0,0.331950364431655
Server3_163,Server3_1045,50.0,0.331950364431655
Server3_1045,Server3_933,50.0,0.3038946359463655
Server3_933,Server3_1045,50.0,0.3038946359463655
Server3_1095,Server3_350,50.0,0.2874023749078255
Server3_350,Server3_1095,50.0,0.2874023749078255
Server3_1095,Server3_1028,50.0,0.3691762187956089
Server3_1028,Server3_1095,50.0,0.3691762187956089
Server3_1095,Server3_34,50.0,0.269072794304544
Server3_34,Server3_1095,50.0,0.269072794304544
Server3_209,Server3_1644,50.0,0.3838033047149037
Server3_1644,Server3_209,50.0,0.3838033047149037
Server3_209,Server3_371,50.0,0.408073905476659
Server3_371,Server3_209,50.0,0.408073905476659
Server3_209,Server3_1343,50.0,0.3544262519334864
Server3_1343,Server3_209,50.0,0.3544262519334864
Server3_209,Server3_1216,50.0,0.2966087655324818
Server3_1216,Server3_209,50.0,0.2966087655324818
Server3_839,Server3_1913,50.0,0.469873051231422
Server3_1913,Server3_839,50.0,0.469873051231422
Server3_839,Server3_156,50.0,0.4798114406076091
Server3_156,Server3_839,50.0,0.4798114406076091
Server3_1033,Server3_1483,50.0,0.314890239779458
Server3_1483,Server3_1033,50.0,0.314890239779458
Server3_1033,Server3_1628,50.0,0.281838916161252
Server3_1628,Server3_1033,50.0,0.281838916161252
Server3_1033,Server3_1149,50.0,0.3434783441306077
Server3_1149,Server3_1033,50.0,0.3434783441306077
Server3_1213,Server3_538,50.0,0.5559937617673673
Server3_538,Server3_1213,50.0,0.5559937617673673
Server3_1213,Server3_230,50.0,0.4084996837348377
Server3_230,Server3_1213,50.0,0.4084996837348377
Server3_1213,Server3_744,50.0,0.3718556592694842
Server3_744,Server3_1213,50.0,0.3718556592694842
Server3_1213,Server3_798,50.0,0.5453433238117426
Server3_798,Server3_1213,50.0,0.5453433238117426
Server3_143,Server3_1162,50.0,0.3253574530281052
Server3_1162,Server3_143,50.0,0.3253574530281052
Server3_143,Server3_766,50.0,0.3479666932834346
Server3_766,Server3_143,50.0,0.3479666932834346
Server3_143,Server3_1355,1.0,2000.0
Server3_1355,Server3_143,1.0,2000.0
Server3_143,Server3_1774,50.0,0.4797853442190299
Server3_1774,Server3_143,50.0,0.4797853442190299
Server3_802,Server3_1811,50.0,0.371489449178008
Server3_1811,Server3_802,50.0,0.371489449178008
Server3_802,Server3_410,50.0,0.3874198913816468
Server3_410,Server3_802,50.0,0.3874198913816468
Server3_802,Server3_855,1.0,2000.0
Server3_855,Server3_802,1.0,2000.0
Server3_802,Server3_1831,50.0,0.3203601103004934
Server3_1831,Server3_802,50.0,0.3203601103004934
Server3_1183,Server3_388,50.0,0.376800886031243
Server3_388,Server3_1183,50.0,0.376800886031243
Server3_1183,Server3_1297,50.0,0.4094065944508324
Server3_1297,Server3_1183,50.0,0.4094065944508324
Server3_1183,Server3_1971,50.0,0.4082081561114814
Server3_1971,Server3_1183,50.0,0.4082081561114814
Server3_1183,Server3_245,50.0,0.6075320230474688
Server3_245,Server3_1183,50.0,0.6075320230474688
Server3_933,Server3_163,50.0,0.3462656651619274
Server3_163,Server3_933,50.0,0.3462656651619274
Server3_1143,Server3_1526,50.0,0.3824777097072712
Server3_1526,Server3_1143,50.0,0.3824777097072712
Server3_1143,Server3_1172,50.0,0.3097799727947142
Server3_1172,Server3_1143,50.0,0.3097799727947142
Server3_1143,Server3_594,50.0,0.3825214460966666
Server3_594,Server3_1143,50.0,0.3825214460966666
Server3_106,Server3_1397,1.0,2000.0
Server3_1397,Server3_106,1.0,2000.0
Server3_106,Server3_592,50.0,0.4058094091278418
Server3_592,Server3_106,50.0,0.4058094091278418
Server3_106,Server3_1021,50.0,0.3648015691281916
Server3_1021,Server3_106,50.0,0.3648015691281916
Server3_106,Server3_1379,50.0,0.2865947527910064
Server3_1379,Server3_106,50.0,0.2865947527910064
Server3_104,Server3_1227,50.0,0.5089255700857882
Server3_1227,Server3_104,50.0,0.5089255700857882
Server3_104,Server3_1308,50.0,0.4531124241292908
Server3_1308,Server3_104,50.0,0.4531124241292908
Server3_104,Server3_832,50.0,0.4747211179900085
Server3_832,Server3_104,50.0,0.4747211179900085
Server3_972,Server3_1246,50.0,0.4426477683749117
Server3_1246,Server3_972,50.0,0.4426477683749117
Server3_972,Server3_766,50.0,0.4503706162940104
Server3_766,Server3_972,50.0,0.4503706162940104
Server3_94,Server3_268,50.0,0.3507958945433982
Server3_268,Server3_94,50.0,0.3507958945433982
Server3_94,Server3_1594,50.0,0.4473313609154081
Server3_1594,Server3_94,50.0,0.4473313609154081
Server3_94,Server3_737,50.0,0.3402504601863754
Server3_737,Server3_94,50.0,0.3402504601863754
Server3_94,Server3_1517,50.0,0.4602285033066555
Server3_1517,Server3_94,50.0,0.4602285033066555
Server3_220,Server3_26,50.0,0.4213034955929696
Server3_26,Server3_220,50.0,0.4213034955929696
Server3_220,Server3_1807,50.0,0.2949899929546307
Server3_1807,Server3_220,50.0,0.2949899929546307
Server3_220,Server3_1875,50.0,0.2968132673885272
Server3_1875,Server3_220,50.0,0.2968132673885272
Server3_91,Server3_1238,50.0,0.2883488153542368
Server3_1238,Server3_91,50.0,0.2883488153542368
Server3_91,Server3_1112,50.0,0.3208884462552184
Server3_1112,Server3_91,50.0,0.3208884462552184
Server3_91,Server3_208,50.0,0.3339082205141769
Server3_208,Server3_91,50.0,0.3339082205141769
Server3_801,Server3_1551,50.0,0.4802928285664383
Server3_1551,Server3_801,50.0,0.4802928285664383
Server3_801,Server3_1067,1.0,2000.0
Server3_1067,Server3_801,1.0,2000.0
Server3_8,Server3_1264,50.0,0.3532654880815969
Server3_1264,Server3_8,50.0,0.3532654880815969
Server3_1066,Server3_327,50.0,0.3038278303843016
Server3_327,Server3_1066,50.0,0.3038278303843016
Server3_1066,Server3_423,50.0,0.3487394390878668
Server3_423,Server3_1066,50.0,0.3487394390878668
Server3_1066,Server3_1153,50.0,0.3664874077346474
Server3_1153,Server3_1066,50.0,0.3664874077346474
Server3_1786,Server3_397,50.0,0.3833402836095876
Server3_397,Server3_1786,50.0,0.3833402836095876
Server3_1786,Server3_741,1.0,2000.0
Server3_741,Server3_1786,1.0,2000.0
Server3_694,Server3_170,50.0,0.4160450621920428
Server3_170,Server3_694,50.0,0.4160450621920428
Server3_694,Server3_1757,50.0,0.5106829966348494
Server3_1757,Server3_694,50.0,0.5106829966348494
Server3_694,Server3_1361,50.0,0.4551787411256962
Server3_1361,Server3_694,50.0,0.4551787411256962
Server3_537,Server3_1998,50.0,0.3589302288394622
Server3_1998,Server3_537,50.0,0.3589302288394622
Server3_537,Server3_853,50.0,0.3712622753438578
Server3_853,Server3_537,50.0,0.3712622753438578
Server3_537,Server3_1100,50.0,0.3802072972238176
Server3_1100,Server3_537,50.0,0.3802072972238176
Server3_537,Server3_1241,50.0,0.297936875623334
Server3_1241,Server3_537,50.0,0.297936875623334
Server3_26,Server3_1559,50.0,0.4263604047216057
Server3_1559,Server3_26,50.0,0.4263604047216057
Server3_26,Server3_345,50.0,0.3176361800535662
Server3_345,Server3_26,50.0,0.3176361800535662
Server3_26,Server3_1488,50.0,0.4362343214527721
Server3_1488,Server3_26,50.0,0.4362343214527721
Server3_256,Server3_664,50.0,0.4841683563768489
Server3_664,Server3_256,50.0,0.4841683563768489
Server3_256,Server3_724,50.0,0.4193247554861606
Server3_724,Server3_256,50.0,0.4193247554861606
Server3_256,Server3_1002,50.0,0.3821107924326952
Server3_1002,Server3_256,50.0,0.3821107924326952
Server3_1260,Server3_1644,50.0,0.3030033076054726
Server3_1644,Server3_1260,50.0,0.3030033076054726
Server3_1260,Server3_461,50.0,0.4110030235068734
Server3_461,Server3_1260,50.0,0.4110030235068734
Server3_1260,Server3_1682,50.0,0.4036229281241172
Server3_1682,Server3_1260,50.0,0.4036229281241172
Server3_1260,Server3_1216,50.0,0.2880601650540403
Server3_1216,Server3_1260,50.0,0.2880601650540403
Server3_1823,Server3_1912,50.0,0.4262835696225458
Server3_1912,Server3_1823,50.0,0.4262835696225458
Server3_1823,Server3_1471,50.0,0.4166904147633358
Server3_1471,Server3_1823,50.0,0.4166904147633358
Server3_1823,Server3_1519,50.0,0.4301855852133376
Server3_1519,Server3_1823,50.0,0.4301855852133376
Server3_1823,Server3_1750,50.0,0.3517391203265241
Server3_1750,Server3_1823,50.0,0.3517391203265241
Server3_1457,Server3_1401,50.0,0.3430643406633374
Server3_1401,Server3_1457,50.0,0.3430643406633374
Server3_1457,Server3_1159,50.0,0.3866684357427744
Server3_1159,Server3_1457,50.0,0.3866684357427744
Server3_1372,Server3_445,1.0,2000.0
Server3_445,Server3_1372,1.0,2000.0
Server3_1372,Server3_1830,50.0,0.2679342838076519
Server3_1830,Server3_1372,50.0,0.2679342838076519
Server3_1372,Server3_50,50.0,0.3840149627836878
Server3_50,Server3_1372,50.0,0.3840149627836878
Server3_1124,Server3_1650,50.0,0.285827152898853
Server3_1650,Server3_1124,50.0,0.285827152898853
Server3_1124,Server3_1045,50.0,0.3963664289523375
Server3_1045,Server3_1124,50.0,0.3963664289523375
Server3_708,Server3_1395,50.0,0.3316484823658971
Server3_1395,Server3_708,50.0,0.3316484823658971
Server3_708,Server3_1015,1.0,2000.0
Server3_1015,Server3_708,1.0,2000.0
Server3_708,Server3_376,50.0,0.404975505960264
Server3_376,Server3_708,50.0,0.404975505960264
Server3_708,Server3_224,50.0,0.3721658044003092
Server3_224,Server3_708,50.0,0.3721658044003092
Server3_472,Server3_1379,50.0,0.3450723999595514
Server3_1379,Server3_472,50.0,0.3450723999595514
Server3_472,Server3_1397,1.0,2000.0
Server3_1397,Server3_472,1.0,2000.0
Server3_472,Server3_592,50.0,0.3373091317076005
Server3_592,Server3_472,50.0,0.3373091317076005
Server3_1972,Server3_1195,50.0,0.3537926731915666
Server3_1195,Server3_1972,50.0,0.3537926731915666
Server3_1972,Server3_94,50.0,0.3835230090403226
Server3_94,Server3_1972,50.0,0.3835230090403226
Server3_1972,Server3_610,50.0,0.3754057806226216
Server3_610,Server3_1972,50.0,0.3754057806226216
Server3_1854,Server3_844,50.0,0.3413365160082526
Server3_844,Server3_1854,50.0,0.3413365160082526
Server3_1854,Server3_1237,50.0,0.3436074978073772
Server3_1237,Server3_1854,50.0,0.3436074978073772
Server3_1854,Server3_319,50.0,0.303938482871481
Server3_319,Server3_1854,50.0,0.303938482871481
Server3_1854,Server3_678,50.0,0.2821549533198364
Server3_678,Server3_1854,50.0,0.2821549533198364
Server3_327,Server3_814,1.0,2000.0
Server3_814,Server3_327,1.0,2000.0
Server3_327,Server3_640,50.0,0.3710608936069312
Server3_640,Server3_327,50.0,0.3710608936069312
Server3_327,Server3_420,50.0,0.3647549634769272
Server3_420,Server3_327,50.0,0.3647549634769272
Server3_327,Server3_404,50.0,0.4244528552761052
Server3_404,Server3_327,50.0,0.4244528552761052
Server3_90,Server3_448,50.0,0.401137845609296
Server3_448,Server3_90,50.0,0.401137845609296
Server3_90,Server3_330,50.0,0.39346311316626
Server3_330,Server3_90,50.0,0.39346311316626
Server3_90,Server3_622,1.0,2000.0
Server3_622,Server3_90,1.0,2000.0
Server3_90,Server3_1060,50.0,0.6352450477024825
Server3_1060,Server3_90,50.0,0.6352450477024825
Server3_1906,Server3_564,50.0,0.3688010425670014
Server3_564,Server3_1906,50.0,0.3688010425670014
Server3_1906,Server3_1365,1.0,2000.0
Server3_1365,Server3_1906,1.0,2000.0
Server3_1906,Server3_837,50.0,0.327486306251956
Server3_837,Server3_1906,50.0,0.327486306251956
Server3_1906,Server3_1896,50.0,0.433723297983747
Server3_1896,Server3_1906,50.0,0.433723297983747
Server3_649,Server3_539,50.0,0.3742475760239332
Server3_539,Server3_649,50.0,0.3742475760239332
Server3_649,Server3_1876,50.0,0.3785279908962472
Server3_1876,Server3_649,50.0,0.3785279908962472
Server3_649,Server3_587,50.0,0.354657643094677
Server3_587,Server3_649,50.0,0.354657643094677
Server3_1788,Server3_1198,50.0,0.3742543004404716
Server3_1198,Server3_1788,50.0,0.3742543004404716
Server3_1788,Server3_1294,50.0,0.3635391604792275
Server3_1294,Server3_1788,50.0,0.3635391604792275
Server3_39,Server3_1201,50.0,0.2918187944782535
Server3_1201,Server3_39,50.0,0.2918187944782535
Server3_39,Server3_369,50.0,0.4019137312341459
Server3_369,Server3_39,50.0,0.4019137312341459
Server3_39,Server3_1064,50.0,0.3577337928783674
Server3_1064,Server3_39,50.0,0.3577337928783674
Server3_39,Server3_572,1.0,2000.0
Server3_572,Server3_39,1.0,2000.0
Server3_145,Server3_970,50.0,0.3145985305632452
Server3_970,Server3_145,50.0,0.3145985305632452
Server3_145,Server3_567,50.0,0.4375398067860582
Server3_567,Server3_145,50.0,0.4375398067860582
Server3_145,Server3_969,50.0,0.2910881562112411
Server3_969,Server3_145,50.0,0.2910881562112411
Server3_145,Server3_1819,50.0,0.4170723407348202
Server3_1819,Server3_145,50.0,0.4170723407348202
Server3_142,Server3_1264,50.0,0.4358670934378376
Server3_1264,Server3_142,50.0,0.4358670934378376
Server3_142,Server3_900,50.0,0.3191490617693072
Server3_900,Server3_142,50.0,0.3191490617693072
Server3_1125,Server3_85,50.0,0.3177465896213642
Server3_85,Server3_1125,50.0,0.3177465896213642
Server3_1125,Server3_1271,50.0,0.413213406322137
Server3_1271,Server3_1125,50.0,0.413213406322137
Server3_1125,Server3_1303,50.0,0.2729023375240975
Server3_1303,Server3_1125,50.0,0.2729023375240975
Server3_1394,Server3_846,1.0,2000.0
Server3_846,Server3_1394,1.0,2000.0
Server3_1394,Server3_961,1.0,2000.0
Server3_961,Server3_1394,1.0,2000.0
Server3_1197,Server3_557,50.0,0.3744683184126542
Server3_557,Server3_1197,50.0,0.3744683184126542
Server3_1197,Server3_1733,50.0,0.4334404594792038
Server3_1733,Server3_1197,50.0,0.4334404594792038
Server3_1771,Server3_173,50.0,0.4113265891851972
Server3_173,Server3_1771,50.0,0.4113265891851972
Server3_1771,Server3_800,50.0,0.3290866619318692
Server3_800,Server3_1771,50.0,0.3290866619318692
Server3_318,Server3_1349,50.0,0.393953146858251
Server3_1349,Server3_318,50.0,0.393953146858251
Server3_318,Server3_755,50.0,0.5025840209732622
Server3_755,Server3_318,50.0,0.5025840209732622
Server3_318,Server3_1386,50.0,0.379116444807079
Server3_1386,Server3_318,50.0,0.379116444807079
Server3_1991,Server3_226,50.0,0.4436021371630136
Server3_226,Server3_1991,50.0,0.4436021371630136
Server3_1991,Server3_496,50.0,0.422343789942084
Server3_496,Server3_1991,50.0,0.422343789942084
Server3_1991,Server3_1898,50.0,0.3161017209513598
Server3_1898,Server3_1991,50.0,0.3161017209513598
Server3_300,Server3_390,50.0,0.3575125392104657
Server3_390,Server3_300,50.0,0.3575125392104657
Server3_300,Server3_1969,50.0,0.2862986247214038
Server3_1969,Server3_300,50.0,0.2862986247214038
Server3_1789,Server3_1018,50.0,0.307701386320317
Server3_1018,Server3_1789,50.0,0.307701386320317
Server3_1789,Server3_1568,50.0,0.3568511405004256
Server3_1568,Server3_1789,50.0,0.3568511405004256
Server3_1789,Server3_1343,50.0,0.3156665954915424
Server3_1343,Server3_1789,50.0,0.3156665954915424
Server3_735,Server3_1931,50.0,0.4954293590315746
Server3_1931,Server3_735,50.0,0.4954293590315746
Server3_735,Server3_1035,50.0,0.3484182780756366
Server3_1035,Server3_735,50.0,0.3484182780756366
Server3_735,Server3_1357,50.0,0.401088993345788
Server3_1357,Server3_735,50.0,0.401088993345788
Server3_735,Server3_826,50.0,0.3579545268258637
Server3_826,Server3_735,50.0,0.3579545268258637
Server3_297,Server3_601,50.0,0.5334817334130554
Server3_601,Server3_297,50.0,0.5334817334130554
Server3_297,Server3_161,50.0,0.4006594851104861
Server3_161,Server3_297,50.0,0.4006594851104861
Server3_297,Server3_1791,50.0,0.5191220429434894
Server3_1791,Server3_297,50.0,0.5191220429434894
Server3_297,Server3_307,50.0,0.5196331268912273
Server3_307,Server3_297,50.0,0.5196331268912273
Server3_1286,Server3_1465,50.0,0.3379659075219882
Server3_1465,Server3_1286,50.0,0.3379659075219882
Server3_1286,Server3_462,50.0,0.381540300545895
Server3_462,Server3_1286,50.0,0.381540300545895
Server3_1790,Server3_1549,50.0,0.3839066061755163
Server3_1549,Server3_1790,50.0,0.3839066061755163
Server3_1790,Server3_162,50.0,0.4174164690814687
Server3_162,Server3_1790,50.0,0.4174164690814687
Server3_1790,Server3_1542,50.0,0.3161777306279092
Server3_1542,Server3_1790,50.0,0.3161777306279092
Server3_1795,Server3_342,50.0,0.4883962214367945
Server3_342,Server3_1795,50.0,0.4883962214367945
Server3_1795,Server3_1239,50.0,0.4949006847324513
Server3_1239,Server3_1795,50.0,0.4949006847324513
Server3_212,Server3_1046,50.0,0.4949326127601328
Server3_1046,Server3_212,50.0,0.4949326127601328
Server3_212,Server3_998,1.0,2000.0
Server3_998,Server3_212,1.0,2000.0
Server3_212,Server3_239,50.0,0.4179953011223706
Server3_239,Server3_212,50.0,0.4179953011223706
Server3_959,Server3_1636,50.0,0.4112098857667987
Server3_1636,Server3_959,50.0,0.4112098857667987
Server3_959,Server3_1072,50.0,0.3373723651340947
Server3_1072,Server3_959,50.0,0.3373723651340947
Server3_959,Server3_302,50.0,0.56097650799673
Server3_302,Server3_959,50.0,0.56097650799673
Server3_959,Server3_506,50.0,0.4053644240162992
Server3_506,Server3_959,50.0,0.4053644240162992
Server3_1624,Server3_1306,50.0,0.279768859205611
Server3_1306,Server3_1624,50.0,0.279768859205611
Server3_1624,Server3_483,50.0,0.3772000665800468
Server3_483,Server3_1624,50.0,0.3772000665800468
Server3_1624,Server3_1617,50.0,0.281218595703654
Server3_1617,Server3_1624,50.0,0.281218595703654
Server3_1624,Server3_1933,50.0,0.3267071934499162
Server3_1933,Server3_1624,50.0,0.3267071934499162
Server3_621,Server3_588,50.0,0.4527947755961895
Server3_588,Server3_621,50.0,0.4527947755961895
Server3_621,Server3_1952,50.0,0.2740343154205568
Server3_1952,Server3_621,50.0,0.2740343154205568
Server3_621,Server3_457,50.0,0.3684028461443896
Server3_457,Server3_621,50.0,0.3684028461443896
Server3_1089,Server3_196,50.0,0.4074129448422434
Server3_196,Server3_1089,50.0,0.4074129448422434
Server3_1089,Server3_310,50.0,0.4126534732979683
Server3_310,Server3_1089,50.0,0.4126534732979683
Server3_1544,Server3_141,50.0,0.3445593009664021
Server3_141,Server3_1544,50.0,0.3445593009664021
Server3_1544,Server3_186,50.0,0.3608756220250093
Server3_186,Server3_1544,50.0,0.3608756220250093
Server3_1935,Server3_1485,50.0,0.3726670334926626
Server3_1485,Server3_1935,50.0,0.3726670334926626
Server3_1935,Server3_1023,50.0,0.4408590819879196
Server3_1023,Server3_1935,50.0,0.4408590819879196
Server3_1935,Server3_638,50.0,0.4313794743686702
Server3_638,Server3_1935,50.0,0.4313794743686702
Server3_1935,Server3_1176,50.0,0.3611096991437424
Server3_1176,Server3_1935,50.0,0.3611096991437424
Server3_1637,Server3_1222,50.0,0.4699599360313186
Server3_1222,Server3_1637,50.0,0.4699599360313186
Server3_1637,Server3_433,50.0,0.4039004895342052
Server3_433,Server3_1637,50.0,0.4039004895342052
Server3_1637,Server3_1732,50.0,0.383039506828743
Server3_1732,Server3_1637,50.0,0.383039506828743
Server3_235,Server3_1254,50.0,0.3483413214593319
Server3_1254,Server3_235,50.0,0.3483413214593319
Server3_235,Server3_1791,50.0,0.4206664462767438
Server3_1791,Server3_235,50.0,0.4206664462767438
Server3_235,Server3_1421,50.0,0.341940550672552
Server3_1421,Server3_235,50.0,0.341940550672552
Server3_235,Server3_1496,50.0,0.3754259275649646
Server3_1496,Server3_235,50.0,0.3754259275649646
Server3_1793,Server3_1140,50.0,0.4038064100612374
Server3_1140,Server3_1793,50.0,0.4038064100612374
Server3_1793,Server3_464,50.0,0.3854612005031362
Server3_464,Server3_1793,50.0,0.3854612005031362
Server3_1296,Server3_1196,50.0,0.4281709244520218
Server3_1196,Server3_1296,50.0,0.4281709244520218
Server3_1296,Server3_37,50.0,0.4298414491692136
Server3_37,Server3_1296,50.0,0.4298414491692136
Server3_1296,Server3_789,50.0,0.3978055609914412
Server3_789,Server3_1296,50.0,0.3978055609914412
Server3_1656,Server3_925,50.0,0.424883969792056
Server3_925,Server3_1656,50.0,0.424883969792056
Server3_1656,Server3_1120,50.0,0.4167034338951477
Server3_1120,Server3_1656,50.0,0.4167034338951477
Server3_1210,Server3_1127,50.0,0.4185863545870976
Server3_1127,Server3_1210,50.0,0.4185863545870976
Server3_1210,Server3_182,50.0,0.3213253244792288
Server3_182,Server3_1210,50.0,0.3213253244792288
Server3_1210,Server3_1348,50.0,0.3244502600049523
Server3_1348,Server3_1210,50.0,0.3244502600049523
Server3_1475,Server3_1736,50.0,0.3784216368251742
Server3_1736,Server3_1475,50.0,0.3784216368251742
Server3_1475,Server3_742,50.0,0.3934524372724273
Server3_742,Server3_1475,50.0,0.3934524372724273
Server3_1475,Server3_1101,50.0,0.3054316968660378
Server3_1101,Server3_1475,50.0,0.3054316968660378
Server3_1179,Server3_1998,50.0,0.3256747140785664
Server3_1998,Server3_1179,50.0,0.3256747140785664
Server3_1179,Server3_813,50.0,0.3435621851621862
Server3_813,Server3_1179,50.0,0.3435621851621862
Server3_1179,Server3_55,50.0,0.4323290137653666
Server3_55,Server3_1179,50.0,0.4323290137653666
Server3_347,Server3_1915,50.0,0.4621511553032424
Server3_1915,Server3_347,50.0,0.4621511553032424
Server3_347,Server3_1493,50.0,0.4027467444836248
Server3_1493,Server3_347,50.0,0.4027467444836248
Server3_347,Server3_722,50.0,0.3776410152854319
Server3_722,Server3_347,50.0,0.3776410152854319
Server3_1943,Server3_592,50.0,0.3688819903294689
Server3_592,Server3_1943,50.0,0.3688819903294689
Server3_1943,Server3_472,50.0,0.418255278572396
Server3_472,Server3_1943,50.0,0.418255278572396
Server3_1943,Server3_364,50.0,0.3583917361883676
Server3_364,Server3_1943,50.0,0.3583917361883676
Server3_120,Server3_379,50.0,0.2756691026828269
Server3_379,Server3_120,50.0,0.2756691026828269
Server3_120,Server3_1753,50.0,0.3970398472221122
Server3_1753,Server3_120,50.0,0.3970398472221122
Server3_699,Server3_1801,50.0,0.4877249618699646
Server3_1801,Server3_699,50.0,0.4877249618699646
Server3_699,Server3_1924,50.0,0.3897218048763228
Server3_1924,Server3_699,50.0,0.3897218048763228
Server3_1182,Server3_778,50.0,0.2827139610539327
Server3_778,Server3_1182,50.0,0.2827139610539327
Server3_1182,Server3_1348,50.0,0.3373861316398628
Server3_1348,Server3_1182,50.0,0.3373861316398628
Server3_1182,Server3_1381,50.0,0.3248906071792052
Server3_1381,Server3_1182,50.0,0.3248906071792052
Server3_1182,Server3_742,50.0,0.3078004842680042
Server3_742,Server3_1182,50.0,0.3078004842680042
Server3_1678,Server3_1541,50.0,0.2979578105645305
Server3_1541,Server3_1678,50.0,0.2979578105645305
Server3_1678,Server3_1895,50.0,0.4840689897505038
Server3_1895,Server3_1678,50.0,0.4840689897505038
Server3_1678,Server3_1016,1.0,2000.0
Server3_1016,Server3_1678,1.0,2000.0
Server3_359,Server3_1563,50.0,0.3654598193836523
Server3_1563,Server3_359,50.0,0.3654598193836523
Server3_359,Server3_131,50.0,0.3923927509090631
Server3_131,Server3_359,50.0,0.3923927509090631
Server3_359,Server3_685,50.0,0.3379087553697178
Server3_685,Server3_359,50.0,0.3379087553697178
Server3_359,Server3_71,50.0,0.2723117848932432
Server3_71,Server3_359,50.0,0.2723117848932432
Server3_1201,Server3_859,1.0,2000.0
Server3_859,Server3_1201,1.0,2000.0
Server3_1201,Server3_87,50.0,0.3484860056954528
Server3_87,Server3_1201,50.0,0.3484860056954528
Server3_926,Server3_990,50.0,0.5104019367810702
Server3_990,Server3_926,50.0,0.5104019367810702
Server3_926,Server3_1716,50.0,0.502096366351643
Server3_1716,Server3_926,50.0,0.502096366351643
Server3_1305,Server3_43,50.0,0.3778412994354448
Server3_43,Server3_1305,50.0,0.3778412994354448
Server3_1305,Server3_440,50.0,0.292202295621161
Server3_440,Server3_1305,50.0,0.292202295621161
Server3_465,Server3_773,50.0,0.3549661498444994
Server3_773,Server3_465,50.0,0.3549661498444994
Server3_465,Server3_1554,50.0,0.3295432737917804
Server3_1554,Server3_465,50.0,0.3295432737917804
Server3_465,Server3_1159,50.0,0.4294477842563701
Server3_1159,Server3_465,50.0,0.4294477842563701
Server3_1432,Server3_1188,50.0,0.4520686971291448
Server3_1188,Server3_1432,50.0,0.4520686971291448
Server3_1432,Server3_1965,50.0,0.409496280965876
Server3_1965,Server3_1432,50.0,0.409496280965876
Server3_1432,Server3_1562,50.0,0.4550365461059382
Server3_1562,Server3_1432,50.0,0.4550365461059382
Server3_1432,Server3_1981,50.0,0.409813186954622
Server3_1981,Server3_1432,50.0,0.409813186954622
Server3_514,Server3_750,50.0,0.4414828724684938
Server3_750,Server3_514,50.0,0.4414828724684938
Server3_514,Server3_845,50.0,0.4556098141658659
Server3_845,Server3_514,50.0,0.4556098141658659
Server3_514,Server3_1509,50.0,0.5016478029006627
Server3_1509,Server3_514,50.0,0.5016478029006627
Server3_974,Server3_1460,50.0,0.5076517312317184
Server3_1460,Server3_974,50.0,0.5076517312317184
Server3_974,Server3_656,50.0,0.420688026293351
Server3_656,Server3_974,50.0,0.420688026293351
Server3_974,Server3_1762,50.0,0.3797617843788708
Server3_1762,Server3_974,50.0,0.3797617843788708
Server3_1573,Server3_1821,50.0,0.3936673394842118
Server3_1821,Server3_1573,50.0,0.3936673394842118
Server3_1573,Server3_695,50.0,0.3515245622094914
Server3_695,Server3_1573,50.0,0.3515245622094914
Server3_1529,Server3_839,50.0,0.4142261137101408
Server3_839,Server3_1529,50.0,0.4142261137101408
Server3_1529,Server3_215,50.0,0.5164688017782522
Server3_215,Server3_1529,50.0,0.5164688017782522
Server3_1529,Server3_458,50.0,0.3128354686092626
Server3_458,Server3_1529,50.0,0.3128354686092626
Server3_1529,Server3_566,50.0,0.4062218209876308
Server3_566,Server3_1529,50.0,0.4062218209876308
Server3_717,Server3_1604,50.0,0.3730480728099109
Server3_1604,Server3_717,50.0,0.3730480728099109
Server3_717,Server3_537,50.0,0.4681080418321836
Server3_537,Server3_717,50.0,0.4681080418321836
Server3_717,Server3_634,50.0,0.3994935351441316
Server3_634,Server3_717,50.0,0.3994935351441316
Server3_717,Server3_77,50.0,0.4666351713731471
Server3_77,Server3_717,50.0,0.4666351713731471
Server3_1762,Server3_352,50.0,0.3003761372870364
Server3_352,Server3_1762,50.0,0.3003761372870364
Server3_1762,Server3_996,50.0,0.3129550236399304
Server3_996,Server3_1762,50.0,0.3129550236399304
Server3_1288,Server3_935,50.0,0.3976170645071494
Server3_935,Server3_1288,50.0,0.3976170645071494
Server3_1288,Server3_398,50.0,0.3915999508734964
Server3_398,Server3_1288,50.0,0.3915999508734964
Server3_781,Server3_361,50.0,0.3984170186362552
Server3_361,Server3_781,50.0,0.3984170186362552
Server3_781,Server3_444,50.0,0.4198392341445986
Server3_444,Server3_781,50.0,0.4198392341445986
Server3_781,Server3_612,50.0,0.3364298430312082
Server3_612,Server3_781,50.0,0.3364298430312082
Server3_781,Server3_1455,50.0,0.5279676431513212
Server3_1455,Server3_781,50.0,0.5279676431513212
Server3_289,Server3_703,50.0,0.3189128126891347
Server3_703,Server3_289,50.0,0.3189128126891347
Server3_289,Server3_924,50.0,0.3855249434356617
Server3_924,Server3_289,50.0,0.3855249434356617
Server3_289,Server3_1682,50.0,0.3268796315585028
Server3_1682,Server3_289,50.0,0.3268796315585028
Server3_289,Server3_721,50.0,0.3092649504292569
Server3_721,Server3_289,50.0,0.3092649504292569
Server3_1402,Server3_1999,1.0,2000.0
Server3_1999,Server3_1402,1.0,2000.0
Server3_1402,Server3_1973,1.0,2000.0
Server3_1973,Server3_1402,1.0,2000.0
Server3_1402,Server3_1855,50.0,0.4325534775809528
Server3_1855,Server3_1402,50.0,0.4325534775809528
Server3_1402,Server3_339,50.0,0.3516793532400513
Server3_339,Server3_1402,50.0,0.3516793532400513
Server3_1161,Server3_1714,50.0,0.5016252599486921
Server3_1714,Server3_1161,50.0,0.5016252599486921
Server3_1161,Server3_1485,50.0,0.4266144888134668
Server3_1485,Server3_1161,50.0,0.4266144888134668
Server3_703,Server3_1142,50.0,0.2997172921528636
Server3_1142,Server3_703,50.0,0.2997172921528636
Server3_703,Server3_1682,50.0,0.3758919027497324
Server3_1682,Server3_703,50.0,0.3758919027497324
Server3_703,Server3_579,1.0,2000.0
Server3_579,Server3_703,1.0,2000.0
Server3_703,Server3_231,50.0,0.3379539323951164
Server3_231,Server3_703,50.0,0.3379539323951164
Server3_1225,Server3_523,50.0,0.3779241731551176
Server3_523,Server3_1225,50.0,0.3779241731551176
Server3_1225,Server3_905,50.0,0.3926490929014926
Server3_905,Server3_1225,50.0,0.3926490929014926
Server3_1225,Server3_1347,50.0,0.3814719110758018
Server3_1347,Server3_1225,50.0,0.3814719110758018
Server3_960,Server3_1472,50.0,0.3166058157384593
Server3_1472,Server3_960,50.0,0.3166058157384593
Server3_960,Server3_937,50.0,0.3138046292200653
Server3_937,Server3_960,50.0,0.3138046292200653
Server3_1103,Server3_1577,50.0,0.3786783082364774
Server3_1577,Server3_1103,50.0,0.3786783082364774
Server3_1103,Server3_355,50.0,0.3551136485686629
Server3_355,Server3_1103,50.0,0.3551136485686629
Server3_1376,Server3_1386,50.0,0.349399102041857
Server3_1386,Server3_1376,50.0,0.349399102041857
Server3_1376,Server3_568,1.0,2000.0
Server3_568,Server3_1376,1.0,2000.0
Server3_1376,Server3_1763,50.0,0.4085701374001771
Server3_1763,Server3_1376,50.0,0.4085701374001771
Server3_1092,Server3_1328,50.0,0.3427932521493297
Server3_1328,Server3_1092,50.0,0.3427932521493297
Server3_1092,Server3_1215,50.0,0.4344948168030294
Server3_1215,Server3_1092,50.0,0.4344948168030294
Server3_589,Server3_1082,50.0,0.3470543711911328
Server3_1082,Server3_589,50.0,0.3470543711911328
Server3_589,Server3_31,50.0,0.377594101464956
Server3_31,Server3_589,50.0,0.377594101464956
Server3_1928,Server3_34,50.0,0.4296111617884689
Server3_34,Server3_1928,50.0,0.4296111617884689
Server3_1928,Server3_1028,50.0,0.4173944719032532
Server3_1028,Server3_1928,50.0,0.4173944719032532
Server3_1928,Server3_1838,50.0,0.3045313131453068
Server3_1838,Server3_1928,50.0,0.3045313131453068
Server3_1928,Server3_1287,50.0,0.390231676614085
Server3_1287,Server3_1928,50.0,0.390231676614085
Server3_664,Server3_724,50.0,0.3863850018861009
Server3_724,Server3_664,50.0,0.3863850018861009
Server3_664,Server3_1246,50.0,0.5124451807372754
Server3_1246,Server3_664,50.0,0.5124451807372754
Server3_664,Server3_655,50.0,0.6477738608247827
Server3_655,Server3_664,50.0,0.6477738608247827
Server3_1436,Server3_697,50.0,0.3884052970525556
Server3_697,Server3_1436,50.0,0.3884052970525556
Server3_1436,Server3_1685,50.0,0.3309826488405514
Server3_1685,Server3_1436,50.0,0.3309826488405514
Server3_1916,Server3_1635,50.0,0.3625431587089032
Server3_1635,Server3_1916,50.0,0.3625431587089032
Server3_1916,Server3_1939,1.0,2000.0
Server3_1939,Server3_1916,1.0,2000.0
Server3_969,Server3_98,50.0,0.4014816201405853
Server3_98,Server3_969,50.0,0.4014816201405853
Server3_969,Server3_785,1.0,2000.0
Server3_785,Server3_969,1.0,2000.0
Server3_969,Server3_264,50.0,0.4446025307254364
Server3_264,Server3_969,50.0,0.4446025307254364
Server3_611,Server3_1426,50.0,0.343163213145137
Server3_1426,Server3_611,50.0,0.343163213145137
Server3_611,Server3_1708,50.0,0.4951356011727449
Server3_1708,Server3_611,50.0,0.4951356011727449
Server3_611,Server3_1603,50.0,0.5249703078790905
Server3_1603,Server3_611,50.0,0.5249703078790905
Server3_655,Server3_1649,50.0,0.2778751947103188
Server3_1649,Server3_655,50.0,0.2778751947103188
Server3_655,Server3_1002,50.0,0.4798513546053222
Server3_1002,Server3_655,50.0,0.4798513546053222
Server3_503,Server3_1234,50.0,0.3197994012335834
Server3_1234,Server3_503,50.0,0.3197994012335834
Server3_503,Server3_71,50.0,0.4219480080352769
Server3_71,Server3_503,50.0,0.4219480080352769
Server3_980,Server3_1043,50.0,0.381508795453876
Server3_1043,Server3_980,50.0,0.381508795453876
Server3_980,Server3_1977,50.0,0.3212174581291577
Server3_1977,Server3_980,50.0,0.3212174581291577
Server3_980,Server3_1544,50.0,0.3610192531867234
Server3_1544,Server3_980,50.0,0.3610192531867234
Server3_980,Server3_33,50.0,0.3891349500314073
Server3_33,Server3_980,50.0,0.3891349500314073
Server3_1462,Server3_68,50.0,0.2918449150156335
Server3_68,Server3_1462,50.0,0.2918449150156335
Server3_1462,Server3_399,50.0,0.3650972774643312
Server3_399,Server3_1462,50.0,0.3650972774643312
Server3_1462,Server3_728,50.0,0.3050777277428326
Server3_728,Server3_1462,50.0,0.3050777277428326
Server3_1462,Server3_1201,50.0,0.4001171202789166
Server3_1201,Server3_1462,50.0,0.4001171202789166
Server3_1002,Server3_825,50.0,0.4871170210454259
Server3_825,Server3_1002,50.0,0.4871170210454259
Server3_1002,Server3_1729,50.0,0.3559935655315135
Server3_1729,Server3_1002,50.0,0.3559935655315135
Server3_248,Server3_1498,1.0,2000.0
Server3_1498,Server3_248,1.0,2000.0
Server3_248,Server3_1999,1.0,2000.0
Server3_1999,Server3_248,1.0,2000.0
Server3_1553,Server3_1206,50.0,0.504652305728682
Server3_1206,Server3_1553,50.0,0.504652305728682
Server3_1553,Server3_499,50.0,0.393415300507186
Server3_499,Server3_1553,50.0,0.393415300507186
Server3_1553,Server3_1145,50.0,0.5237390983379719
Server3_1145,Server3_1553,50.0,0.5237390983379719
Server3_1190,Server3_1074,50.0,0.3181811733488756
Server3_1074,Server3_1190,50.0,0.3181811733488756
Server3_1190,Server3_20,50.0,0.4463200817175754
Server3_20,Server3_1190,50.0,0.4463200817175754
Server3_1190,Server3_1495,50.0,0.426675918097224
Server3_1495,Server3_1190,50.0,0.426675918097224
Server3_1190,Server3_177,50.0,0.3477263539403896
Server3_177,Server3_1190,50.0,0.3477263539403896
Server3_834,Server3_1439,50.0,0.3612449153399351
Server3_1439,Server3_834,50.0,0.3612449153399351
Server3_834,Server3_1710,50.0,0.3805602947944214
Server3_1710,Server3_834,50.0,0.3805602947944214
Server3_834,Server3_1228,1.0,2000.0
Server3_1228,Server3_834,1.0,2000.0
Server3_834,Server3_82,1.0,2000.0
Server3_82,Server3_834,1.0,2000.0
Server3_320,Server3_148,50.0,0.3686009156802458
Server3_148,Server3_320,50.0,0.3686009156802458
Server3_320,Server3_796,50.0,0.3422504016086978
Server3_796,Server3_320,50.0,0.3422504016086978
Server3_320,Server3_321,1.0,2000.0
Server3_321,Server3_320,1.0,2000.0
Server3_320,Server3_1442,50.0,0.4127678444304144
Server3_1442,Server3_320,50.0,0.4127678444304144
Server3_29,Server3_169,50.0,0.4543669009411961
Server3_169,Server3_29,50.0,0.4543669009411961
Server3_29,Server3_946,50.0,0.3208030715019576
Server3_946,Server3_29,50.0,0.3208030715019576
Server3_1584,Server3_536,50.0,0.2826703383868495
Server3_536,Server3_1584,50.0,0.2826703383868495
Server3_1584,Server3_1976,50.0,0.3757108165546501
Server3_1976,Server3_1584,50.0,0.3757108165546501
Server3_1584,Server3_604,50.0,0.3005510133563994
Server3_604,Server3_1584,50.0,0.3005510133563994
Server3_1826,Server3_1513,50.0,0.3466510312959036
Server3_1513,Server3_1826,50.0,0.3466510312959036
Server3_1826,Server3_942,50.0,0.4356840386277312
Server3_942,Server3_1826,50.0,0.4356840386277312
Server3_1826,Server3_1170,50.0,0.2864820855642492
Server3_1170,Server3_1826,50.0,0.2864820855642492
Server3_1819,Server3_1120,50.0,0.4211681494885332
Server3_1120,Server3_1819,50.0,0.4211681494885332
Server3_1819,Server3_1656,50.0,0.3310379255871044
Server3_1656,Server3_1819,50.0,0.3310379255871044
Server3_1819,Server3_98,50.0,0.3811750378989924
Server3_98,Server3_1819,50.0,0.3811750378989924
Server3_1819,Server3_785,1.0,2000.0
Server3_785,Server3_1819,1.0,2000.0
Server3_533,Server3_1707,50.0,0.3762299393960304
Server3_1707,Server3_533,50.0,0.3762299393960304
Server3_533,Server3_24,50.0,0.3325092449048564
Server3_24,Server3_533,50.0,0.3325092449048564
Server3_533,Server3_1383,50.0,0.3609150171175728
Server3_1383,Server3_533,50.0,0.3609150171175728
Server3_1358,Server3_1338,50.0,0.3139453732356144
Server3_1338,Server3_1358,50.0,0.3139453732356144
Server3_1358,Server3_1207,50.0,0.3772799504273233
Server3_1207,Server3_1358,50.0,0.3772799504273233
Server3_1358,Server3_727,50.0,0.464973387138151
Server3_727,Server3_1358,50.0,0.464973387138151
Server3_1358,Server3_1220,50.0,0.3001560096922498
Server3_1220,Server3_1358,50.0,0.3001560096922498
Server3_301,Server3_1128,1.0,2000.0
Server3_1128,Server3_301,1.0,2000.0
Server3_301,Server3_1349,50.0,0.5569391359123724
Server3_1349,Server3_301,50.0,0.5569391359123724
Server3_1017,Server3_1968,50.0,0.4073011812579629
Server3_1968,Server3_1017,50.0,0.4073011812579629
Server3_1017,Server3_74,1.0,2000.0
Server3_74,Server3_1017,1.0,2000.0
Server3_291,Server3_1880,50.0,0.3882829229247114
Server3_1880,Server3_291,50.0,0.3882829229247114
Server3_291,Server3_1130,50.0,0.4271937680739676
Server3_1130,Server3_291,50.0,0.4271937680739676
Server3_1565,Server3_1014,50.0,0.2977530995471274
Server3_1014,Server3_1565,50.0,0.2977530995471274
Server3_1565,Server3_1896,50.0,0.2755210629517722
Server3_1896,Server3_1565,50.0,0.2755210629517722
Server3_1565,Server3_662,50.0,0.3763705197179854
Server3_662,Server3_1565,50.0,0.3763705197179854
Server3_523,Server3_46,50.0,0.3495279467693632
Server3_46,Server3_523,50.0,0.3495279467693632
Server3_523,Server3_136,50.0,0.3630068248194312
Server3_136,Server3_523,50.0,0.3630068248194312
Server3_1053,Server3_286,50.0,0.3031880505993079
Server3_286,Server3_1053,50.0,0.3031880505993079
Server3_1053,Server3_1064,50.0,0.3091315699462388
Server3_1064,Server3_1053,50.0,0.3091315699462388
Server3_1053,Server3_112,50.0,0.3026109621948798
Server3_112,Server3_1053,50.0,0.3026109621948798
Server3_1053,Server3_593,50.0,0.3927107335283468
Server3_593,Server3_1053,50.0,0.3927107335283468
Server3_230,Server3_1337,50.0,0.4042490310829498
Server3_1337,Server3_230,50.0,0.4042490310829498
Server3_230,Server3_1977,50.0,0.318305789614504
Server3_1977,Server3_230,50.0,0.318305789614504
Server3_230,Server3_600,50.0,0.3459227506010432
Server3_600,Server3_230,50.0,0.3459227506010432
Server3_230,Server3_888,50.0,0.4308095696236993
Server3_888,Server3_230,50.0,0.4308095696236993
Server3_1056,Server3_794,50.0,0.3484335326889932
Server3_794,Server3_1056,50.0,0.3484335326889932
Server3_1056,Server3_1488,50.0,0.3393376894005222
Server3_1488,Server3_1056,50.0,0.3393376894005222
Server3_1059,Server3_311,50.0,0.3630169303699945
Server3_311,Server3_1059,50.0,0.3630169303699945
Server3_1059,Server3_932,50.0,0.2920679524040193
Server3_932,Server3_1059,50.0,0.2920679524040193
Server3_1059,Server3_78,50.0,0.425850700274762
Server3_78,Server3_1059,50.0,0.425850700274762
Server3_1059,Server3_221,50.0,0.308128401660074
Server3_221,Server3_1059,50.0,0.308128401660074
Server3_775,Server3_172,50.0,0.4118012949584785
Server3_172,Server3_775,50.0,0.4118012949584785
Server3_775,Server3_578,50.0,0.320823772800051
Server3_578,Server3_775,50.0,0.320823772800051
Server3_775,Server3_252,50.0,0.3462619288613114
Server3_252,Server3_775,50.0,0.3462619288613114
Server3_1528,Server3_867,50.0,0.4383607396913748
Server3_867,Server3_1528,50.0,0.4383607396913748
Server3_1528,Server3_412,50.0,0.4445320632121706
Server3_412,Server3_1528,50.0,0.4445320632121706
Server3_1528,Server3_649,50.0,0.3284461019076782
Server3_649,Server3_1528,50.0,0.3284461019076782
Server3_45,Server3_1411,50.0,0.3251443316211257
Server3_1411,Server3_45,50.0,0.3251443316211257
Server3_45,Server3_638,50.0,0.468163583244024
Server3_638,Server3_45,50.0,0.468163583244024
Server3_45,Server3_1614,50.0,0.3259463712514171
Server3_1614,Server3_45,50.0,0.3259463712514171
Server3_45,Server3_1375,50.0,0.3653999760101428
Server3_1375,Server3_45,50.0,0.3653999760101428
Server3_36,Server3_387,50.0,0.3902946284728427
Server3_387,Server3_36,50.0,0.3902946284728427
Server3_36,Server3_1904,50.0,0.3016741633932617
Server3_1904,Server3_36,50.0,0.3016741633932617
Server3_36,Server3_1110,50.0,0.4149549572363541
Server3_1110,Server3_36,50.0,0.4149549572363541
Server3_36,Server3_1902,50.0,0.3965574582889042
Server3_1902,Server3_36,50.0,0.3965574582889042
Server3_339,Server3_1638,50.0,0.4730952190039792
Server3_1638,Server3_339,50.0,0.4730952190039792
Server3_339,Server3_29,50.0,0.2898640375144687
Server3_29,Server3_339,50.0,0.2898640375144687
Server3_339,Server3_672,50.0,0.4588868614158093
Server3_672,Server3_339,50.0,0.4588868614158093
Server3_1395,Server3_1022,50.0,0.4116575588568486
Server3_1022,Server3_1395,50.0,0.4116575588568486
Server3_1395,Server3_695,50.0,0.3527481670273776
Server3_695,Server3_1395,50.0,0.3527481670273776
Server3_1395,Server3_1536,50.0,0.3547181630239644
Server3_1536,Server3_1395,50.0,0.3547181630239644
Server3_1395,Server3_1015,1.0,2000.0
Server3_1015,Server3_1395,1.0,2000.0
Server3_461,Server3_924,50.0,0.4148993122852448
Server3_924,Server3_461,50.0,0.4148993122852448
Server3_461,Server3_268,50.0,0.3350218778944138
Server3_268,Server3_461,50.0,0.3350218778944138
Server3_461,Server3_1440,50.0,0.3277290555738106
Server3_1440,Server3_461,50.0,0.3277290555738106
Server3_461,Server3_1142,50.0,0.4062103174754253
Server3_1142,Server3_461,50.0,0.4062103174754253
Server3_260,Server3_1635,50.0,0.4203933307402447
Server3_1635,Server3_260,50.0,0.4203933307402447
Server3_260,Server3_244,50.0,0.3522172056730365
Server3_244,Server3_260,50.0,0.3522172056730365
Server3_260,Server3_891,50.0,0.371600392954022
Server3_891,Server3_260,50.0,0.371600392954022
Server3_260,Server3_1295,50.0,0.4186213374572142
Server3_1295,Server3_260,50.0,0.4186213374572142
Server3_346,Server3_341,50.0,0.3709104135615378
Server3_341,Server3_346,50.0,0.3709104135615378
Server3_346,Server3_646,50.0,0.3677630376346672
Server3_646,Server3_346,50.0,0.3677630376346672
Server3_346,Server3_491,50.0,0.3437343026729195
Server3_491,Server3_346,50.0,0.3437343026729195
Server3_1967,Server3_1276,50.0,0.4495585410604546
Server3_1276,Server3_1967,50.0,0.4495585410604546
Server3_1967,Server3_462,50.0,0.6083738312853206
Server3_462,Server3_1967,50.0,0.6083738312853206
Server3_1967,Server3_1887,50.0,0.3307128648513668
Server3_1887,Server3_1967,50.0,0.3307128648513668
Server3_1022,Server3_1370,50.0,0.3392322383000565
Server3_1370,Server3_1022,50.0,0.3392322383000565
Server3_1866,Server3_582,50.0,0.2828957581878488
Server3_582,Server3_1866,50.0,0.2828957581878488
Server3_1866,Server3_1248,50.0,0.4577019329146539
Server3_1248,Server3_1866,50.0,0.4577019329146539
Server3_1866,Server3_380,50.0,0.4159254856717143
Server3_380,Server3_1866,50.0,0.4159254856717143
Server3_1865,Server3_1716,50.0,0.3207487430046277
Server3_1716,Server3_1865,50.0,0.3207487430046277
Server3_1865,Server3_1621,1.0,2000.0
Server3_1621,Server3_1865,1.0,2000.0
Server3_1386,Server3_1349,50.0,0.4339517799574624
Server3_1349,Server3_1386,50.0,0.4339517799574624
Server3_1386,Server3_1174,50.0,0.449705798891403
Server3_1174,Server3_1386,50.0,0.449705798891403
Server3_35,Server3_1225,50.0,0.2937595586685029
Server3_1225,Server3_35,50.0,0.2937595586685029
Server3_35,Server3_916,50.0,0.3497500799183172
Server3_916,Server3_35,50.0,0.3497500799183172
Server3_512,Server3_817,50.0,0.3485645767064502
Server3_817,Server3_512,50.0,0.3485645767064502
Server3_512,Server3_164,50.0,0.4275763574113971
Server3_164,Server3_512,50.0,0.4275763574113971
Server3_512,Server3_213,50.0,0.4136894367915579
Server3_213,Server3_512,50.0,0.4136894367915579
Server3_512,Server3_1011,50.0,0.4031095721400098
Server3_1011,Server3_512,50.0,0.4031095721400098
Server3_452,Server3_578,50.0,0.3810665042875078
Server3_578,Server3_452,50.0,0.3810665042875078
Server3_452,Server3_858,50.0,0.3762349622461561
Server3_858,Server3_452,50.0,0.3762349622461561
Server3_452,Server3_981,50.0,0.335538021284074
Server3_981,Server3_452,50.0,0.335538021284074
Server3_452,Server3_1709,50.0,0.2797263380440445
Server3_1709,Server3_452,50.0,0.2797263380440445
Server3_1117,Server3_1951,50.0,0.3869104602257907
Server3_1951,Server3_1117,50.0,0.3869104602257907
Server3_1117,Server3_763,50.0,0.4631235778963561
Server3_763,Server3_1117,50.0,0.4631235778963561
Server3_1533,Server3_1050,50.0,0.3897955584384924
Server3_1050,Server3_1533,50.0,0.3897955584384924
Server3_1533,Server3_1933,50.0,0.3293708591856582
Server3_1933,Server3_1533,50.0,0.3293708591856582
Server3_1533,Server3_548,50.0,0.4397447280259212
Server3_548,Server3_1533,50.0,0.4397447280259212
Server3_1533,Server3_754,50.0,0.4323636213110216
Server3_754,Server3_1533,50.0,0.4323636213110216
Server3_1926,Server3_217,50.0,0.34657307420675
Server3_217,Server3_1926,50.0,0.34657307420675
Server3_1926,Server3_919,50.0,0.3169213303125504
Server3_919,Server3_1926,50.0,0.3169213303125504
Server3_567,Server3_497,50.0,0.4076959178921216
Server3_497,Server3_567,50.0,0.4076959178921216
Server3_567,Server3_1074,50.0,0.4939199045459403
Server3_1074,Server3_567,50.0,0.4939199045459403
Server3_567,Server3_1354,50.0,0.3936977866582676
Server3_1354,Server3_567,50.0,0.3936977866582676
Server3_430,Server3_1180,50.0,0.3833224278713831
Server3_1180,Server3_430,50.0,0.3833224278713831
Server3_430,Server3_1284,50.0,0.3610556989244188
Server3_1284,Server3_430,50.0,0.3610556989244188
Server3_1968,Server3_32,50.0,0.342164926188648
Server3_32,Server3_1968,50.0,0.342164926188648
Server3_1968,Server3_701,50.0,0.4034163922463808
Server3_701,Server3_1968,50.0,0.4034163922463808
Server3_1968,Server3_1325,50.0,0.4067444500192531
Server3_1325,Server3_1968,50.0,0.4067444500192531
Server3_1508,Server3_1294,50.0,0.3848181809972318
Server3_1294,Server3_1508,50.0,0.3848181809972318
Server3_1508,Server3_1431,50.0,0.3799969670271432
Server3_1431,Server3_1508,50.0,0.3799969670271432
Server3_474,Server3_734,50.0,0.3212000506376038
Server3_734,Server3_474,50.0,0.3212000506376038
Server3_474,Server3_532,50.0,0.2792842221002726
Server3_532,Server3_474,50.0,0.2792842221002726
Server3_474,Server3_1027,50.0,0.3551029517258582
Server3_1027,Server3_474,50.0,0.3551029517258582
Server3_1465,Server3_1551,50.0,0.4014873941583249
Server3_1551,Server3_1465,50.0,0.4014873941583249
Server3_1465,Server3_1067,1.0,2000.0
Server3_1067,Server3_1465,1.0,2000.0
Server3_1465,Server3_462,50.0,0.3323818348304236
Server3_462,Server3_1465,50.0,0.3323818348304236
Server3_1027,Server3_532,50.0,0.2886187680437258
Server3_532,Server3_1027,50.0,0.2886187680437258
Server3_1313,Server3_1834,50.0,0.285425477414801
Server3_1834,Server3_1313,50.0,0.285425477414801
Server3_1313,Server3_992,50.0,0.525178674390022
Server3_992,Server3_1313,50.0,0.525178674390022
Server3_1313,Server3_591,50.0,0.4705483646561396
Server3_591,Server3_1313,50.0,0.4705483646561396
Server3_215,Server3_927,50.0,0.3869803499518276
Server3_927,Server3_215,50.0,0.3869803499518276
Server3_215,Server3_1322,50.0,0.3155455114568589
Server3_1322,Server3_215,50.0,0.3155455114568589
Server3_352,Server3_1177,1.0,2000.0
Server3_1177,Server3_352,1.0,2000.0
Server3_352,Server3_1666,50.0,0.2762959647402346
Server3_1666,Server3_352,50.0,0.2762959647402346
Server3_352,Server3_1577,50.0,0.3399177016189777
Server3_1577,Server3_352,50.0,0.3399177016189777
Server3_116,Server3_407,1.0,2000.0
Server3_407,Server3_116,1.0,2000.0
Server3_116,Server3_1867,50.0,0.353810791538838
Server3_1867,Server3_116,50.0,0.353810791538838
Server3_116,Server3_1116,50.0,0.3122883811795254
Server3_1116,Server3_116,50.0,0.3122883811795254
Server3_1660,Server3_1362,1.0,2000.0
Server3_1362,Server3_1660,1.0,2000.0
Server3_1660,Server3_445,1.0,2000.0
Server3_445,Server3_1660,1.0,2000.0
Server3_949,Server3_1924,50.0,0.4772482559105323
Server3_1924,Server3_949,50.0,0.4772482559105323
Server3_949,Server3_1131,50.0,0.5709984315576231
Server3_1131,Server3_949,50.0,0.5709984315576231
Server3_949,Server3_455,50.0,0.5054072592962666
Server3_455,Server3_949,50.0,0.5054072592962666
Server3_1736,Server3_419,50.0,0.3196012255181586
Server3_419,Server3_1736,50.0,0.3196012255181586
Server3_1736,Server3_1101,50.0,0.3741236421409092
Server3_1101,Server3_1736,50.0,0.3741236421409092
Server3_1239,Server3_1419,50.0,0.4396140939435028
Server3_1419,Server3_1239,50.0,0.4396140939435028
Server3_1239,Server3_1428,50.0,0.3580116692024798
Server3_1428,Server3_1239,50.0,0.3580116692024798
Server3_1239,Server3_1488,50.0,0.3255983198292038
Server3_1488,Server3_1239,50.0,0.3255983198292038
Server3_1239,Server3_1455,50.0,0.4266311229092552
Server3_1455,Server3_1239,50.0,0.4266311229092552
Server3_1349,Server3_5,50.0,0.416920170019752
Server3_5,Server3_1349,50.0,0.416920170019752
Server3_1349,Server3_1174,50.0,0.3879382763652096
Server3_1174,Server3_1349,50.0,0.3879382763652096
Server3_1349,Server3_1794,1.0,2000.0
Server3_1794,Server3_1349,1.0,2000.0
Server3_325,Server3_1776,50.0,0.46700560378087
Server3_1776,Server3_325,50.0,0.46700560378087
Server3_325,Server3_251,50.0,0.349400373939603
Server3_251,Server3_325,50.0,0.349400373939603
Server3_325,Server3_142,50.0,0.4392451278634226
Server3_142,Server3_325,50.0,0.4392451278634226
Server3_388,Server3_245,50.0,0.487795164162779
Server3_245,Server3_388,50.0,0.487795164162779
Server3_388,Server3_441,50.0,0.592957203979883
Server3_441,Server3_388,50.0,0.592957203979883
Server3_388,Server3_1169,1.0,2000.0
Server3_1169,Server3_388,1.0,2000.0
Server3_1295,Server3_1635,50.0,0.3497884805205228
Server3_1635,Server3_1295,50.0,0.3497884805205228
Server3_1295,Server3_438,50.0,0.3551707818036073
Server3_438,Server3_1295,50.0,0.3551707818036073
Server3_1295,Server3_1681,50.0,0.3604006630423161
Server3_1681,Server3_1295,50.0,0.3604006630423161
Server3_1366,Server3_34,50.0,0.3327611027676332
Server3_34,Server3_1366,50.0,0.3327611027676332
Server3_1366,Server3_1028,50.0,0.3443513778868611
Server3_1028,Server3_1366,50.0,0.3443513778868611
Server3_1366,Server3_1484,50.0,0.3016647221005173
Server3_1484,Server3_1366,50.0,0.3016647221005173
Server3_224,Server3_695,50.0,0.2909428626001578
Server3_695,Server3_224,50.0,0.2909428626001578
Server3_224,Server3_1022,50.0,0.3572536181146696
Server3_1022,Server3_224,50.0,0.3572536181146696
Server3_224,Server3_906,50.0,0.3758722977118206
Server3_906,Server3_224,50.0,0.3758722977118206
Server3_224,Server3_376,50.0,0.3845003894564345
Server3_376,Server3_224,50.0,0.3845003894564345
Server3_768,Server3_1036,50.0,0.3960820687059303
Server3_1036,Server3_768,50.0,0.3960820687059303
Server3_1434,Server3_778,50.0,0.3025521118274779
Server3_778,Server3_1434,50.0,0.3025521118274779
Server3_1434,Server3_126,50.0,0.3113242897196367
Server3_126,Server3_1434,50.0,0.3113242897196367
Server3_1434,Server3_742,50.0,0.398767247402119
Server3_742,Server3_1434,50.0,0.398767247402119
Server3_1547,Server3_1027,50.0,0.4199559060313043
Server3_1027,Server3_1547,50.0,0.4199559060313043
Server3_1547,Server3_1396,50.0,0.3878310551355712
Server3_1396,Server3_1547,50.0,0.3878310551355712
Server3_1547,Server3_1437,50.0,0.2944272606856989
Server3_1437,Server3_1547,50.0,0.2944272606856989
Server3_1547,Server3_1146,50.0,0.3707262841860466
Server3_1146,Server3_1547,50.0,0.3707262841860466
Server3_791,Server3_973,50.0,0.3790252598011802
Server3_973,Server3_791,50.0,0.3790252598011802
Server3_791,Server3_991,50.0,0.3022696301476394
Server3_991,Server3_791,50.0,0.3022696301476394
Server3_791,Server3_304,50.0,0.2842070961071222
Server3_304,Server3_791,50.0,0.2842070961071222
Server3_243,Server3_169,50.0,0.4335058993078092
Server3_169,Server3_243,50.0,0.4335058993078092
Server3_243,Server3_1393,50.0,0.3336132729195588
Server3_1393,Server3_243,50.0,0.3336132729195588
Server3_243,Server3_686,50.0,0.3324061370697656
Server3_686,Server3_243,50.0,0.3324061370697656
Server3_395,Server3_1403,50.0,0.2941307417659446
Server3_1403,Server3_395,50.0,0.2941307417659446
Server3_395,Server3_290,1.0,2000.0
Server3_290,Server3_395,1.0,2000.0
Server3_395,Server3_1122,50.0,0.4757198462553479
Server3_1122,Server3_395,50.0,0.4757198462553479
Server3_638,Server3_1176,50.0,0.405869367849582
Server3_1176,Server3_638,50.0,0.405869367849582
Server3_638,Server3_61,50.0,0.4398407156939056
Server3_61,Server3_638,50.0,0.4398407156939056
Server3_1767,Server3_654,50.0,0.3297715031371716
Server3_654,Server3_1767,50.0,0.3297715031371716
Server3_1767,Server3_1615,50.0,0.2934449628828846
Server3_1615,Server3_1767,50.0,0.2934449628828846
Server3_1384,Server3_768,50.0,0.3398018574077776
Server3_768,Server3_1384,50.0,0.3398018574077776
Server3_1384,Server3_1036,50.0,0.348352003577772
Server3_1036,Server3_1384,50.0,0.348352003577772
Server3_1202,Server3_482,50.0,0.4224700414156485
Server3_482,Server3_1202,50.0,0.4224700414156485
Server3_1202,Server3_96,50.0,0.4770976347367432
Server3_96,Server3_1202,50.0,0.4770976347367432
Server3_169,Server3_1638,50.0,0.3405619313156554
Server3_1638,Server3_169,50.0,0.3405619313156554
Server3_702,Server3_1532,50.0,0.3190142819875706
Server3_1532,Server3_702,50.0,0.3190142819875706
Server3_702,Server3_1192,50.0,0.3540218306114812
Server3_1192,Server3_702,50.0,0.3540218306114812
Server3_702,Server3_641,50.0,0.3977208815713526
Server3_641,Server3_702,50.0,0.3977208815713526
Server3_164,Server3_1036,50.0,0.504476067084846
Server3_1036,Server3_164,50.0,0.504476067084846
Server3_164,Server3_354,50.0,0.2856201166705717
Server3_354,Server3_164,50.0,0.2856201166705717
Server3_338,Server3_726,50.0,0.3617466937216866
Server3_726,Server3_338,50.0,0.3617466937216866
Server3_338,Server3_1654,50.0,0.3267016242139046
Server3_1654,Server3_338,50.0,0.3267016242139046
Server3_338,Server3_1140,50.0,0.422118022618839
Server3_1140,Server3_338,50.0,0.422118022618839
Server3_338,Server3_1531,50.0,0.3080611738450698
Server3_1531,Server3_338,50.0,0.3080611738450698
Server3_1074,Server3_629,50.0,0.38130962118708
Server3_629,Server3_1074,50.0,0.38130962118708
Server3_1074,Server3_1983,1.0,2000.0
Server3_1983,Server3_1074,1.0,2000.0
Server3_1074,Server3_795,50.0,0.4065641758880036
Server3_795,Server3_1074,50.0,0.4065641758880036
Server3_1074,Server3_17,50.0,0.4072655807006204
Server3_17,Server3_1074,50.0,0.4072655807006204
Server3_179,Server3_117,1.0,2000.0
Server3_117,Server3_179,1.0,2000.0
Server3_179,Server3_1407,50.0,0.4500657768662724
Server3_1407,Server3_179,50.0,0.4500657768662724
Server3_179,Server3_1753,50.0,0.4870004385123813
Server3_1753,Server3_179,50.0,0.4870004385123813
Server3_179,Server3_1147,50.0,0.4790798054388504
Server3_1147,Server3_179,50.0,0.4790798054388504
Server3_1828,Server3_100,1.0,2000.0
Server3_100,Server3_1828,1.0,2000.0
Server3_1828,Server3_1259,1.0,2000.0
Server3_1259,Server3_1828,1.0,2000.0
Server3_1828,Server3_123,50.0,0.338692258381199
Server3_123,Server3_1828,50.0,0.338692258381199
Server3_1828,Server3_1730,50.0,0.4011790417090364
Server3_1730,Server3_1828,50.0,0.4011790417090364
Server3_620,Server3_1219,50.0,0.3750315375038088
Server3_1219,Server3_620,50.0,0.3750315375038088
Server3_620,Server3_806,50.0,0.3697401428655502
Server3_806,Server3_620,50.0,0.3697401428655502
Server3_620,Server3_43,50.0,0.4327631729792741
Server3_43,Server3_620,50.0,0.4327631729792741
Server3_620,Server3_1186,50.0,0.3562324968143712
Server3_1186,Server3_620,50.0,0.3562324968143712
Server3_1040,Server3_748,50.0,0.3929204655215498
Server3_748,Server3_1040,50.0,0.3929204655215498
Server3_1040,Server3_1833,50.0,0.2879935718513743
Server3_1833,Server3_1040,50.0,0.2879935718513743
Server3_1040,Server3_1631,50.0,0.3138521759840424
Server3_1631,Server3_1040,50.0,0.3138521759840424
Server3_1040,Server3_110,50.0,0.349454706611201
Server3_110,Server3_1040,50.0,0.349454706611201
Server3_1724,Server3_1805,1.0,2000.0
Server3_1805,Server3_1724,1.0,2000.0
Server3_1724,Server3_184,50.0,0.3670084612902458
Server3_184,Server3_1724,50.0,0.3670084612902458
Server3_206,Server3_790,1.0,2000.0
Server3_790,Server3_206,1.0,2000.0
Server3_206,Server3_1669,1.0,2000.0
Server3_1669,Server3_206,1.0,2000.0
Server3_206,Server3_1264,50.0,0.4714659645936167
Server3_1264,Server3_206,50.0,0.4714659645936167
Server3_206,Server3_1740,50.0,0.4035673894682726
Server3_1740,Server3_206,50.0,0.4035673894682726
Server3_294,Server3_689,50.0,0.423059218746112
Server3_689,Server3_294,50.0,0.423059218746112
Server3_294,Server3_1487,50.0,0.3530305625690326
Server3_1487,Server3_294,50.0,0.3530305625690326
Server3_1634,Server3_1719,1.0,2000.0
Server3_1719,Server3_1634,1.0,2000.0
Server3_1634,Server3_274,50.0,0.3548657480175796
Server3_274,Server3_1634,50.0,0.3548657480175796
Server3_1634,Server3_1646,50.0,0.4144518982804557
Server3_1646,Server3_1634,50.0,0.4144518982804557
Server3_1634,Server3_1212,50.0,0.4159175691399346
Server3_1212,Server3_1634,50.0,0.4159175691399346
Server3_809,Server3_1444,50.0,0.5111003091879827
Server3_1444,Server3_809,50.0,0.5111003091879827
Server3_809,Server3_154,50.0,0.5600525832772247
Server3_154,Server3_809,50.0,0.5600525832772247
Server3_1335,Server3_1766,50.0,0.2959790017350232
Server3_1766,Server3_1335,50.0,0.2959790017350232
Server3_1335,Server3_831,50.0,0.4173276643824914
Server3_831,Server3_1335,50.0,0.4173276643824914
Server3_1335,Server3_765,1.0,2000.0
Server3_765,Server3_1335,1.0,2000.0
Server3_491,Server3_1475,50.0,0.3917096148593382
Server3_1475,Server3_491,50.0,0.3917096148593382
Server3_491,Server3_419,50.0,0.3244484157836452
Server3_419,Server3_491,50.0,0.3244484157836452
Server3_1751,Server3_1471,50.0,0.4725778776417178
Server3_1471,Server3_1751,50.0,0.4725778776417178
Server3_1751,Server3_1160,1.0,2000.0
Server3_1160,Server3_1751,1.0,2000.0
Server3_1751,Server3_432,1.0,2000.0
Server3_432,Server3_1751,1.0,2000.0
Server3_1751,Server3_367,50.0,0.3786408430780922
Server3_367,Server3_1751,50.0,0.3786408430780922
Server3_763,Server3_830,50.0,0.4098103601668427
Server3_830,Server3_763,50.0,0.4098103601668427
Server3_763,Server3_312,50.0,0.38169917090103
Server3_312,Server3_763,50.0,0.38169917090103
Server3_763,Server3_1567,50.0,0.4237864186624292
Server3_1567,Server3_763,50.0,0.4237864186624292
Server3_270,Server3_567,50.0,0.4216917617560779
Server3_567,Server3_270,50.0,0.4216917617560779
Server3_270,Server3_497,50.0,0.390195941604263
Server3_497,Server3_270,50.0,0.390195941604263
Server3_270,Server3_1313,50.0,0.37860993200615
Server3_1313,Server3_270,50.0,0.37860993200615
Server3_268,Server3_1662,50.0,0.3078006817923476
Server3_1662,Server3_268,50.0,0.3078006817923476
Server3_268,Server3_1727,50.0,0.4509712709697922
Server3_1727,Server3_268,50.0,0.4509712709697922
Server3_772,Server3_874,50.0,0.3665330404124322
Server3_874,Server3_772,50.0,0.3665330404124322
Server3_772,Server3_1931,50.0,0.4187570335548292
Server3_1931,Server3_772,50.0,0.4187570335548292
Server3_772,Server3_142,50.0,0.3955330109297626
Server3_142,Server3_772,50.0,0.3955330109297626
Server3_152,Server3_502,1.0,2000.0
Server3_502,Server3_152,1.0,2000.0
Server3_152,Server3_975,50.0,0.5400645875924145
Server3_975,Server3_152,50.0,0.5400645875924145
Server3_152,Server3_135,50.0,0.4985768738059182
Server3_135,Server3_152,50.0,0.4985768738059182
Server3_152,Server3_1004,50.0,0.5827467273473556
Server3_1004,Server3_152,50.0,0.5827467273473556
Server3_1778,Server3_191,50.0,0.4759670416900639
Server3_191,Server3_1778,50.0,0.4759670416900639
Server3_1778,Server3_1708,50.0,0.4731282731548977
Server3_1708,Server3_1778,50.0,0.4731282731548977
Server3_1778,Server3_1668,50.0,0.3818217082406175
Server3_1668,Server3_1778,50.0,0.3818217082406175
Server3_458,Server3_1816,50.0,0.3698828607413796
Server3_1816,Server3_458,50.0,0.3698828607413796
Server3_458,Server3_844,50.0,0.5019376049058324
Server3_844,Server3_458,50.0,0.5019376049058324
Server3_1608,Server3_630,50.0,0.3559200720451729
Server3_630,Server3_1608,50.0,0.3559200720451729
Server3_1608,Server3_353,1.0,2000.0
Server3_353,Server3_1608,1.0,2000.0
Server3_1608,Server3_1205,50.0,0.3802762917696056
Server3_1205,Server3_1608,50.0,0.3802762917696056
Server3_1704,Server3_558,50.0,0.4713349305224101
Server3_558,Server3_1704,50.0,0.4713349305224101
Server3_1704,Server3_638,50.0,0.4118953310892372
Server3_638,Server3_1704,50.0,0.4118953310892372
Server3_1704,Server3_76,50.0,0.398054438118392
Server3_76,Server3_1704,50.0,0.398054438118392
Server3_1704,Server3_1485,50.0,0.4704183337852624
Server3_1485,Server3_1704,50.0,0.4704183337852624
Server3_436,Server3_864,50.0,0.4144143582993199
Server3_864,Server3_436,50.0,0.4144143582993199
Server3_436,Server3_229,50.0,0.4582403983198988
Server3_229,Server3_436,50.0,0.4582403983198988
Server3_436,Server3_1591,50.0,0.3897703777478175
Server3_1591,Server3_436,50.0,0.3897703777478175
Server3_1139,Server3_1862,50.0,0.4594727240208053
Server3_1862,Server3_1139,50.0,0.4594727240208053
Server3_1139,Server3_1737,50.0,0.3957009514578253
Server3_1737,Server3_1139,50.0,0.3957009514578253
Server3_1139,Server3_1693,50.0,0.3744727585839706
Server3_1693,Server3_1139,50.0,0.3744727585839706
Server3_646,Server3_416,50.0,0.3707405092328779
Server3_416,Server3_646,50.0,0.3707405092328779
Server3_646,Server3_491,50.0,0.3826776344533697
Server3_491,Server3_646,50.0,0.3826776344533697
Server3_73,Server3_1784,50.0,0.3335300705338966
Server3_1784,Server3_73,50.0,0.3335300705338966
Server3_73,Server3_1176,50.0,0.3410749196218916
Server3_1176,Server3_73,50.0,0.3410749196218916
Server3_73,Server3_505,1.0,2000.0
Server3_505,Server3_73,1.0,2000.0
Server3_431,Server3_569,50.0,0.379510517508579
Server3_569,Server3_431,50.0,0.379510517508579
Server3_431,Server3_1311,50.0,0.3312811916541241
Server3_1311,Server3_431,50.0,0.3312811916541241
Server3_428,Server3_1879,50.0,0.3661958940211732
Server3_1879,Server3_428,50.0,0.3661958940211732
Server3_428,Server3_1535,50.0,0.4328223909333757
Server3_1535,Server3_428,50.0,0.4328223909333757
Server3_428,Server3_1589,50.0,0.4640729836726674
Server3_1589,Server3_428,50.0,0.4640729836726674
Server3_428,Server3_1811,50.0,0.4750829037389993
Server3_1811,Server3_428,50.0,0.4750829037389993
Server3_1602,Server3_151,50.0,0.3568074120399766
Server3_151,Server3_1602,50.0,0.3568074120399766
Server3_1602,Server3_1754,50.0,0.3548482777364484
Server3_1754,Server3_1602,50.0,0.3548482777364484
Server3_1602,Server3_380,50.0,0.3058617201584902
Server3_380,Server3_1602,50.0,0.3058617201584902
Server3_1602,Server3_1809,50.0,0.392172010983704
Server3_1809,Server3_1602,50.0,0.392172010983704
Server3_599,Server3_139,50.0,0.329997065389239
Server3_139,Server3_599,50.0,0.329997065389239
Server3_599,Server3_1062,50.0,0.2920308923256874
Server3_1062,Server3_599,50.0,0.2920308923256874
Server3_599,Server3_762,50.0,0.2963615872071684
Server3_762,Server3_599,50.0,0.2963615872071684
Server3_599,Server3_526,50.0,0.3866687874205304
Server3_526,Server3_599,50.0,0.3866687874205304
Server3_641,Server3_1583,50.0,0.3899219045588224
Server3_1583,Server3_641,50.0,0.3899219045588224
Server3_641,Server3_1768,50.0,0.401920338333453
Server3_1768,Server3_641,50.0,0.401920338333453
Server3_641,Server3_1867,50.0,0.3338283614068003
Server3_1867,Server3_641,50.0,0.3338283614068003
Server3_1610,Server3_1219,50.0,0.4057150117251807
Server3_1219,Server3_1610,50.0,0.4057150117251807
Server3_1610,Server3_1054,50.0,0.4079111180961443
Server3_1054,Server3_1610,50.0,0.4079111180961443
Server3_1610,Server3_845,50.0,0.3505595740338968
Server3_845,Server3_1610,50.0,0.3505595740338968
Server3_1647,Server3_1226,50.0,0.3943739042286012
Server3_1226,Server3_1647,50.0,0.3943739042286012
Server3_1647,Server3_1489,50.0,0.4494946244076424
Server3_1489,Server3_1647,50.0,0.4494946244076424
Server3_1647,Server3_230,50.0,0.4863062305188094
Server3_230,Server3_1647,50.0,0.4863062305188094
Server3_80,Server3_1584,50.0,0.3339490536458784
Server3_1584,Server3_80,50.0,0.3339490536458784
Server3_80,Server3_536,50.0,0.3180268060439562
Server3_536,Server3_80,50.0,0.3180268060439562
Server3_80,Server3_775,50.0,0.3558534710664562
Server3_775,Server3_80,50.0,0.3558534710664562
Server3_80,Server3_604,50.0,0.3228024253073863
Server3_604,Server3_80,50.0,0.3228024253073863
Server3_628,Server3_1653,50.0,0.36848325143772
Server3_1653,Server3_628,50.0,0.36848325143772
Server3_628,Server3_309,50.0,0.4611943314921538
Server3_309,Server3_628,50.0,0.4611943314921538
Server3_628,Server3_846,1.0,2000.0
Server3_846,Server3_628,1.0,2000.0
Server3_249,Server3_755,50.0,0.4183505640856724
Server3_755,Server3_249,50.0,0.4183505640856724
Server3_249,Server3_188,50.0,0.3465840934504326
Server3_188,Server3_249,50.0,0.3465840934504326
Server3_656,Server3_1136,50.0,0.2901403258579624
Server3_1136,Server3_656,50.0,0.2901403258579624
Server3_656,Server3_591,50.0,0.3298049227777288
Server3_591,Server3_656,50.0,0.3298049227777288
Server3_921,Server3_812,50.0,0.3200263883722156
Server3_812,Server3_921,50.0,0.3200263883722156
Server3_921,Server3_908,50.0,0.391830957862952
Server3_908,Server3_921,50.0,0.391830957862952
Server3_921,Server3_759,50.0,0.3374784236983567
Server3_759,Server3_921,50.0,0.3374784236983567
Server3_921,Server3_1960,50.0,0.3881300548573599
Server3_1960,Server3_921,50.0,0.3881300548573599
Server3_1701,Server3_685,50.0,0.3689523941233671
Server3_685,Server3_1701,50.0,0.3689523941233671
Server3_1701,Server3_609,50.0,0.3204378934493876
Server3_609,Server3_1701,50.0,0.3204378934493876
Server3_1701,Server3_978,50.0,0.3334573209646782
Server3_978,Server3_1701,50.0,0.3334573209646782
Server3_1681,Server3_707,1.0,2000.0
Server3_707,Server3_1681,1.0,2000.0
Server3_1681,Server3_485,50.0,0.4049147315415684
Server3_485,Server3_1681,50.0,0.4049147315415684
Server3_915,Server3_597,50.0,0.4083167457469643
Server3_597,Server3_915,50.0,0.4083167457469643
Server3_915,Server3_828,50.0,0.45575532857133
Server3_828,Server3_915,50.0,0.45575532857133
Server3_915,Server3_1247,50.0,0.50124424802127
Server3_1247,Server3_915,50.0,0.50124424802127
Server3_915,Server3_1010,50.0,0.4254811206416252
Server3_1010,Server3_915,50.0,0.4254811206416252
Server3_680,Server3_451,50.0,0.342617106734658
Server3_451,Server3_680,50.0,0.342617106734658
Server3_680,Server3_89,50.0,0.3536410976269784
Server3_89,Server3_680,50.0,0.3536410976269784
Server3_680,Server3_527,50.0,0.33645232654082
Server3_527,Server3_680,50.0,0.33645232654082
Server3_1950,Server3_675,50.0,0.4200103122951079
Server3_675,Server3_1950,50.0,0.4200103122951079
Server3_1950,Server3_706,50.0,0.4497802052960002
Server3_706,Server3_1950,50.0,0.4497802052960002
Server3_1957,Server3_31,50.0,0.3629477036842065
Server3_31,Server3_1957,50.0,0.3629477036842065
Server3_1957,Server3_1633,50.0,0.309611943068999
Server3_1633,Server3_1957,50.0,0.309611943068999
Server3_50,Server3_860,50.0,0.3845745123003241
Server3_860,Server3_50,50.0,0.3845745123003241
Server3_50,Server3_445,1.0,2000.0
Server3_445,Server3_50,1.0,2000.0
Server3_50,Server3_1830,50.0,0.2807923823459353
Server3_1830,Server3_50,50.0,0.2807923823459353
Server3_50,Server3_756,50.0,0.3943060578081655
Server3_756,Server3_50,50.0,0.3943060578081655
Server3_1209,Server3_163,50.0,0.3069238906288834
Server3_163,Server3_1209,50.0,0.3069238906288834
Server3_1209,Server3_1521,50.0,0.4278380686188294
Server3_1521,Server3_1209,50.0,0.4278380686188294
Server3_1209,Server3_933,50.0,0.4131693726627222
Server3_933,Server3_1209,50.0,0.4131693726627222
Server3_1209,Server3_252,50.0,0.417041658061384
Server3_252,Server3_1209,50.0,0.417041658061384
Server3_890,Server3_1562,50.0,0.3141035949687103
Server3_1562,Server3_890,50.0,0.3141035949687103
Server3_890,Server3_175,50.0,0.3358454140194676
Server3_175,Server3_890,50.0,0.3358454140194676
Server3_890,Server3_1337,50.0,0.3340519197493484
Server3_1337,Server3_890,50.0,0.3340519197493484
Server3_890,Server3_64,50.0,0.323966255008638
Server3_64,Server3_890,50.0,0.323966255008638
Server3_1382,Server3_912,1.0,2000.0
Server3_912,Server3_1382,1.0,2000.0
Server3_1382,Server3_1044,50.0,0.4011099590271306
Server3_1044,Server3_1382,50.0,0.4011099590271306
Server3_1382,Server3_887,50.0,0.4130999238177946
Server3_887,Server3_1382,50.0,0.4130999238177946
Server3_1204,Server3_1676,50.0,0.3776916692683902
Server3_1676,Server3_1204,50.0,0.3776916692683902
Server3_1204,Server3_990,50.0,0.4154077874365516
Server3_990,Server3_1204,50.0,0.4154077874365516
Server3_1055,Server3_1728,50.0,0.3746771025172415
Server3_1728,Server3_1055,50.0,0.3746771025172415
Server3_1055,Server3_19,50.0,0.3580788786918232
Server3_19,Server3_1055,50.0,0.3580788786918232
Server3_1055,Server3_1312,1.0,2000.0
Server3_1312,Server3_1055,1.0,2000.0
Server3_1458,Server3_1425,50.0,0.3432479561209602
Server3_1425,Server3_1458,50.0,0.3432479561209602
Server3_1458,Server3_1957,50.0,0.3818340036757093
Server3_1957,Server3_1458,50.0,0.3818340036757093
Server3_1458,Server3_917,50.0,0.330904910322067
Server3_917,Server3_1458,50.0,0.330904910322067
Server3_1458,Server3_841,50.0,0.3996753848059742
Server3_841,Server3_1458,50.0,0.3996753848059742
Server3_1443,Server3_907,50.0,0.494406307974681
Server3_907,Server3_1443,50.0,0.494406307974681
Server3_1443,Server3_1447,50.0,0.4043234457982474
Server3_1447,Server3_1443,50.0,0.4043234457982474
Server3_1443,Server3_1398,50.0,0.4160646003898698
Server3_1398,Server3_1443,50.0,0.4160646003898698
Server3_1443,Server3_1452,50.0,0.3004242344851376
Server3_1452,Server3_1443,50.0,0.3004242344851376
Server3_629,Server3_17,50.0,0.392935278629037
Server3_17,Server3_629,50.0,0.392935278629037
Server3_953,Server3_1022,50.0,0.3982529023380878
Server3_1022,Server3_953,50.0,0.3982529023380878
Server3_953,Server3_1015,1.0,2000.0
Server3_1015,Server3_953,1.0,2000.0
Server3_953,Server3_1821,50.0,0.3937770571032702
Server3_1821,Server3_953,50.0,0.3937770571032702
Server3_1186,Server3_1119,50.0,0.2795707594602636
Server3_1119,Server3_1186,50.0,0.2795707594602636
Server3_1186,Server3_806,50.0,0.4104710103641554
Server3_806,Server3_1186,50.0,0.4104710103641554
Server3_1186,Server3_285,50.0,0.3316981349526691
Server3_285,Server3_1186,50.0,0.3316981349526691
Server3_1221,Server3_1327,50.0,0.38370908095908
Server3_1327,Server3_1221,50.0,0.38370908095908
Server3_1221,Server3_1955,50.0,0.3928848983539816
Server3_1955,Server3_1221,50.0,0.3928848983539816
Server3_1267,Server3_105,50.0,0.4877433950533458
Server3_105,Server3_1267,50.0,0.4877433950533458
Server3_1267,Server3_1193,50.0,0.4687529187220042
Server3_1193,Server3_1267,50.0,0.4687529187220042
Server3_1267,Server3_1744,50.0,0.349958883474548
Server3_1744,Server3_1267,50.0,0.349958883474548
Server3_1267,Server3_847,50.0,0.3892935814963304
Server3_847,Server3_1267,50.0,0.3892935814963304
Server3_1051,Server3_1240,50.0,0.3115805523925673
Server3_1240,Server3_1051,50.0,0.3115805523925673
Server3_1051,Server3_176,50.0,0.4159892226636394
Server3_176,Server3_1051,50.0,0.4159892226636394
Server3_595,Server3_1798,50.0,0.3246546226167892
Server3_1798,Server3_595,50.0,0.3246546226167892
Server3_595,Server3_1235,50.0,0.3568778308894871
Server3_1235,Server3_595,50.0,0.3568778308894871
Server3_1537,Server3_413,50.0,0.3994792888096716
Server3_413,Server3_1537,50.0,0.3994792888096716
Server3_1537,Server3_529,50.0,0.295977104554499
Server3_529,Server3_1537,50.0,0.295977104554499
Server3_1537,Server3_1737,50.0,0.4243319972083916
Server3_1737,Server3_1537,50.0,0.4243319972083916
Server3_1252,Server3_1309,50.0,0.3184785224167584
Server3_1309,Server3_1252,50.0,0.3184785224167584
Server3_1252,Server3_154,50.0,0.6725726784108186
Server3_154,Server3_1252,50.0,0.6725726784108186
Server3_1252,Server3_330,50.0,0.6096887551839226
Server3_330,Server3_1252,50.0,0.6096887551839226
Server3_1252,Server3_882,50.0,0.6849038598591295
Server3_882,Server3_1252,50.0,0.6849038598591295
Server3_993,Server3_433,50.0,0.3721143569937311
Server3_433,Server3_993,50.0,0.3721143569937311
Server3_993,Server3_1901,50.0,0.5011650679493947
Server3_1901,Server3_993,50.0,0.5011650679493947
Server3_1012,Server3_1191,50.0,0.3675563399347096
Server3_1191,Server3_1012,50.0,0.3675563399347096
Server3_1012,Server3_1872,50.0,0.3915961897193147
Server3_1872,Server3_1012,50.0,0.3915961897193147
Server3_1255,Server3_789,50.0,0.3992220099672276
Server3_789,Server3_1255,50.0,0.3992220099672276
Server3_1255,Server3_401,50.0,0.3212809466371812
Server3_401,Server3_1255,50.0,0.3212809466371812
Server3_1255,Server3_414,50.0,0.4954114355256511
Server3_414,Server3_1255,50.0,0.4954114355256511
Server3_841,Server3_780,50.0,0.4218757689826112
Server3_780,Server3_841,50.0,0.4218757689826112
Server3_841,Server3_544,50.0,0.4387048553190135
Server3_544,Server3_841,50.0,0.4387048553190135
Server3_841,Server3_464,50.0,0.3052862872954524
Server3_464,Server3_841,50.0,0.3052862872954524
Server3_558,Server3_21,50.0,0.3106000962382925
Server3_21,Server3_558,50.0,0.3106000962382925
Server3_558,Server3_1665,50.0,0.3265997294832438
Server3_1665,Server3_558,50.0,0.3265997294832438
Server3_535,Server3_1330,50.0,0.4245783052332073
Server3_1330,Server3_535,50.0,0.4245783052332073
Server3_535,Server3_1438,50.0,0.3731315871808666
Server3_1438,Server3_535,50.0,0.3731315871808666
Server3_535,Server3_507,50.0,0.4445491205934804
Server3_507,Server3_535,50.0,0.4445491205934804
Server3_241,Server3_216,1.0,2000.0
Server3_216,Server3_241,1.0,2000.0
Server3_241,Server3_1869,1.0,2000.0
Server3_1869,Server3_241,1.0,2000.0
Server3_241,Server3_468,50.0,0.4564799951938003
Server3_468,Server3_241,50.0,0.4564799951938003
Server3_1835,Server3_52,50.0,0.2661290134609422
Server3_52,Server3_1835,50.0,0.2661290134609422
Server3_1835,Server3_1582,50.0,0.3632052236725968
Server3_1582,Server3_1835,50.0,0.3632052236725968
Server3_1835,Server3_1738,50.0,0.3137995403303156
Server3_1738,Server3_1835,50.0,0.3137995403303156
Server3_1835,Server3_1820,50.0,0.3586984873698488
Server3_1820,Server3_1835,50.0,0.3586984873698488
Server3_238,Server3_863,50.0,0.3130111378331621
Server3_863,Server3_238,50.0,0.3130111378331621
Server3_238,Server3_861,50.0,0.2872271054045807
Server3_861,Server3_238,50.0,0.2872271054045807
Server3_238,Server3_1724,50.0,0.378666788052249
Server3_1724,Server3_238,50.0,0.378666788052249
Server3_238,Server3_1041,50.0,0.4131794017337996
Server3_1041,Server3_238,50.0,0.4131794017337996
Server3_247,Server3_1057,50.0,0.3151534335532766
Server3_1057,Server3_247,50.0,0.3151534335532766
Server3_247,Server3_1390,1.0,2000.0
Server3_1390,Server3_247,1.0,2000.0
Server3_247,Server3_629,50.0,0.2994164889298922
Server3_629,Server3_247,50.0,0.2994164889298922
Server3_236,Server3_1036,50.0,0.3609968124508454
Server3_1036,Server3_236,50.0,0.3609968124508454
Server3_236,Server3_833,50.0,0.3990312090886164
Server3_833,Server3_236,50.0,0.3990312090886164
Server3_236,Server3_1680,50.0,0.4654831485806402
Server3_1680,Server3_236,50.0,0.4654831485806402
Server3_236,Server3_984,1.0,2000.0
Server3_984,Server3_236,1.0,2000.0
Server3_1903,Server3_663,50.0,0.4455761765697882
Server3_663,Server3_1903,50.0,0.4455761765697882
Server3_1903,Server3_1148,1.0,2000.0
Server3_1148,Server3_1903,1.0,2000.0
Server3_282,Server3_589,50.0,0.2739941002893491
Server3_589,Server3_282,50.0,0.2739941002893491
Server3_282,Server3_1458,50.0,0.4134653527888444
Server3_1458,Server3_282,50.0,0.4134653527888444
Server3_282,Server3_1076,50.0,0.3196444420082374
Server3_1076,Server3_282,50.0,0.3196444420082374
Server3_208,Server3_723,50.0,0.3605359327648035
Server3_723,Server3_208,50.0,0.3605359327648035
Server3_208,Server3_1189,50.0,0.3330353744413293
Server3_1189,Server3_208,50.0,0.3330353744413293
Server3_52,Server3_1582,50.0,0.3928036508255036
Server3_1582,Server3_52,50.0,0.3928036508255036
Server3_198,Server3_762,50.0,0.3483982441195783
Server3_762,Server3_198,50.0,0.3483982441195783
Server3_198,Server3_315,50.0,0.295341165212964
Server3_315,Server3_198,50.0,0.295341165212964
Server3_198,Server3_398,50.0,0.3102815732602822
Server3_398,Server3_198,50.0,0.3102815732602822
Server3_198,Server3_1288,50.0,0.326019417906882
Server3_1288,Server3_198,50.0,0.326019417906882
Server3_506,Server3_1021,50.0,0.3629898967706827
Server3_1021,Server3_506,50.0,0.3629898967706827
Server3_506,Server3_1269,50.0,0.4456912330422258
Server3_1269,Server3_506,50.0,0.4456912330422258
Server3_506,Server3_1671,50.0,0.3938485899492626
Server3_1671,Server3_506,50.0,0.3938485899492626
Server3_506,Server3_1511,50.0,0.4367991240087275
Server3_1511,Server3_506,50.0,0.4367991240087275
Server3_150,Server3_1293,50.0,0.3706973116806032
Server3_1293,Server3_150,50.0,0.3706973116806032
Server3_150,Server3_604,50.0,0.3156085058353157
Server3_604,Server3_150,50.0,0.3156085058353157
Server3_150,Server3_1521,50.0,0.4078426999667224
Server3_1521,Server3_150,50.0,0.4078426999667224
Server3_305,Server3_176,50.0,0.3070992613061142
Server3_176,Server3_305,50.0,0.3070992613061142
Server3_305,Server3_1617,50.0,0.2932573538341987
Server3_1617,Server3_305,50.0,0.2932573538341987
Server3_305,Server3_1052,50.0,0.2890853270342579
Server3_1052,Server3_305,50.0,0.2890853270342579
Server3_1831,Server3_1713,50.0,0.3794261438489407
Server3_1713,Server3_1831,50.0,0.3794261438489407
Server3_1831,Server3_410,50.0,0.2946337892987404
Server3_410,Server3_1831,50.0,0.2946337892987404
Server3_1831,Server3_63,50.0,0.4000456773990677
Server3_63,Server3_1831,50.0,0.4000456773990677
Server3_1831,Server3_1086,50.0,0.3945724118490369
Server3_1086,Server3_1831,50.0,0.3945724118490369
Server3_1961,Server3_350,50.0,0.3452053479317952
Server3_350,Server3_1961,50.0,0.3452053479317952
Server3_1961,Server3_1261,50.0,0.3117308442741146
Server3_1261,Server3_1961,50.0,0.3117308442741146
Server3_1961,Server3_636,50.0,0.376553610719756
Server3_636,Server3_1961,50.0,0.376553610719756
Server3_1961,Server3_2,50.0,0.305174859724534
Server3_2,Server3_1961,50.0,0.305174859724534
Server3_312,Server3_830,50.0,0.5116652271368967
Server3_830,Server3_312,50.0,0.5116652271368967
Server3_312,Server3_1567,50.0,0.3272276308136798
Server3_1567,Server3_312,50.0,0.3272276308136798
Server3_312,Server3_1691,50.0,0.355824563679083
Server3_1691,Server3_312,50.0,0.355824563679083
Server3_361,Server3_1952,50.0,0.4032124146973104
Server3_1952,Server3_361,50.0,0.4032124146973104
Server3_361,Server3_1795,50.0,0.4650135350467065
Server3_1795,Server3_361,50.0,0.4650135350467065
Server3_361,Server3_612,50.0,0.5382805311807601
Server3_612,Server3_361,50.0,0.5382805311807601
Server3_361,Server3_250,50.0,0.4022685575464644
Server3_250,Server3_361,50.0,0.4022685575464644
Server3_330,Server3_866,50.0,0.4480050215682726
Server3_866,Server3_330,50.0,0.4480050215682726
Server3_330,Server3_1080,50.0,0.5228730367504099
Server3_1080,Server3_330,50.0,0.5228730367504099
Server3_330,Server3_1564,50.0,0.3166406991600183
Server3_1564,Server3_330,50.0,0.3166406991600183
Server3_1552,Server3_404,50.0,0.4370871142788146
Server3_404,Server3_1552,50.0,0.4370871142788146
Server3_1552,Server3_248,50.0,0.4417602596152813
Server3_248,Server3_1552,50.0,0.4417602596152813
Server3_1552,Server3_420,50.0,0.427650032405274
Server3_420,Server3_1552,50.0,0.427650032405274
Server3_1840,Server3_355,50.0,0.3146540857874914
Server3_355,Server3_1840,50.0,0.3146540857874914
Server3_1840,Server3_1466,50.0,0.3520654675609487
Server3_1466,Server3_1840,50.0,0.3520654675609487
Server3_1840,Server3_1877,50.0,0.3989158581767114
Server3_1877,Server3_1840,50.0,0.3989158581767114
Server3_1840,Server3_1762,50.0,0.4029633387636482
Server3_1762,Server3_1840,50.0,0.4029633387636482
Server3_587,Server3_229,50.0,0.4585179197375446
Server3_229,Server3_587,50.0,0.4585179197375446
Server3_587,Server3_867,50.0,0.4197106795523306
Server3_867,Server3_587,50.0,0.4197106795523306
Server3_451,Server3_929,50.0,0.2660523552212024
Server3_929,Server3_451,50.0,0.2660523552212024
Server3_451,Server3_1327,50.0,0.3969283575020651
Server3_1327,Server3_451,50.0,0.3969283575020651
Server3_451,Server3_527,50.0,0.3171319749852008
Server3_527,Server3_451,50.0,0.3171319749852008
Server3_1850,Server3_1966,50.0,0.344409308408333
Server3_1966,Server3_1850,50.0,0.344409308408333
Server3_1850,Server3_972,50.0,0.5137628688767475
Server3_972,Server3_1850,50.0,0.5137628688767475
Server3_1850,Server3_1822,50.0,0.3576436737706592
Server3_1822,Server3_1850,50.0,0.3576436737706592
Server3_1850,Server3_836,1.0,2000.0
Server3_836,Server3_1850,1.0,2000.0
Server3_1924,Server3_1095,50.0,0.3907466606837761
Server3_1095,Server3_1924,50.0,0.3907466606837761
Server3_1924,Server3_1261,50.0,0.4438686391580448
Server3_1261,Server3_1924,50.0,0.4438686391580448
Server3_887,Server3_1521,50.0,0.3110823023654987
Server3_1521,Server3_887,50.0,0.3110823023654987
Server3_887,Server3_1163,50.0,0.3212971989224872
Server3_1163,Server3_887,50.0,0.3212971989224872
Server3_887,Server3_1650,50.0,0.4134802972294222
Server3_1650,Server3_887,50.0,0.4134802972294222
Server3_887,Server3_987,50.0,0.3734273980948997
Server3_987,Server3_887,50.0,0.3734273980948997
Server3_396,Server3_637,50.0,0.414560591525029
Server3_637,Server3_396,50.0,0.414560591525029
Server3_396,Server3_1940,50.0,0.4414418036038978
Server3_1940,Server3_396,50.0,0.4414418036038978
Server3_396,Server3_1302,1.0,2000.0
Server3_1302,Server3_396,1.0,2000.0
Server3_396,Server3_206,50.0,0.3663366400464186
Server3_206,Server3_396,50.0,0.3663366400464186
Server3_231,Server3_1142,50.0,0.3095690698350801
Server3_1142,Server3_231,50.0,0.3095690698350801
Server3_231,Server3_1260,50.0,0.3052236430032418
Server3_1260,Server3_231,50.0,0.3052236430032418
Server3_223,Server3_1103,50.0,0.4378138950439262
Server3_1103,Server3_223,50.0,0.4378138950439262
Server3_223,Server3_75,50.0,0.3061278562470525
Server3_75,Server3_223,50.0,0.3061278562470525
Server3_222,Server3_1131,50.0,0.3379269958431132
Server3_1131,Server3_222,50.0,0.3379269958431132
Server3_222,Server3_1961,50.0,0.409824599009053
Server3_1961,Server3_222,50.0,0.409824599009053
Server3_222,Server3_1838,50.0,0.2929101707047508
Server3_1838,Server3_222,50.0,0.2929101707047508
Server3_222,Server3_1095,50.0,0.2906278101778636
Server3_1095,Server3_222,50.0,0.2906278101778636
Server3_818,Server3_121,50.0,0.3572903200811018
Server3_121,Server3_818,50.0,0.3572903200811018
Server3_818,Server3_1985,50.0,0.4144046227995235
Server3_1985,Server3_818,50.0,0.4144046227995235
Server3_818,Server3_1214,50.0,0.4626561840380364
Server3_1214,Server3_818,50.0,0.4626561840380364
Server3_1895,Server3_851,50.0,0.2924447321284456
Server3_851,Server3_1895,50.0,0.2924447321284456
Server3_1895,Server3_1287,50.0,0.430504708290308
Server3_1287,Server3_1895,50.0,0.430504708290308
Server3_1895,Server3_1131,50.0,0.3848708179920417
Server3_1131,Server3_1895,50.0,0.3848708179920417
Server3_1471,Server3_1912,50.0,0.3311154839042552
Server3_1912,Server3_1471,50.0,0.3311154839042552
Server3_1471,Server3_1540,1.0,2000.0
Server3_1540,Server3_1471,1.0,2000.0
Server3_1471,Server3_1537,50.0,0.4754977520474579
Server3_1537,Server3_1471,50.0,0.4754977520474579
Server3_1471,Server3_739,1.0,2000.0
Server3_739,Server3_1471,1.0,2000.0
Server3_901,Server3_1675,50.0,0.3027886211872572
Server3_1675,Server3_901,50.0,0.3027886211872572
Server3_901,Server3_1512,50.0,0.3366755991079203
Server3_1512,Server3_901,50.0,0.3366755991079203
Server3_901,Server3_411,50.0,0.3443711863842396
Server3_411,Server3_901,50.0,0.3443711863842396
Server3_602,Server3_1396,50.0,0.4755179384649996
Server3_1396,Server3_602,50.0,0.4755179384649996
Server3_602,Server3_1245,50.0,0.3088703722193334
Server3_1245,Server3_602,50.0,0.3088703722193334
Server3_602,Server3_1146,50.0,0.3717011608086696
Server3_1146,Server3_602,50.0,0.3717011608086696
Server3_1276,Server3_881,50.0,0.3999479954793038
Server3_881,Server3_1276,50.0,0.3999479954793038
Server3_1276,Server3_1887,50.0,0.4046013228599017
Server3_1887,Server3_1276,50.0,0.4046013228599017
Server3_1276,Server3_1551,50.0,0.5715416075328137
Server3_1551,Server3_1276,50.0,0.5715416075328137
Server3_832,Server3_401,50.0,0.3976697102130067
Server3_401,Server3_832,50.0,0.3976697102130067
Server3_832,Server3_1874,50.0,0.3877538436472811
Server3_1874,Server3_832,50.0,0.3877538436472811
Server3_832,Server3_1227,50.0,0.3284362987596408
Server3_1227,Server3_832,50.0,0.3284362987596408
Server3_832,Server3_1,50.0,0.3640409409563518
Server3_1,Server3_832,50.0,0.3640409409563518
Server3_1211,Server3_302,50.0,0.3243349679967538
Server3_302,Server3_1211,50.0,0.3243349679967538
Server3_1211,Server3_1269,50.0,0.3069551489638598
Server3_1269,Server3_1211,50.0,0.3069551489638598
Server3_419,Server3_1475,50.0,0.3936740999320716
Server3_1475,Server3_419,50.0,0.3936740999320716
Server3_419,Server3_742,50.0,0.2865369897215152
Server3_742,Server3_419,50.0,0.2865369897215152
Server3_1873,Server3_410,50.0,0.4779578111046337
Server3_410,Server3_1873,50.0,0.4779578111046337
Server3_1873,Server3_1947,1.0,2000.0
Server3_1947,Server3_1873,1.0,2000.0
Server3_1873,Server3_1243,50.0,0.3745645931172164
Server3_1243,Server3_1873,50.0,0.3745645931172164
Server3_1873,Server3_1815,50.0,0.4989016825713942
Server3_1815,Server3_1873,50.0,0.4989016825713942
Server3_867,Server3_435,50.0,0.4582000148633923
Server3_435,Server3_867,50.0,0.4582000148633923
Server3_867,Server3_105,50.0,0.4585416563484182
Server3_105,Server3_867,50.0,0.4585416563484182
Server3_138,Server3_1845,50.0,0.5130140425781526
Server3_1845,Server3_138,50.0,0.5130140425781526
Server3_138,Server3_1404,50.0,0.4825600741557401
Server3_1404,Server3_138,50.0,0.4825600741557401
Server3_138,Server3_174,50.0,0.4946055818876398
Server3_174,Server3_138,50.0,0.4946055818876398
Server3_420,Server3_608,50.0,0.4050102770848768
Server3_608,Server3_420,50.0,0.4050102770848768
Server3_420,Server3_423,50.0,0.4304806833980195
Server3_423,Server3_420,50.0,0.4304806833980195
Server3_420,Server3_1907,50.0,0.3133967948000006
Server3_1907,Server3_420,50.0,0.3133967948000006
Server3_420,Server3_1066,50.0,0.3841810807865146
Server3_1066,Server3_420,50.0,0.3841810807865146
Server3_582,Server3_380,50.0,0.3235660663888663
Server3_380,Server3_582,50.0,0.3235660663888663
Server3_582,Server3_363,50.0,0.3357984065576697
Server3_363,Server3_582,50.0,0.3357984065576697
Server3_582,Server3_1754,50.0,0.3709338856099948
Server3_1754,Server3_582,50.0,0.3709338856099948
Server3_692,Server3_273,50.0,0.3404500978832944
Server3_273,Server3_692,50.0,0.3404500978832944
Server3_692,Server3_677,50.0,0.4372986018838338
Server3_677,Server3_692,50.0,0.4372986018838338
Server3_692,Server3_439,50.0,0.4559711513402386
Server3_439,Server3_692,50.0,0.4559711513402386
Server3_333,Server3_1950,50.0,0.4197774482856399
Server3_1950,Server3_333,50.0,0.4197774482856399
Server3_333,Server3_1911,50.0,0.4211615039176335
Server3_1911,Server3_333,50.0,0.4211615039176335
Server3_333,Server3_706,50.0,0.3017607381730475
Server3_706,Server3_333,50.0,0.3017607381730475
Server3_333,Server3_228,1.0,2000.0
Server3_228,Server3_333,1.0,2000.0
Server3_1510,Server3_1194,50.0,0.2745090266282732
Server3_1194,Server3_1510,50.0,0.2745090266282732
Server3_1510,Server3_266,50.0,0.3570699456648518
Server3_266,Server3_1510,50.0,0.3570699456648518
Server3_1510,Server3_1433,50.0,0.3624468111993321
Server3_1433,Server3_1510,50.0,0.3624468111993321
Server3_1412,Server3_529,50.0,0.4379696899826434
Server3_529,Server3_1412,50.0,0.4379696899826434
Server3_1412,Server3_1429,50.0,0.3758514674123274
Server3_1429,Server3_1412,50.0,0.3758514674123274
Server3_1734,Server3_684,50.0,0.3488954997386178
Server3_684,Server3_1734,50.0,0.3488954997386178
Server3_1734,Server3_803,50.0,0.3969268997686524
Server3_803,Server3_1734,50.0,0.3969268997686524
Server3_1734,Server3_1588,1.0,2000.0
Server3_1588,Server3_1734,1.0,2000.0
Server3_1734,Server3_351,50.0,0.3478828375892186
Server3_351,Server3_1734,50.0,0.3478828375892186
Server3_1578,Server3_1759,50.0,0.3020024767077524
Server3_1759,Server3_1578,50.0,0.3020024767077524
Server3_1578,Server3_1877,50.0,0.4508322970022961
Server3_1877,Server3_1578,50.0,0.4508322970022961
Server3_738,Server3_1134,1.0,2000.0
Server3_1134,Server3_738,1.0,2000.0
Server3_738,Server3_1874,50.0,0.4773466605865014
Server3_1874,Server3_738,50.0,0.4773466605865014
Server3_976,Server3_171,50.0,0.4383480580831277
Server3_171,Server3_976,50.0,0.4383480580831277
Server3_976,Server3_1207,50.0,0.4545098863407051
Server3_1207,Server3_976,50.0,0.4545098863407051
Server3_976,Server3_547,50.0,0.6938529169988366
Server3_547,Server3_976,50.0,0.6938529169988366
Server3_1019,Server3_1963,50.0,0.3807478143786324
Server3_1963,Server3_1019,50.0,0.3807478143786324
Server3_1019,Server3_1175,50.0,0.3810718513621902
Server3_1175,Server3_1019,50.0,0.3810718513621902
Server3_1019,Server3_1093,50.0,0.4509818221500761
Server3_1093,Server3_1019,50.0,0.4509818221500761
Server3_1019,Server3_1413,50.0,0.4127509745977604
Server3_1413,Server3_1019,50.0,0.4127509745977604
Server3_1354,Server3_969,50.0,0.4164237445348633
Server3_969,Server3_1354,50.0,0.4164237445348633
Server3_1354,Server3_1257,50.0,0.3302367504889204
Server3_1257,Server3_1354,50.0,0.3302367504889204
Server3_34,Server3_1268,50.0,0.2936385381452208
Server3_1268,Server3_34,50.0,0.2936385381452208
Server3_34,Server3_313,50.0,0.2892958825115038
Server3_313,Server3_34,50.0,0.2892958825115038
Server3_34,Server3_350,50.0,0.2879100090743429
Server3_350,Server3_34,50.0,0.2879100090743429
Server3_1339,Server3_1727,50.0,0.3365478311647898
Server3_1727,Server3_1339,50.0,0.3365478311647898
Server3_1339,Server3_1173,50.0,0.2783894899351778
Server3_1173,Server3_1339,50.0,0.2783894899351778
Server3_1339,Server3_1356,50.0,0.4221624051965662
Server3_1356,Server3_1339,50.0,0.4221624051965662
Server3_1339,Server3_610,50.0,0.3763967614657192
Server3_610,Server3_1339,50.0,0.3763967614657192
Server3_1986,Server3_3,50.0,0.509968775531428
Server3_3,Server3_1986,50.0,0.509968775531428
Server3_1986,Server3_1477,50.0,0.5872877029081871
Server3_1477,Server3_1986,50.0,0.5872877029081871
Server3_1986,Server3_2000,50.0,0.6021393922104775
Server3_2000,Server3_1986,50.0,0.6021393922104775
Server3_516,Server3_31,50.0,0.4117431416948654
Server3_31,Server3_516,50.0,0.4117431416948654
Server3_516,Server3_68,50.0,0.3531846761437399
Server3_68,Server3_516,50.0,0.3531846761437399
Server3_1082,Server3_852,50.0,0.3493266525245174
Server3_852,Server3_1082,50.0,0.3493266525245174
Server3_1082,Server3_1531,50.0,0.3910456002905292
Server3_1531,Server3_1082,50.0,0.3910456002905292
Server3_1061,Server3_402,50.0,0.2840024163395814
Server3_402,Server3_1061,50.0,0.2840024163395814
Server3_1061,Server3_741,1.0,2000.0
Server3_741,Server3_1061,1.0,2000.0
Server3_1061,Server3_632,50.0,0.5073327232272734
Server3_632,Server3_1061,50.0,0.5073327232272734
Server3_1061,Server3_525,50.0,0.3351066257336524
Server3_525,Server3_1061,50.0,0.3351066257336524
Server3_705,Server3_1912,50.0,0.3099400527218908
Server3_1912,Server3_705,50.0,0.3099400527218908
Server3_705,Server3_1674,50.0,0.4605661944672003
Server3_1674,Server3_705,50.0,0.4605661944672003
Server3_705,Server3_500,50.0,0.3757871628413922
Server3_500,Server3_705,50.0,0.3757871628413922
Server3_705,Server3_1603,50.0,0.3445014220241532
Server3_1603,Server3_705,50.0,0.3445014220241532
Server3_3,Server3_2000,50.0,0.4387440480227568
Server3_2000,Server3_3,50.0,0.4387440480227568
Server3_3,Server3_1477,50.0,0.4034975076602208
Server3_1477,Server3_3,50.0,0.4034975076602208
Server3_3,Server3_197,50.0,0.5396658639726402
Server3_197,Server3_3,50.0,0.5396658639726402
Server3_1347,Server3_753,50.0,0.382906628505387
Server3_753,Server3_1347,50.0,0.382906628505387
Server3_1347,Server3_886,50.0,0.3572978157900078
Server3_886,Server3_1347,50.0,0.3572978157900078
Server3_1347,Server3_751,50.0,0.3274651102436381
Server3_751,Server3_1347,50.0,0.3274651102436381
Server3_877,Server3_1492,50.0,0.4354181130269787
Server3_1492,Server3_877,50.0,0.4354181130269787
Server3_877,Server3_768,50.0,0.3935341998328773
Server3_768,Server3_877,50.0,0.3935341998328773
Server3_877,Server3_1956,50.0,0.35875483759238
Server3_1956,Server3_877,50.0,0.35875483759238
Server3_1427,Server3_228,1.0,2000.0
Server3_228,Server3_1427,1.0,2000.0
Server3_1427,Server3_939,50.0,0.3686560646969851
Server3_939,Server3_1427,50.0,0.3686560646969851
Server3_67,Server3_370,50.0,0.3254968891783687
Server3_370,Server3_67,50.0,0.3254968891783687
Server3_67,Server3_1666,50.0,0.4447075997740727
Server3_1666,Server3_67,50.0,0.4447075997740727
Server3_67,Server3_1762,50.0,0.3983820112355594
Server3_1762,Server3_67,50.0,0.3983820112355594
Server3_1527,Server3_383,50.0,0.3647231883715964
Server3_383,Server3_1527,50.0,0.3647231883715964
Server3_1527,Server3_1215,50.0,0.5395463498082316
Server3_1215,Server3_1527,50.0,0.5395463498082316
Server3_1527,Server3_1092,50.0,0.3978333931671555
Server3_1092,Server3_1527,50.0,0.3978333931671555
Server3_1527,Server3_926,50.0,0.4762999229746408
Server3_926,Server3_1527,50.0,0.4762999229746408
Server3_654,Server3_1320,50.0,0.3742224907894168
Server3_1320,Server3_654,50.0,0.3742224907894168
Server3_654,Server3_421,50.0,0.3599486532058378
Server3_421,Server3_654,50.0,0.3599486532058378
Server3_654,Server3_1747,50.0,0.4402760269532296
Server3_1747,Server3_654,50.0,0.4402760269532296
Server3_986,Server3_1671,50.0,0.2858839331987572
Server3_1671,Server3_986,50.0,0.2858839331987572
Server3_754,Server3_1658,50.0,0.3194641997036183
Server3_1658,Server3_754,50.0,0.3194641997036183
Server3_754,Server3_1051,50.0,0.3719700913499273
Server3_1051,Server3_754,50.0,0.3719700913499273
Server3_754,Server3_1052,50.0,0.3256910943691425
Server3_1052,Server3_754,50.0,0.3256910943691425
Server3_754,Server3_415,50.0,0.3205663847662529
Server3_415,Server3_754,50.0,0.3205663847662529
Server3_1371,Server3_840,50.0,0.2860496480552192
Server3_840,Server3_1371,50.0,0.2860496480552192
Server3_1371,Server3_1601,50.0,0.3774218255107764
Server3_1601,Server3_1371,50.0,0.3774218255107764
Server3_427,Server3_1249,1.0,2000.0
Server3_1249,Server3_427,1.0,2000.0
Server3_427,Server3_179,50.0,0.3306560344986033
Server3_179,Server3_427,50.0,0.3306560344986033
Server3_427,Server3_1767,50.0,0.3944908358017557
Server3_1767,Server3_427,50.0,0.3944908358017557
Server3_328,Server3_1246,50.0,0.3780979901961972
Server3_1246,Server3_328,50.0,0.3780979901961972
Server3_328,Server3_848,1.0,2000.0
Server3_848,Server3_328,1.0,2000.0
Server3_328,Server3_664,50.0,0.5072698297933644
Server3_664,Server3_328,50.0,0.5072698297933644
Server3_328,Server3_913,50.0,0.4363512306816314
Server3_913,Server3_328,50.0,0.4363512306816314
Server3_1653,Server3_12,50.0,0.4267297627933974
Server3_12,Server3_1653,50.0,0.4267297627933974
Server3_798,Server3_377,50.0,0.4274908203740012
Server3_377,Server3_798,50.0,0.4274908203740012
Server3_798,Server3_1368,50.0,0.5449996164984688
Server3_1368,Server3_798,50.0,0.5449996164984688
Server3_798,Server3_1442,50.0,0.463011403829571
Server3_1442,Server3_798,50.0,0.463011403829571
Server3_798,Server3_1113,50.0,0.4357499347253268
Server3_1113,Server3_798,50.0,0.4357499347253268
Server3_799,Server3_149,1.0,2000.0
Server3_149,Server3_799,1.0,2000.0
Server3_799,Server3_1415,50.0,0.5675348234074071
Server3_1415,Server3_799,50.0,0.5675348234074071
Server3_799,Server3_97,50.0,0.3376213681794895
Server3_97,Server3_799,50.0,0.3376213681794895
Server3_799,Server3_394,50.0,0.4413289590667688
Server3_394,Server3_799,50.0,0.4413289590667688
Server3_1659,Server3_1716,50.0,0.4934620781682963
Server3_1716,Server3_1659,50.0,0.4934620781682963
Server3_1659,Server3_1501,50.0,0.398429354632866
Server3_1501,Server3_1659,50.0,0.398429354632866
Server3_1659,Server3_1092,50.0,0.4399676802907118
Server3_1092,Server3_1659,50.0,0.4399676802907118
Server3_1686,Server3_109,50.0,0.4289719976550586
Server3_109,Server3_1686,50.0,0.4289719976550586
Server3_1686,Server3_1193,50.0,0.4029540570408106
Server3_1193,Server3_1686,50.0,0.4029540570408106
Server3_1686,Server3_1459,50.0,0.3801365525490434
Server3_1459,Server3_1686,50.0,0.3801365525490434
Server3_769,Server3_1476,1.0,2000.0
Server3_1476,Server3_769,1.0,2000.0
Server3_769,Server3_1778,50.0,0.3910734164272194
Server3_1778,Server3_769,50.0,0.3910734164272194
Server3_769,Server3_165,50.0,0.3583063566586358
Server3_165,Server3_769,50.0,0.3583063566586358
Server3_606,Server3_243,50.0,0.4153784669422352
Server3_243,Server3_606,50.0,0.4153784669422352
Server3_606,Server3_1164,50.0,0.4567515636296949
Server3_1164,Server3_606,50.0,0.4567515636296949
Server3_606,Server3_1285,50.0,0.4938933930892414
Server3_1285,Server3_606,50.0,0.4938933930892414
Server3_1723,Server3_640,50.0,0.3836478896415736
Server3_640,Server3_1723,50.0,0.3836478896415736
Server3_1723,Server3_207,50.0,0.3232771499807412
Server3_207,Server3_1723,50.0,0.3232771499807412
Server3_1723,Server3_1907,50.0,0.3295454925040006
Server3_1907,Server3_1723,50.0,0.3295454925040006
Server3_1399,Server3_1628,50.0,0.280070057641833
Server3_1628,Server3_1399,50.0,0.280070057641833
Server3_1399,Server3_1483,50.0,0.2979402996171364
Server3_1483,Server3_1399,50.0,0.2979402996171364
Server3_1399,Server3_1619,50.0,0.3451099462869376
Server3_1619,Server3_1399,50.0,0.3451099462869376
Server3_1399,Server3_1660,50.0,0.3857626436084112
Server3_1660,Server3_1399,50.0,0.3857626436084112
Server3_819,Server3_1270,50.0,0.3511269141029315
Server3_1270,Server3_819,50.0,0.3511269141029315
Server3_819,Server3_747,50.0,0.4109061215182369
Server3_747,Server3_819,50.0,0.4109061215182369
Server3_1409,Server3_311,50.0,0.3709252425756002
Server3_311,Server3_1409,50.0,0.3709252425756002
Server3_1409,Server3_876,50.0,0.3475558334333993
Server3_876,Server3_1409,50.0,0.3475558334333993
Server3_1410,Server3_760,50.0,0.283304873190211
Server3_760,Server3_1410,50.0,0.283304873190211
Server3_1410,Server3_162,50.0,0.2799080961019935
Server3_162,Server3_1410,50.0,0.2799080961019935
Server3_1410,Server3_1677,50.0,0.3677772265871113
Server3_1677,Server3_1410,50.0,0.3677772265871113
Server3_1410,Server3_1582,50.0,0.276281948010146
Server3_1582,Server3_1410,50.0,0.276281948010146
Server3_1454,Server3_1922,50.0,0.3677003882603574
Server3_1922,Server3_1454,50.0,0.3677003882603574
Server3_1454,Server3_1469,1.0,2000.0
Server3_1469,Server3_1454,1.0,2000.0
Server3_1454,Server3_277,50.0,0.3325593580774729
Server3_277,Server3_1454,50.0,0.3325593580774729
Server3_1822,Server3_1984,50.0,0.4407283100045476
Server3_1984,Server3_1822,50.0,0.4407283100045476
Server3_1822,Server3_878,50.0,0.5092940610154788
Server3_878,Server3_1822,50.0,0.5092940610154788
Server3_1822,Server3_972,50.0,0.552812666882759
Server3_972,Server3_1822,50.0,0.552812666882759
Server3_1442,Server3_148,50.0,0.3270399942339664
Server3_148,Server3_1442,50.0,0.3270399942339664
Server3_1442,Server3_1470,50.0,0.4232933255940159
Server3_1470,Server3_1442,50.0,0.4232933255940159
Server3_1442,Server3_796,50.0,0.392463720850096
Server3_796,Server3_1442,50.0,0.392463720850096
Server3_1442,Server3_377,50.0,0.321660923657325
Server3_377,Server3_1442,50.0,0.321660923657325
Server3_221,Server3_932,50.0,0.320564243883018
Server3_932,Server3_221,50.0,0.320564243883018
Server3_221,Server3_1677,50.0,0.4247426029753562
Server3_1677,Server3_221,50.0,0.4247426029753562
Server3_221,Server3_736,50.0,0.380858623644671
Server3_736,Server3_221,50.0,0.380858623644671
Server3_758,Server3_1181,1.0,2000.0
Server3_1181,Server3_758,1.0,2000.0
Server3_758,Server3_115,50.0,0.424682388376808
Server3_115,Server3_758,50.0,0.424682388376808
Server3_193,Server3_303,50.0,0.3424028103616799
Server3_303,Server3_193,50.0,0.3424028103616799
Server3_193,Server3_340,50.0,0.3962226382662909
Server3_340,Server3_193,50.0,0.3962226382662909
Server3_1309,Server3_470,50.0,0.4900761576284737
Server3_470,Server3_1309,50.0,0.4900761576284737
Server3_1309,Server3_520,50.0,0.2749860821747944
Server3_520,Server3_1309,50.0,0.2749860821747944
Server3_1309,Server3_719,50.0,0.4645930450409005
Server3_719,Server3_1309,50.0,0.4645930450409005
Server3_1234,Server3_978,50.0,0.3389282783945872
Server3_978,Server3_1234,50.0,0.3389282783945872
Server3_1234,Server3_623,50.0,0.271608800881589
Server3_623,Server3_1234,50.0,0.271608800881589
Server3_1559,Server3_631,50.0,0.3531193217125995
Server3_631,Server3_1559,50.0,0.3531193217125995
Server3_1559,Server3_1284,50.0,0.349374528282554
Server3_1284,Server3_1559,50.0,0.349374528282554
Server3_518,Server3_26,50.0,0.4189234921691732
Server3_26,Server3_518,50.0,0.4189234921691732
Server3_518,Server3_1056,50.0,0.3865252894820878
Server3_1056,Server3_518,50.0,0.3865252894820878
Server3_939,Server3_237,50.0,0.4534262917209672
Server3_237,Server3_939,50.0,0.4534262917209672
Server3_943,Server3_1641,50.0,0.3780271469543578
Server3_1641,Server3_943,50.0,0.3780271469543578
Server3_943,Server3_1299,1.0,2000.0
Server3_1299,Server3_943,1.0,2000.0
Server3_943,Server3_1421,50.0,0.3298088140984382
Server3_1421,Server3_943,50.0,0.3298088140984382
Server3_943,Server3_1496,50.0,0.417873234822813
Server3_1496,Server3_943,50.0,0.417873234822813
Server3_1087,Server3_746,50.0,0.309682567812898
Server3_746,Server3_1087,50.0,0.309682567812898
Server3_1087,Server3_1226,50.0,0.5150164472318226
Server3_1226,Server3_1087,50.0,0.5150164472318226
Server3_455,Server3_92,50.0,0.3722437401741885
Server3_92,Server3_455,50.0,0.3722437401741885
Server3_455,Server3_313,50.0,0.3668846885560519
Server3_313,Server3_455,50.0,0.3668846885560519
Server3_1042,Server3_829,50.0,0.4269190128682476
Server3_829,Server3_1042,50.0,0.4269190128682476
Server3_1042,Server3_1657,50.0,0.300921491714293
Server3_1657,Server3_1042,50.0,0.300921491714293
Server3_1042,Server3_749,50.0,0.4578242144346779
Server3_749,Server3_1042,50.0,0.4578242144346779
Server3_1042,Server3_412,50.0,0.4919753970240244
Server3_412,Server3_1042,50.0,0.4919753970240244
Server3_955,Server3_1563,50.0,0.3653151828278444
Server3_1563,Server3_955,50.0,0.3653151828278444
Server3_955,Server3_359,50.0,0.3484243897006223
Server3_359,Server3_955,50.0,0.3484243897006223
Server3_1877,Server3_280,50.0,0.3606171032290108
Server3_280,Server3_1877,50.0,0.3606171032290108
Server3_1877,Server3_1001,50.0,0.3989796370898531
Server3_1001,Server3_1877,50.0,0.3989796370898531
Server3_101,Server3_390,50.0,0.307112904226228
Server3_390,Server3_101,50.0,0.307112904226228
Server3_101,Server3_953,50.0,0.518765543852945
Server3_953,Server3_101,50.0,0.518765543852945
Server3_101,Server3_300,50.0,0.2865234889047595
Server3_300,Server3_101,50.0,0.2865234889047595
Server3_101,Server3_550,50.0,0.5364641750581347
Server3_550,Server3_101,50.0,0.5364641750581347
Server3_1920,Server3_633,50.0,0.3796002038600604
Server3_633,Server3_1920,50.0,0.3796002038600604
Server3_1920,Server3_1985,50.0,0.4002112456365914
Server3_1985,Server3_1920,50.0,0.4002112456365914
Server3_1920,Server3_1406,1.0,2000.0
Server3_1406,Server3_1920,1.0,2000.0
Server3_1593,Server3_1889,50.0,0.3169142005188337
Server3_1889,Server3_1593,50.0,0.3169142005188337
Server3_1593,Server3_767,50.0,0.3042761338271384
Server3_767,Server3_1593,50.0,0.3042761338271384
Server3_1593,Server3_1766,50.0,0.2852066040503594
Server3_1766,Server3_1593,50.0,0.2852066040503594
Server3_548,Server3_1052,50.0,0.2709359412766088
Server3_1052,Server3_548,50.0,0.2709359412766088
Server3_548,Server3_754,50.0,0.345737641904604
Server3_754,Server3_548,50.0,0.345737641904604
Server3_548,Server3_1624,50.0,0.380552331363242
Server3_1624,Server3_548,50.0,0.380552331363242
Server3_548,Server3_1617,50.0,0.3724377787916174
Server3_1617,Server3_548,50.0,0.3724377787916174
Server3_999,Server3_1663,50.0,0.3676249021040194
Server3_1663,Server3_999,50.0,0.3676249021040194
Server3_999,Server3_564,50.0,0.5271231515575501
Server3_564,Server3_999,50.0,0.5271231515575501
Server3_999,Server3_662,50.0,0.440563145435586
Server3_662,Server3_999,50.0,0.440563145435586
Server3_32,Server3_149,1.0,2000.0
Server3_149,Server3_32,1.0,2000.0
Server3_32,Server3_103,50.0,0.3838563054166734
Server3_103,Server3_32,50.0,0.3838563054166734
Server3_1063,Server3_210,1.0,2000.0
Server3_210,Server3_1063,1.0,2000.0
Server3_1063,Server3_207,50.0,0.346323685475814
Server3_207,Server3_1063,50.0,0.346323685475814
Server3_1063,Server3_1824,1.0,2000.0
Server3_1824,Server3_1063,1.0,2000.0
Server3_1958,Server3_376,50.0,0.3907704208845108
Server3_376,Server3_1958,50.0,0.3907704208845108
Server3_1958,Server3_1370,50.0,0.3699816046592199
Server3_1370,Server3_1958,50.0,0.3699816046592199
Server3_917,Server3_259,1.0,2000.0
Server3_259,Server3_917,1.0,2000.0
Server3_917,Server3_841,50.0,0.4355371015382778
Server3_841,Server3_917,50.0,0.4355371015382778
Server3_917,Server3_589,50.0,0.3151571323699666
Server3_589,Server3_917,50.0,0.3151571323699666
Server3_5,Server3_1525,50.0,0.3911230437094848
Server3_1525,Server3_5,50.0,0.3911230437094848
Server3_5,Server3_755,50.0,0.3527259460233928
Server3_755,Server3_5,50.0,0.3527259460233928
Server3_1205,Server3_1431,50.0,0.3493896660751242
Server3_1431,Server3_1205,50.0,0.3493896660751242
Server3_1205,Server3_1595,50.0,0.340930579143282
Server3_1595,Server3_1205,50.0,0.340930579143282
Server3_1205,Server3_1065,50.0,0.3547879395357372
Server3_1065,Server3_1205,50.0,0.3547879395357372
Server3_1214,Server3_1009,50.0,0.4636175091970487
Server3_1009,Server3_1214,50.0,0.4636175091970487
Server3_1214,Server3_426,50.0,0.4301095987615794
Server3_426,Server3_1214,50.0,0.4301095987615794
Server3_1214,Server3_827,50.0,0.4222102796709422
Server3_827,Server3_1214,50.0,0.4222102796709422
Server3_920,Server3_1574,50.0,0.4389846063390983
Server3_1574,Server3_920,50.0,0.4389846063390983
Server3_920,Server3_1772,50.0,0.4121502437397992
Server3_1772,Server3_920,50.0,0.4121502437397992
Server3_920,Server3_1890,50.0,0.414277850908987
Server3_1890,Server3_920,50.0,0.414277850908987
Server3_1203,Server3_834,50.0,0.3141760976126696
Server3_834,Server3_1203,50.0,0.3141760976126696
Server3_1203,Server3_897,50.0,0.3615447396503932
Server3_897,Server3_1203,50.0,0.3615447396503932
Server3_1203,Server3_82,1.0,2000.0
Server3_82,Server3_1203,1.0,2000.0
Server3_543,Server3_962,1.0,2000.0
Server3_962,Server3_543,1.0,2000.0
Server3_543,Server3_1596,1.0,2000.0
Server3_1596,Server3_543,1.0,2000.0
Server3_543,Server3_102,50.0,0.4510203210798378
Server3_102,Server3_543,50.0,0.4510203210798378
Server3_543,Server3_431,50.0,0.4263582601366126
Server3_431,Server3_543,50.0,0.4263582601366126
Server3_793,Server3_746,50.0,0.3825577120167833
Server3_746,Server3_793,50.0,0.3825577120167833
Server3_793,Server3_1087,50.0,0.3665327173139458
Server3_1087,Server3_793,50.0,0.3665327173139458
Server3_793,Server3_1226,50.0,0.5553309307418287
Server3_1226,Server3_793,50.0,0.5553309307418287
Server3_369,Server3_873,50.0,0.2795233523041778
Server3_873,Server3_369,50.0,0.2795233523041778
Server3_369,Server3_593,50.0,0.3258253872739234
Server3_593,Server3_369,50.0,0.3258253872739234
Server3_369,Server3_1091,50.0,0.3331343234969188
Server3_1091,Server3_369,50.0,0.3331343234969188
Server3_546,Server3_1753,50.0,0.304853813901488
Server3_1753,Server3_546,50.0,0.304853813901488
Server3_546,Server3_1111,50.0,0.340873373210602
Server3_1111,Server3_546,50.0,0.340873373210602
Server3_253,Server3_1229,50.0,0.4664264241729351
Server3_1229,Server3_253,50.0,0.4664264241729351
Server3_253,Server3_1872,50.0,0.4573766850263476
Server3_1872,Server3_253,50.0,0.4573766850263476
Server3_771,Server3_1739,50.0,0.4177124797686088
Server3_1739,Server3_771,50.0,0.4177124797686088
Server3_771,Server3_810,50.0,0.3611696488638762
Server3_810,Server3_771,50.0,0.3611696488638762
Server3_771,Server3_1926,50.0,0.3653972431802294
Server3_1926,Server3_771,50.0,0.3653972431802294
Server3_771,Server3_919,50.0,0.3907819481362906
Server3_919,Server3_771,50.0,0.3907819481362906
Server3_979,Server3_404,50.0,0.4566761351617451
Server3_404,Server3_979,50.0,0.4566761351617451
Server3_979,Server3_640,50.0,0.4063458522580538
Server3_640,Server3_979,50.0,0.4063458522580538
Server3_979,Server3_1153,50.0,0.414833621752288
Server3_1153,Server3_979,50.0,0.414833621752288
Server3_1262,Server3_1820,50.0,0.3233587576671878
Server3_1820,Server3_1262,50.0,0.3233587576671878
Server3_1262,Server3_1085,50.0,0.3242919201659669
Server3_1085,Server3_1262,50.0,0.3242919201659669
Server3_1262,Server3_52,50.0,0.3538098574273114
Server3_52,Server3_1262,50.0,0.3538098574273114
Server3_1479,Server3_641,50.0,0.5262050168582462
Server3_641,Server3_1479,50.0,0.5262050168582462
Server3_1479,Server3_722,50.0,0.4980600863002567
Server3_722,Server3_1479,50.0,0.4980600863002567
Server3_764,Server3_1404,50.0,0.3221762027162103
Server3_1404,Server3_764,50.0,0.3221762027162103
Server3_764,Server3_1869,1.0,2000.0
Server3_1869,Server3_764,1.0,2000.0
Server3_764,Server3_261,50.0,0.5126623821443761
Server3_261,Server3_764,50.0,0.5126623821443761
Server3_760,Server3_501,50.0,0.3742733470778492
Server3_501,Server3_760,50.0,0.3742733470778492
Server3_760,Server3_995,50.0,0.346887892791749
Server3_995,Server3_760,50.0,0.346887892791749
Server3_760,Server3_162,50.0,0.3089816428335191
Server3_162,Server3_760,50.0,0.3089816428335191
Server3_1839,Server3_1670,50.0,0.4009179341720993
Server3_1670,Server3_1839,50.0,0.4009179341720993
Server3_1839,Server3_1632,50.0,0.2788136508805988
Server3_1632,Server3_1839,50.0,0.2788136508805988
Server3_539,Server3_587,50.0,0.306909412078852
Server3_587,Server3_539,50.0,0.306909412078852
Server3_539,Server3_774,50.0,0.4030449475704199
Server3_774,Server3_539,50.0,0.4030449475704199
Server3_889,Server3_1541,50.0,0.4493848327589658
Server3_1541,Server3_889,50.0,0.4493848327589658
Server3_889,Server3_402,50.0,0.3377894868129885
Server3_402,Server3_889,50.0,0.3377894868129885
Server3_889,Server3_741,1.0,2000.0
Server3_741,Server3_889,1.0,2000.0
Server3_57,Server3_892,50.0,0.3719828275311446
Server3_892,Server3_57,50.0,0.3719828275311446
Server3_57,Server3_1368,50.0,0.3761201454111592
Server3_1368,Server3_57,50.0,0.3761201454111592
Server3_57,Server3_1331,50.0,0.3335883005883688
Server3_1331,Server3_57,50.0,0.3335883005883688
Server3_57,Server3_1303,50.0,0.3776771374773646
Server3_1303,Server3_57,50.0,0.3776771374773646
Server3_1009,Server3_1816,50.0,0.3422553411483489
Server3_1816,Server3_1009,50.0,0.3422553411483489
Server3_1009,Server3_15,50.0,0.4657339795497685
Server3_15,Server3_1009,50.0,0.4657339795497685
Server3_1108,Server3_1204,50.0,0.4111394390944232
Server3_1204,Server3_1108,50.0,0.4111394390944232
Server3_1108,Server3_1123,50.0,0.4264130072351487
Server3_1123,Server3_1108,50.0,0.4264130072351487
Server3_1108,Server3_1314,50.0,0.3942226126937246
Server3_1314,Server3_1108,50.0,0.3942226126937246
Server3_1108,Server3_1281,50.0,0.4033690968579509
Server3_1281,Server3_1108,50.0,0.4033690968579509
Server3_1576,Server3_1660,50.0,0.3751628790831974
Server3_1660,Server3_1576,50.0,0.3751628790831974
Server3_1576,Server3_1362,1.0,2000.0
Server3_1362,Server3_1576,1.0,2000.0
Server3_1576,Server3_1033,50.0,0.408606712132256
Server3_1033,Server3_1576,50.0,0.408606712132256
Server3_171,Server3_1984,50.0,0.4089574179247956
Server3_1984,Server3_171,50.0,0.4089574179247956
Server3_171,Server3_1358,50.0,0.4686871986370381
Server3_1358,Server3_171,50.0,0.4686871986370381
Server3_171,Server3_547,50.0,0.4316222463996456
Server3_547,Server3_171,50.0,0.4316222463996456
Server3_640,Server3_1555,50.0,0.2964004066557166
Server3_1555,Server3_640,50.0,0.2964004066557166
Server3_640,Server3_1953,50.0,0.3929137483119517
Server3_1953,Server3_640,50.0,0.3929137483119517
Server3_1799,Server3_182,50.0,0.3509675214009242
Server3_182,Server3_1799,50.0,0.3509675214009242
Server3_1799,Server3_1182,50.0,0.4168331450489713
Server3_1182,Server3_1799,50.0,0.4168331450489713
Server3_1799,Server3_1165,1.0,2000.0
Server3_1165,Server3_1799,1.0,2000.0
Server3_1799,Server3_683,50.0,0.3495892591745404
Server3_683,Server3_1799,50.0,0.3495892591745404
Server3_1024,Server3_202,50.0,0.4363996940328316
Server3_202,Server3_1024,50.0,0.4363996940328316
Server3_1024,Server3_1422,50.0,0.3518432673011562
Server3_1422,Server3_1024,50.0,0.3518432673011562
Server3_1024,Server3_715,50.0,0.3085688520865421
Server3_715,Server3_1024,50.0,0.3085688520865421
Server3_1684,Server3_1341,50.0,0.3096554080666646
Server3_1341,Server3_1684,50.0,0.3096554080666646
Server3_1684,Server3_399,50.0,0.412938742990601
Server3_399,Server3_1684,50.0,0.412938742990601
Server3_1684,Server3_572,1.0,2000.0
Server3_572,Server3_1684,1.0,2000.0
Server3_1274,Server3_241,50.0,0.3880520854273274
Server3_241,Server3_1274,50.0,0.3880520854273274
Server3_1274,Server3_930,50.0,0.4906584407371849
Server3_930,Server3_1274,50.0,0.4906584407371849
Server3_1274,Server3_468,50.0,0.3346824826072152
Server3_468,Server3_1274,50.0,0.3346824826072152
Server3_448,Server3_9,50.0,0.4649735759300863
Server3_9,Server3_448,50.0,0.4649735759300863
Server3_317,Server3_1263,50.0,0.5085814982361269
Server3_1263,Server3_317,50.0,0.5085814982361269
Server3_317,Server3_362,50.0,0.497685246256331
Server3_362,Server3_317,50.0,0.497685246256331
Server3_625,Server3_113,50.0,0.4352385082573914
Server3_113,Server3_625,50.0,0.4352385082573914
Server3_625,Server3_254,1.0,2000.0
Server3_254,Server3_625,1.0,2000.0
Server3_316,Server3_1411,50.0,0.3491912539344108
Server3_1411,Server3_316,50.0,0.3491912539344108
Server3_316,Server3_1614,50.0,0.4052338615526368
Server3_1614,Server3_316,50.0,0.4052338615526368
Server3_316,Server3_45,50.0,0.3642472731946688
Server3_45,Server3_316,50.0,0.3642472731946688
Server3_316,Server3_1375,50.0,0.3203362147146241
Server3_1375,Server3_316,50.0,0.3203362147146241
Server3_1451,Server3_44,50.0,0.2697237930849878
Server3_44,Server3_1451,50.0,0.2697237930849878
Server3_1451,Server3_659,1.0,2000.0
Server3_659,Server3_1451,1.0,2000.0
Server3_1451,Server3_400,50.0,0.3036739591478641
Server3_400,Server3_1451,50.0,0.3036739591478641
Server3_1208,Server3_1586,50.0,0.2894746793827772
Server3_1586,Server3_1208,50.0,0.2894746793827772
Server3_1208,Server3_846,1.0,2000.0
Server3_846,Server3_1208,1.0,2000.0
Server3_1208,Server3_12,50.0,0.3237196545509024
Server3_12,Server3_1208,50.0,0.3237196545509024
Server3_1167,Server3_207,50.0,0.3511465164508783
Server3_207,Server3_1167,50.0,0.3511465164508783
Server3_1167,Server3_1824,1.0,2000.0
Server3_1824,Server3_1167,1.0,2000.0
Server3_1167,Server3_1964,50.0,0.3418896003733694
Server3_1964,Server3_1167,50.0,0.3418896003733694
Server3_1827,Server3_257,50.0,0.4115588971047468
Server3_257,Server3_1827,50.0,0.4115588971047468
Server3_1827,Server3_619,50.0,0.4621675798768616
Server3_619,Server3_1827,50.0,0.4621675798768616
Server3_1827,Server3_496,50.0,0.5068477778400327
Server3_496,Server3_1827,50.0,0.5068477778400327
Server3_1827,Server3_1950,50.0,0.3811492740965714
Server3_1950,Server3_1827,50.0,0.3811492740965714
Server3_1908,Server3_1117,50.0,0.3973507241982618
Server3_1117,Server3_1908,50.0,0.3973507241982618
Server3_1908,Server3_763,50.0,0.4111694364586424
Server3_763,Server3_1908,50.0,0.4111694364586424
Server3_1908,Server3_312,50.0,0.42455024975922
Server3_312,Server3_1908,50.0,0.42455024975922
Server3_444,Server3_909,1.0,2000.0
Server3_909,Server3_444,1.0,2000.0
Server3_444,Server3_998,1.0,2000.0
Server3_998,Server3_444,1.0,2000.0
Server3_444,Server3_677,50.0,0.423318502214753
Server3_677,Server3_444,50.0,0.423318502214753
Server3_954,Server3_894,50.0,0.3011168037561432
Server3_894,Server3_954,50.0,0.3011168037561432
Server3_954,Server3_1943,50.0,0.448670463621196
Server3_1943,Server3_954,50.0,0.448670463621196
Server3_954,Server3_1211,50.0,0.4372676779402124
Server3_1211,Server3_954,50.0,0.4372676779402124
Server3_954,Server3_468,50.0,0.5126636831547933
Server3_468,Server3_954,50.0,0.5126636831547933
Server3_1100,Server3_898,50.0,0.4135444953009733
Server3_898,Server3_1100,50.0,0.4135444953009733
Server3_1100,Server3_1684,50.0,0.3863507323658343
Server3_1684,Server3_1100,50.0,0.3863507323658343
Server3_1100,Server3_1026,50.0,0.3347891752568248
Server3_1026,Server3_1100,50.0,0.3347891752568248
Server3_1357,Server3_1740,50.0,0.3704906945145932
Server3_1740,Server3_1357,50.0,0.3704906945145932
Server3_1065,Server3_353,1.0,2000.0
Server3_353,Server3_1065,1.0,2000.0
Server3_1065,Server3_1856,50.0,0.4077220263022106
Server3_1856,Server3_1065,50.0,0.4077220263022106
Server3_1065,Server3_1619,50.0,0.3434347127337336
Server3_1619,Server3_1065,50.0,0.3434347127337336
Server3_1032,Server3_569,50.0,0.317327440407123
Server3_569,Server3_1032,50.0,0.317327440407123
Server3_1032,Server3_1522,50.0,0.4245553053451546
Server3_1522,Server3_1032,50.0,0.4245553053451546
Server3_1032,Server3_102,50.0,0.3257669530231226
Server3_102,Server3_1032,50.0,0.3257669530231226
Server3_1361,Server3_1757,50.0,0.3876358256811844
Server3_1757,Server3_1361,50.0,0.3876358256811844
Server3_1361,Server3_1972,50.0,0.4167935516818723
Server3_1972,Server3_1361,50.0,0.4167935516818723
Server3_1995,Server3_1338,50.0,0.414118362998392
Server3_1338,Server3_1995,50.0,0.414118362998392
Server3_1995,Server3_1275,50.0,0.4585189159271912
Server3_1275,Server3_1995,50.0,0.4585189159271912
Server3_1995,Server3_1423,50.0,0.4200209471254902
Server3_1423,Server3_1995,50.0,0.4200209471254902
Server3_711,Server3_1985,50.0,0.4317555508830836
Server3_1985,Server3_711,50.0,0.4317555508830836
Server3_711,Server3_121,50.0,0.368900755517288
Server3_121,Server3_711,50.0,0.368900755517288
Server3_711,Server3_827,50.0,0.4322933443547393
Server3_827,Server3_711,50.0,0.4322933443547393
Server3_319,Server3_678,50.0,0.3055680633968816
Server3_678,Server3_319,50.0,0.3055680633968816
Server3_1224,Server3_1837,50.0,0.3138368162853998
Server3_1837,Server3_1224,50.0,0.3138368162853998
Server3_1224,Server3_225,50.0,0.4037706777176616
Server3_225,Server3_1224,50.0,0.4037706777176616
Server3_46,Server3_1992,50.0,0.310606097779397
Server3_1992,Server3_46,50.0,0.310606097779397
Server3_46,Server3_624,50.0,0.395212964079923
Server3_624,Server3_46,50.0,0.395212964079923
Server3_46,Server3_1670,50.0,0.3348354274604788
Server3_1670,Server3_46,50.0,0.3348354274604788
Server3_1279,Server3_1727,50.0,0.3485496261208678
Server3_1727,Server3_1279,50.0,0.3485496261208678
Server3_1279,Server3_461,50.0,0.3713636638310605
Server3_461,Server3_1279,50.0,0.3713636638310605
Server3_1279,Server3_38,50.0,0.3775800801010371
Server3_38,Server3_1279,50.0,0.3775800801010371
Server3_1862,Server3_1737,50.0,0.3965521046048514
Server3_1737,Server3_1862,50.0,0.3965521046048514
Server3_1862,Server3_1537,50.0,0.334929205799963
Server3_1537,Server3_1862,50.0,0.334929205799963
Server3_1862,Server3_53,50.0,0.377971797088411
Server3_53,Server3_1862,50.0,0.377971797088411
Server3_856,Server3_33,50.0,0.2870135217655978
Server3_33,Server3_856,50.0,0.2870135217655978
Server3_856,Server3_186,50.0,0.379292023745029
Server3_186,Server3_856,50.0,0.379292023745029
Server3_1268,Server3_350,50.0,0.3510468154735712
Server3_350,Server3_1268,50.0,0.3510468154735712
Server3_1268,Server3_1028,50.0,0.3063730360441278
Server3_1028,Server3_1268,50.0,0.3063730360441278
Server3_1268,Server3_1095,50.0,0.306366478035624
Server3_1095,Server3_1268,50.0,0.306366478035624
Server3_1890,Server3_1574,50.0,0.4042193082451932
Server3_1574,Server3_1890,50.0,0.4042193082451932
Server3_1890,Server3_1885,50.0,0.3066911673832572
Server3_1885,Server3_1890,50.0,0.3066911673832572
Server3_1890,Server3_1571,50.0,0.3933873845853405
Server3_1571,Server3_1890,50.0,0.3933873845853405
Server3_1890,Server3_1659,50.0,0.5210602965513966
Server3_1659,Server3_1890,50.0,0.5210602965513966
Server3_199,Server3_718,1.0,2000.0
Server3_718,Server3_199,1.0,2000.0
Server3_199,Server3_1927,1.0,2000.0
Server3_1927,Server3_199,1.0,2000.0
Server3_838,Server3_422,50.0,0.3740061140943367
Server3_422,Server3_838,50.0,0.3740061140943367
Server3_838,Server3_682,50.0,0.3999551246974127
Server3_682,Server3_838,50.0,0.3999551246974127
Server3_838,Server3_1323,1.0,2000.0
Server3_1323,Server3_838,1.0,2000.0
Server3_837,Server3_690,50.0,0.6210410952749629
Server3_690,Server3_837,50.0,0.6210410952749629
Server3_837,Server3_1663,50.0,0.4340236388054329
Server3_1663,Server3_837,50.0,0.4340236388054329
Server3_837,Server3_1565,50.0,0.3358735656926191
Server3_1565,Server3_837,50.0,0.3358735656926191
Server3_124,Server3_408,50.0,0.318257697621314
Server3_408,Server3_124,50.0,0.318257697621314
Server3_1178,Server3_1798,50.0,0.3956840094015014
Server3_1798,Server3_1178,50.0,0.3956840094015014
Server3_1178,Server3_1841,50.0,0.3171569422959914
Server3_1841,Server3_1178,50.0,0.3171569422959914
Server3_61,Server3_1639,50.0,0.4794777768528688
Server3_1639,Server3_61,50.0,0.4794777768528688
Server3_61,Server3_1665,50.0,0.3077116122834428
Server3_1665,Server3_61,50.0,0.3077116122834428
Server3_61,Server3_1935,50.0,0.4529858695380616
Server3_1935,Server3_61,50.0,0.4529858695380616
Server3_61,Server3_21,50.0,0.3028713797194584
Server3_21,Server3_61,50.0,0.3028713797194584
Server3_211,Server3_753,50.0,0.3675759804559703
Server3_753,Server3_211,50.0,0.3675759804559703
Server3_211,Server3_911,50.0,0.3972337857047624
Server3_911,Server3_211,50.0,0.3972337857047624
Server3_211,Server3_95,50.0,0.3201112238718103
Server3_95,Server3_211,50.0,0.3201112238718103
Server3_1904,Server3_1110,50.0,0.2888400064922813
Server3_1110,Server3_1904,50.0,0.2888400064922813
Server3_1904,Server3_1123,50.0,0.4073848033232357
Server3_1123,Server3_1904,50.0,0.4073848033232357
Server3_1904,Server3_1760,50.0,0.4007473778794486
Server3_1760,Server3_1904,50.0,0.4007473778794486
Server3_109,Server3_1459,50.0,0.2889285896848262
Server3_1459,Server3_109,50.0,0.2889285896848262
Server3_109,Server3_1752,50.0,0.4220961690646835
Server3_1752,Server3_109,50.0,0.4220961690646835
Server3_957,Server3_1844,50.0,0.3055309733609445
Server3_1844,Server3_957,50.0,0.3055309733609445
Server3_957,Server3_1918,50.0,0.3569780443789442
Server3_1918,Server3_957,50.0,0.3569780443789442
Server3_957,Server3_944,50.0,0.2793521701013097
Server3_944,Server3_957,50.0,0.2793521701013097
Server3_957,Server3_718,1.0,2000.0
Server3_718,Server3_957,1.0,2000.0
Server3_87,Server3_68,50.0,0.2945234142058776
Server3_68,Server3_87,50.0,0.2945234142058776
Server3_87,Server3_859,1.0,2000.0
Server3_859,Server3_87,1.0,2000.0
Server3_87,Server3_1064,50.0,0.3771302447149155
Server3_1064,Server3_87,50.0,0.3771302447149155
Server3_975,Server3_437,50.0,0.3262435963296432
Server3_437,Server3_975,50.0,0.3262435963296432
Server3_975,Server3_1330,50.0,0.4062030963387784
Server3_1330,Server3_975,50.0,0.4062030963387784
Server3_975,Server3_1818,50.0,0.4487166089056218
Server3_1818,Server3_975,50.0,0.4487166089056218
Server3_1930,Server3_1014,50.0,0.4628175924308159
Server3_1014,Server3_1930,50.0,0.4628175924308159
Server3_1930,Server3_1698,50.0,0.6248569344332693
Server3_1698,Server3_1930,50.0,0.6248569344332693
Server3_1930,Server3_999,50.0,0.5382939276901602
Server3_999,Server3_1930,50.0,0.5382939276901602
Server3_1770,Server3_1549,50.0,0.3565501933679238
Server3_1549,Server3_1770,50.0,0.3565501933679238
Server3_1770,Server3_788,50.0,0.3956920948303573
Server3_788,Server3_1770,50.0,0.3956920948303573
Server3_1787,Server3_1011,50.0,0.3783490113263236
Server3_1011,Server3_1787,50.0,0.3783490113263236
Server3_1787,Server3_1138,50.0,0.3875519216356721
Server3_1138,Server3_1787,50.0,0.3875519216356721
Server3_1787,Server3_509,50.0,0.3251249124541019
Server3_509,Server3_1787,50.0,0.3251249124541019
Server3_1075,Server3_91,50.0,0.3115539745091314
Server3_91,Server3_1075,50.0,0.3115539745091314
Server3_1075,Server3_1238,50.0,0.2937304710334257
Server3_1238,Server3_1075,50.0,0.2937304710334257
Server3_1075,Server3_409,50.0,0.3741948519885294
Server3_409,Server3_1075,50.0,0.3741948519885294
Server3_1075,Server3_1112,50.0,0.3336261453494478
Server3_1112,Server3_1075,50.0,0.3336261453494478
Server3_1490,Server3_1377,50.0,0.5187299163961038
Server3_1377,Server3_1490,50.0,0.5187299163961038
Server3_1490,Server3_167,1.0,2000.0
Server3_167,Server3_1490,1.0,2000.0
Server3_1490,Server3_509,50.0,0.5466804875533536
Server3_509,Server3_1490,50.0,0.5466804875533536
Server3_1587,Server3_357,50.0,0.3504851636792845
Server3_357,Server3_1587,50.0,0.3504851636792845
Server3_1587,Server3_674,50.0,0.5025575103951108
Server3_674,Server3_1587,50.0,0.5025575103951108
Server3_1587,Server3_1651,50.0,0.4338181919088153
Server3_1651,Server3_1587,50.0,0.4338181919088153
Server3_1587,Server3_692,50.0,0.3066460891878114
Server3_692,Server3_1587,50.0,0.3066460891878114
Server3_1415,Server3_387,50.0,0.3111325362421699
Server3_387,Server3_1415,50.0,0.3111325362421699
Server3_1415,Server3_1902,50.0,0.3789235680423952
Server3_1902,Server3_1415,50.0,0.3789235680423952
Server3_1415,Server3_1123,50.0,0.396794294865164
Server3_1123,Server3_1415,50.0,0.396794294865164
Server3_423,Server3_979,50.0,0.3544865720583426
Server3_979,Server3_423,50.0,0.3544865720583426
Server3_423,Server3_814,1.0,2000.0
Server3_814,Server3_423,1.0,2000.0
Server3_423,Server3_1973,1.0,2000.0
Server3_1973,Server3_423,1.0,2000.0
Server3_386,Server3_1398,50.0,0.3881870103176225
Server3_1398,Server3_386,50.0,0.3881870103176225
Server3_386,Server3_907,50.0,0.3001651492927481
Server3_907,Server3_386,50.0,0.3001651492927481
Server3_386,Server3_1031,50.0,0.3571112258304112
Server3_1031,Server3_386,50.0,0.3571112258304112
Server3_386,Server3_1452,50.0,0.3808454120348056
Server3_1452,Server3_386,50.0,0.3808454120348056
Server3_402,Server3_349,50.0,0.3716259096320605
Server3_349,Server3_402,50.0,0.3716259096320605
Server3_402,Server3_915,50.0,0.4835299741939649
Server3_915,Server3_402,50.0,0.4835299741939649
Server3_402,Server3_525,50.0,0.3186019677053491
Server3_525,Server3_402,50.0,0.3186019677053491
Server3_684,Server3_126,50.0,0.3634268439355212
Server3_126,Server3_684,50.0,0.3634268439355212
Server3_684,Server3_1381,50.0,0.3352651787187793
Server3_1381,Server3_684,50.0,0.3352651787187793
Server3_684,Server3_419,50.0,0.4115600444784485
Server3_419,Server3_684,50.0,0.4115600444784485
Server3_684,Server3_803,50.0,0.3740989156562982
Server3_803,Server3_684,50.0,0.3740989156562982
Server3_356,Server3_1779,50.0,0.4131787832305408
Server3_1779,Server3_356,50.0,0.4131787832305408
Server3_356,Server3_472,50.0,0.419275478704567
Server3_472,Server3_356,50.0,0.419275478704567
Server3_557,Server3_56,50.0,0.4475563371623549
Server3_56,Server3_557,50.0,0.4475563371623549
Server3_557,Server3_1435,50.0,0.3747789984328046
Server3_1435,Server3_557,50.0,0.3747789984328046
Server3_1658,Server3_1617,50.0,0.3315558773894962
Server3_1617,Server3_1658,50.0,0.3315558773894962
Server3_1658,Server3_176,50.0,0.3579093033680291
Server3_176,Server3_1658,50.0,0.3579093033680291
Server3_438,Server3_504,50.0,0.3948577374504968
Server3_504,Server3_438,50.0,0.3948577374504968
Server3_1485,Server3_1760,50.0,0.4213405533480293
Server3_1760,Server3_1485,50.0,0.4213405533480293
Server3_1485,Server3_1639,50.0,0.3518005145545266
Server3_1639,Server3_1485,50.0,0.3518005145545266
Server3_630,Server3_1884,50.0,0.3991785903651804
Server3_1884,Server3_630,50.0,0.3991785903651804
Server3_630,Server3_1856,50.0,0.3546461366131176
Server3_1856,Server3_630,50.0,0.3546461366131176
Server3_630,Server3_1065,50.0,0.358013325891011
Server3_1065,Server3_630,50.0,0.358013325891011
Server3_1505,Server3_1507,50.0,0.3952926955892028
Server3_1507,Server3_1505,50.0,0.3952926955892028
Server3_1505,Server3_1726,50.0,0.3181126525570561
Server3_1726,Server3_1505,50.0,0.3181126525570561
Server3_1505,Server3_305,50.0,0.3566723002052196
Server3_305,Server3_1505,50.0,0.3566723002052196
Server3_1574,Server3_989,50.0,0.486967642460204
Server3_989,Server3_1574,50.0,0.486967642460204
Server3_1574,Server3_1772,50.0,0.3028461979218824
Server3_1772,Server3_1574,50.0,0.3028461979218824
Server3_1574,Server3_1546,1.0,2000.0
Server3_1546,Server3_1574,1.0,2000.0
Server3_1574,Server3_1312,1.0,2000.0
Server3_1312,Server3_1574,1.0,2000.0
Server3_594,Server3_751,50.0,0.3629954176055437
Server3_751,Server3_594,50.0,0.3629954176055437
Server3_594,Server3_905,50.0,0.2980614014870314
Server3_905,Server3_594,50.0,0.2980614014870314
Server3_594,Server3_1106,50.0,0.3691987907333056
Server3_1106,Server3_594,50.0,0.3691987907333056
Server3_594,Server3_511,50.0,0.3120035830598256
Server3_511,Server3_594,50.0,0.3120035830598256
Server3_1162,Server3_766,50.0,0.2791367961482053
Server3_766,Server3_1162,50.0,0.2791367961482053
Server3_1162,Server3_1630,50.0,0.4797700334959843
Server3_1630,Server3_1162,50.0,0.4797700334959843
Server3_1111,Server3_800,50.0,0.3849774577224433
Server3_800,Server3_1111,50.0,0.3849774577224433
Server3_1111,Server3_1147,50.0,0.4135705534918274
Server3_1147,Server3_1111,50.0,0.4135705534918274
Server3_89,Server3_1861,50.0,0.4455851262220446
Server3_1861,Server3_89,50.0,0.4455851262220446
Server3_89,Server3_1891,50.0,0.37485369385526
Server3_1891,Server3_89,50.0,0.37485369385526
Server3_89,Server3_720,50.0,0.3944814703770859
Server3_720,Server3_89,50.0,0.3944814703770859
Server3_1154,Server3_1431,50.0,0.2749561354146028
Server3_1431,Server3_1154,50.0,0.2749561354146028
Server3_1154,Server3_1818,50.0,0.367119589593146
Server3_1818,Server3_1154,50.0,0.367119589593146
Server3_1154,Server3_1608,50.0,0.375007831133904
Server3_1608,Server3_1154,50.0,0.375007831133904
Server3_162,Server3_736,50.0,0.2742707102130898
Server3_736,Server3_162,50.0,0.2742707102130898
Server3_162,Server3_1770,50.0,0.3299783459484007
Server3_1770,Server3_162,50.0,0.3299783459484007
Server3_1731,Server3_1758,50.0,0.3485698132569218
Server3_1758,Server3_1731,50.0,0.3485698132569218
Server3_1731,Server3_540,50.0,0.3610408042788154
Server3_540,Server3_1731,50.0,0.3610408042788154
Server3_442,Server3_199,50.0,0.3186862474018914
Server3_199,Server3_442,50.0,0.3186862474018914
Server3_442,Server3_1927,1.0,2000.0
Server3_1927,Server3_442,1.0,2000.0
Server3_442,Server3_957,50.0,0.3213820005495766
Server3_957,Server3_442,50.0,0.3213820005495766
Server3_442,Server3_513,50.0,0.4022128736378324
Server3_513,Server3_442,50.0,0.4022128736378324
Server3_440,Server3_43,50.0,0.4386207197461272
Server3_43,Server3_440,50.0,0.4386207197461272
Server3_440,Server3_137,50.0,0.2848951279303877
Server3_137,Server3_440,50.0,0.2848951279303877
Server3_1121,Server3_814,1.0,2000.0
Server3_814,Server3_1121,1.0,2000.0
Server3_1121,Server3_4,50.0,0.4754713443412277
Server3_4,Server3_1121,50.0,0.4754713443412277
Server3_1121,Server3_787,50.0,0.2997131340367799
Server3_787,Server3_1121,50.0,0.2997131340367799
Server3_1121,Server3_1153,50.0,0.3880754855205798
Server3_1153,Server3_1121,50.0,0.3880754855205798
Server3_1601,Server3_1339,50.0,0.4624401808981342
Server3_1339,Server3_1601,50.0,0.4624401808981342
Server3_1601,Server3_1842,50.0,0.4034619284023658
Server3_1842,Server3_1601,50.0,0.4034619284023658
Server3_1870,Server3_767,50.0,0.3123725646829455
Server3_767,Server3_1870,50.0,0.3123725646829455
Server3_1870,Server3_1960,50.0,0.3850388051395514
Server3_1960,Server3_1870,50.0,0.3850388051395514
Server3_1870,Server3_1407,50.0,0.2642242163504488
Server3_1407,Server3_1870,50.0,0.2642242163504488
Server3_914,Server3_785,1.0,2000.0
Server3_785,Server3_914,1.0,2000.0
Server3_914,Server3_598,50.0,0.3743253312449492
Server3_598,Server3_914,50.0,0.3743253312449492
Server3_1194,Server3_1970,50.0,0.405052418467542
Server3_1970,Server3_1194,50.0,0.405052418467542
Server3_1194,Server3_266,50.0,0.3872318545667176
Server3_266,Server3_1194,50.0,0.3872318545667176
Server3_1194,Server3_1215,50.0,0.3687218835665928
Server3_1215,Server3_1194,50.0,0.3687218835665928
Server3_1168,Server3_202,50.0,0.3878038216951342
Server3_202,Server3_1168,50.0,0.3878038216951342
Server3_1168,Server3_1713,50.0,0.4211665430637272
Server3_1713,Server3_1168,50.0,0.4211665430637272
Server3_1897,Server3_135,50.0,0.5097551532618803
Server3_135,Server3_1897,50.0,0.5097551532618803
Server3_1897,Server3_1219,50.0,0.4979217831261851
Server3_1219,Server3_1897,50.0,0.4979217831261851
Server3_1897,Server3_366,50.0,0.2760402070984802
Server3_366,Server3_1897,50.0,0.2760402070984802
Server3_652,Server3_773,50.0,0.2949995572453859
Server3_773,Server3_652,50.0,0.2949995572453859
Server3_652,Server3_1512,50.0,0.3571044583164662
Server3_1512,Server3_652,50.0,0.3571044583164662
Server3_1185,Server3_1365,1.0,2000.0
Server3_1365,Server3_1185,1.0,2000.0
Server3_1185,Server3_1698,50.0,0.5304080037977502
Server3_1698,Server3_1185,50.0,0.5304080037977502
Server3_1185,Server3_1930,50.0,0.5601863636767146
Server3_1930,Server3_1185,50.0,0.5601863636767146
Server3_1885,Server3_180,50.0,0.4311501052159484
Server3_180,Server3_1885,50.0,0.4311501052159484
Server3_1885,Server3_1312,1.0,2000.0
Server3_1312,Server3_1885,1.0,2000.0
Server3_1539,Server3_1667,50.0,0.4230784060044964
Server3_1667,Server3_1539,50.0,0.4230784060044964
Server3_1539,Server3_1465,50.0,0.3319047043354597
Server3_1465,Server3_1539,50.0,0.3319047043354597
Server3_1539,Server3_1286,50.0,0.4210456789287576
Server3_1286,Server3_1539,50.0,0.4210456789287576
Server3_499,Server3_1336,50.0,0.4708744288735409
Server3_1336,Server3_499,50.0,0.4708744288735409
Server3_499,Server3_1426,50.0,0.5145828928576799
Server3_1426,Server3_499,50.0,0.5145828928576799
Server3_381,Server3_119,50.0,0.3771397892178104
Server3_119,Server3_381,50.0,0.3771397892178104
Server3_381,Server3_816,50.0,0.3992585093009096
Server3_816,Server3_381,50.0,0.3992585093009096
Server3_381,Server3_226,50.0,0.3653554659032572
Server3_226,Server3_381,50.0,0.3653554659032572
Server3_1444,Server3_470,50.0,0.2952794957450698
Server3_470,Server3_1444,50.0,0.2952794957450698
Server3_991,Server3_422,50.0,0.4090151538161894
Server3_422,Server3_991,50.0,0.4090151538161894
Server3_464,Server3_1569,50.0,0.4057463226285375
Server3_1569,Server3_464,50.0,0.4057463226285375
Server3_464,Server3_586,50.0,0.3665275976973983
Server3_586,Server3_464,50.0,0.3665275976973983
Server3_464,Server3_917,50.0,0.4334508190390652
Server3_917,Server3_464,50.0,0.4334508190390652
Server3_408,Server3_1526,50.0,0.3156710813949598
Server3_1526,Server3_408,50.0,0.3156710813949598
Server3_408,Server3_1439,50.0,0.2983189059213054
Server3_1439,Server3_408,50.0,0.2983189059213054
Server3_408,Server3_1273,1.0,2000.0
Server3_1273,Server3_408,1.0,2000.0
Server3_408,Server3_95,50.0,0.2787718630701298
Server3_95,Server3_408,50.0,0.2787718630701298
Server3_1818,Server3_507,50.0,0.2921177805155432
Server3_507,Server3_1818,50.0,0.2921177805155432
Server3_1818,Server3_272,50.0,0.3450857211091366
Server3_272,Server3_1818,50.0,0.3450857211091366
Server3_1942,Server3_212,50.0,0.424666376458015
Server3_212,Server3_1942,50.0,0.424666376458015
Server3_1942,Server3_166,50.0,0.4881089232479517
Server3_166,Server3_1942,50.0,0.4881089232479517
Server3_1942,Server3_444,50.0,0.3756254244264832
Server3_444,Server3_1942,50.0,0.3756254244264832
Server3_849,Server3_485,50.0,0.3831292947797943
Server3_485,Server3_849,50.0,0.3831292947797943
Server3_849,Server3_1295,50.0,0.3524742426892843
Server3_1295,Server3_849,50.0,0.3524742426892843
Server3_849,Server3_1597,50.0,0.3496083974244618
Server3_1597,Server3_849,50.0,0.3496083974244618
Server3_849,Server3_707,1.0,2000.0
Server3_707,Server3_849,1.0,2000.0
Server3_857,Server3_1747,50.0,0.3734617000694876
Server3_1747,Server3_857,50.0,0.3734617000694876
Server3_857,Server3_173,50.0,0.3745975831173786
Server3_173,Server3_857,50.0,0.3745975831173786
Server3_857,Server3_767,50.0,0.3349035507502258
Server3_767,Server3_857,50.0,0.3349035507502258
Server3_857,Server3_1796,50.0,0.2785632319495399
Server3_1796,Server3_857,50.0,0.2785632319495399
Server3_1520,Server3_1661,50.0,0.3873285502760992
Server3_1661,Server3_1520,50.0,0.3873285502760992
Server3_1520,Server3_1941,50.0,0.4912714892954989
Server3_1941,Server3_1520,50.0,0.4912714892954989
Server3_978,Server3_71,50.0,0.2940549396724726
Server3_71,Server3_978,50.0,0.2940549396724726
Server3_978,Server3_1573,50.0,0.4022103238453353
Server3_1573,Server3_978,50.0,0.4022103238453353
Server3_978,Server3_1632,50.0,0.4212114463868777
Server3_1632,Server3_978,50.0,0.4212114463868777
Server3_716,Server3_1194,50.0,0.3387121871712236
Server3_1194,Server3_716,50.0,0.3387121871712236
Server3_716,Server3_266,50.0,0.345330431009009
Server3_266,Server3_716,50.0,0.345330431009009
Server3_716,Server3_122,1.0,2000.0
Server3_122,Server3_716,1.0,2000.0
Server3_716,Server3_1970,50.0,0.3837603550651764
Server3_1970,Server3_716,50.0,0.3837603550651764
Server3_1716,Server3_1092,50.0,0.31661992821716
Server3_1092,Server3_1716,50.0,0.31661992821716
Server3_1716,Server3_1328,50.0,0.3183293849053968
Server3_1328,Server3_1716,50.0,0.3183293849053968
Server3_1292,Server3_192,50.0,0.2733844570629826
Server3_192,Server3_1292,50.0,0.2733844570629826
Server3_1292,Server3_319,50.0,0.4309797430562484
Server3_319,Server3_1292,50.0,0.4309797430562484
Server3_1292,Server3_415,50.0,0.379343395247835
Server3_415,Server3_1292,50.0,0.379343395247835
Server3_83,Server3_1938,50.0,0.324307443015605
Server3_1938,Server3_83,50.0,0.324307443015605
Server3_83,Server3_1788,50.0,0.3395166948970949
Server3_1788,Server3_83,50.0,0.3395166948970949
Server3_335,Server3_856,50.0,0.3357110181392478
Server3_856,Server3_335,50.0,0.3357110181392478
Server3_335,Server3_888,50.0,0.428750978385325
Server3_888,Server3_335,50.0,0.428750978385325
Server3_411,Server3_385,50.0,0.3090741469016346
Server3_385,Server3_411,50.0,0.3090741469016346
Server3_411,Server3_1894,50.0,0.4128085342163632
Server3_1894,Server3_411,50.0,0.4128085342163632
Server3_55,Server3_1998,50.0,0.3038139601443707
Server3_1998,Server3_55,50.0,0.3038139601443707
Server3_55,Server3_1955,50.0,0.4087209289533112
Server3_1955,Server3_55,50.0,0.4087209289533112
Server3_1766,Server3_478,50.0,0.3752986727030404
Server3_478,Server3_1766,50.0,0.3752986727030404
Server3_1766,Server3_908,50.0,0.4025522755208744
Server3_908,Server3_1766,50.0,0.4025522755208744
Server3_922,Server3_1886,50.0,0.3800792018001718
Server3_1886,Server3_922,50.0,0.3800792018001718
Server3_922,Server3_1099,50.0,0.3467625038713052
Server3_1099,Server3_922,50.0,0.3467625038713052
Server3_922,Server3_688,50.0,0.3924866221352112
Server3_688,Server3_922,50.0,0.3924866221352112
Server3_922,Server3_1783,50.0,0.3566598826635612
Server3_1783,Server3_922,50.0,0.3566598826635612
Server3_1759,Server3_1877,50.0,0.4786890546281913
Server3_1877,Server3_1759,50.0,0.4786890546281913
Server3_1759,Server3_1749,50.0,0.4440413537589228
Server3_1749,Server3_1759,50.0,0.4440413537589228
Server3_1759,Server3_370,50.0,0.4882023185607842
Server3_370,Server3_1759,50.0,0.4882023185607842
Server3_1759,Server3_1136,50.0,0.3933798386184098
Server3_1136,Server3_1759,50.0,0.3933798386184098
Server3_1487,Server3_1335,50.0,0.3363086482300345
Server3_1335,Server3_1487,50.0,0.3363086482300345
Server3_1487,Server3_477,50.0,0.3923428081366982
Server3_477,Server3_1487,50.0,0.3923428081366982
Server3_195,Server3_1284,50.0,0.361259626132149
Server3_1284,Server3_195,50.0,0.361259626132149
Server3_195,Server3_1488,50.0,0.3450946628509384
Server3_1488,Server3_195,50.0,0.3450946628509384
Server3_1845,Server3_690,50.0,0.3980949105253942
Server3_690,Server3_1845,50.0,0.3980949105253942
Server3_1845,Server3_1365,1.0,2000.0
Server3_1365,Server3_1845,1.0,2000.0
Server3_1845,Server3_174,50.0,0.5220619637640689
Server3_174,Server3_1845,50.0,0.5220619637640689
Server3_1845,Server3_1846,50.0,0.546317451775156
Server3_1846,Server3_1845,50.0,0.546317451775156
Server3_204,Server3_13,50.0,0.3103234518802901
Server3_13,Server3_204,50.0,0.3103234518802901
Server3_204,Server3_1116,50.0,0.3083258363422086
Server3_1116,Server3_204,50.0,0.3083258363422086
Server3_144,Server3_478,50.0,0.3850165316213675
Server3_478,Server3_144,50.0,0.3850165316213675
Server3_144,Server3_294,50.0,0.3618080629921643
Server3_294,Server3_144,50.0,0.3618080629921643
Server3_1180,Server3_1807,50.0,0.3422617352051294
Server3_1807,Server3_1180,50.0,0.3422617352051294
Server3_1180,Server3_1761,50.0,0.4197944955446383
Server3_1761,Server3_1180,50.0,0.4197944955446383
Server3_1456,Server3_672,50.0,0.426074135007759
Server3_672,Server3_1456,50.0,0.426074135007759
Server3_1456,Server3_1069,50.0,0.4276688312427312
Server3_1069,Server3_1456,50.0,0.4276688312427312
Server3_1459,Server3_105,50.0,0.510864932353648
Server3_105,Server3_1459,50.0,0.510864932353648
Server3_1307,Server3_685,50.0,0.368741373796645
Server3_685,Server3_1307,50.0,0.368741373796645
Server3_1307,Server3_1701,50.0,0.3198686781722115
Server3_1701,Server3_1307,50.0,0.3198686781722115
Server3_1864,Server3_418,50.0,0.2781419633097408
Server3_418,Server3_1864,50.0,0.2781419633097408
Server3_1864,Server3_1474,50.0,0.2884115766950893
Server3_1474,Server3_1864,50.0,0.2884115766950893
Server3_1864,Server3_658,50.0,0.411548252527797
Server3_658,Server3_1864,50.0,0.411548252527797
Server3_868,Server3_1250,50.0,0.4641189074964173
Server3_1250,Server3_868,50.0,0.4641189074964173
Server3_868,Server3_1806,50.0,0.3816157961654457
Server3_1806,Server3_868,50.0,0.3816157961654457
Server3_425,Server3_1500,50.0,0.3652114772012252
Server3_1500,Server3_425,50.0,0.3652114772012252
Server3_425,Server3_125,50.0,0.3060631148414248
Server3_125,Server3_425,50.0,0.3060631148414248
Server3_425,Server3_449,50.0,0.4633708624837169
Server3_449,Server3_425,50.0,0.4633708624837169
Server3_425,Server3_437,50.0,0.353907933430955
Server3_437,Server3_425,50.0,0.353907933430955
Server3_158,Server3_1522,50.0,0.2789706431469783
Server3_1522,Server3_158,50.0,0.2789706431469783
Server3_158,Server3_1775,50.0,0.343673993611918
Server3_1775,Server3_158,50.0,0.343673993611918
Server3_158,Server3_1803,50.0,0.3034434778096322
Server3_1803,Server3_158,50.0,0.3034434778096322
Server3_1041,Server3_398,50.0,0.3944000089322028
Server3_398,Server3_1041,50.0,0.3944000089322028
Server3_1041,Server3_1582,50.0,0.3291216008574984
Server3_1582,Server3_1041,50.0,0.3291216008574984
Server3_1041,Server3_1085,50.0,0.3709110496795472
Server3_1085,Server3_1041,50.0,0.3709110496795472
Server3_1041,Server3_184,50.0,0.3848133973575648
Server3_184,Server3_1041,50.0,0.3848133973575648
Server3_1293,Server3_536,50.0,0.3741521466772852
Server3_536,Server3_1293,50.0,0.3741521466772852
Server3_1293,Server3_665,50.0,0.357466695122014
Server3_665,Server3_1293,50.0,0.357466695122014
Server3_1293,Server3_80,50.0,0.4535361315503036
Server3_80,Server3_1293,50.0,0.4535361315503036
Server3_1609,Server3_1493,50.0,0.401059324228764
Server3_1493,Server3_1609,50.0,0.401059324228764
Server3_1609,Server3_118,50.0,0.314580704410811
Server3_118,Server3_1609,50.0,0.314580704410811
Server3_858,Server3_1165,1.0,2000.0
Server3_1165,Server3_858,1.0,2000.0
Server3_858,Server3_1568,50.0,0.3775950723933774
Server3_1568,Server3_858,50.0,0.3775950723933774
Server3_416,Server3_1505,50.0,0.3622943654089932
Server3_1505,Server3_416,50.0,0.3622943654089932
Server3_416,Server3_1050,50.0,0.3689804728072214
Server3_1050,Server3_416,50.0,0.3689804728072214
Server3_416,Server3_1769,50.0,0.4515619673768626
Server3_1769,Server3_416,50.0,0.4515619673768626
Server3_1579,Server3_1687,1.0,2000.0
Server3_1687,Server3_1579,1.0,2000.0
Server3_1579,Server3_1401,50.0,0.3257761126923736
Server3_1401,Server3_1579,50.0,0.3257761126923736
Server3_1579,Server3_197,50.0,0.3945944756225956
Server3_197,Server3_1579,50.0,0.3945944756225956
Server3_744,Server3_1156,50.0,0.4230593090349357
Server3_1156,Server3_744,50.0,0.4230593090349357
Server3_744,Server3_201,50.0,0.4562927456398617
Server3_201,Server3_744,50.0,0.4562927456398617
Server3_1590,Server3_1567,50.0,0.3783576201983836
Server3_1567,Server3_1590,50.0,0.3783576201983836
Server3_1590,Server3_1908,50.0,0.396546019907433
Server3_1908,Server3_1590,50.0,0.396546019907433
Server3_1590,Server3_312,50.0,0.3924456101076894
Server3_312,Server3_1590,50.0,0.3924456101076894
Server3_1010,Server3_597,50.0,0.32918818224322
Server3_597,Server3_1010,50.0,0.32918818224322
Server3_1010,Server3_1016,1.0,2000.0
Server3_1016,Server3_1010,1.0,2000.0
Server3_1010,Server3_397,50.0,0.4155973700367128
Server3_397,Server3_1010,50.0,0.4155973700367128
Server3_1010,Server3_889,50.0,0.4323881636450834
Server3_889,Server3_1010,50.0,0.4323881636450834
Server3_60,Server3_829,50.0,0.4298274363139694
Server3_829,Server3_60,50.0,0.4298274363139694
Server3_60,Server3_1957,50.0,0.3629175808466622
Server3_1957,Server3_60,50.0,0.3629175808466622
Server3_60,Server3_1534,50.0,0.3873117563903142
Server3_1534,Server3_60,50.0,0.3873117563903142
Server3_1710,Server3_594,50.0,0.2956514402513794
Server3_594,Server3_1710,50.0,0.2956514402513794
Server3_1710,Server3_408,50.0,0.3942631882244226
Server3_408,Server3_1710,50.0,0.3942631882244226
Server3_994,Server3_1997,50.0,0.3123877415066522
Server3_1997,Server3_994,50.0,0.3123877415066522
Server3_994,Server3_1170,50.0,0.2909780970398002
Server3_1170,Server3_994,50.0,0.2909780970398002
Server3_994,Server3_1513,50.0,0.3532199439429232
Server3_1513,Server3_994,50.0,0.3532199439429232
Server3_994,Server3_1096,50.0,0.379761288311968
Server3_1096,Server3_994,50.0,0.379761288311968
Server3_686,Server3_1164,50.0,0.417827216514124
Server3_1164,Server3_686,50.0,0.417827216514124
Server3_686,Server3_1725,50.0,0.4036035826022962
Server3_1725,Server3_686,50.0,0.4036035826022962
Server3_686,Server3_84,50.0,0.352361077524092
Server3_84,Server3_686,50.0,0.352361077524092
Server3_686,Server3_1361,50.0,0.4292085674633733
Server3_1361,Server3_686,50.0,0.4292085674633733
Server3_1135,Server3_575,50.0,0.4648343266397819
Server3_575,Server3_1135,50.0,0.4648343266397819
Server3_1135,Server3_335,50.0,0.5251024263410258
Server3_335,Server3_1135,50.0,0.5251024263410258
Server3_1135,Server3_1226,50.0,0.3348502204659598
Server3_1226,Server3_1135,50.0,0.3348502204659598
Server3_681,Server3_1610,50.0,0.3744780957002194
Server3_1610,Server3_681,50.0,0.3744780957002194
Server3_681,Server3_366,50.0,0.411577712741537
Server3_366,Server3_681,50.0,0.411577712741537
Server3_681,Server3_514,50.0,0.3787713101876905
Server3_514,Server3_681,50.0,0.3787713101876905
Server3_681,Server3_1897,50.0,0.3666733025937891
Server3_1897,Server3_681,50.0,0.3666733025937891
Server3_1934,Server3_1832,50.0,0.4012318142136927
Server3_1832,Server3_1934,50.0,0.4012318142136927
Server3_1934,Server3_1600,1.0,2000.0
Server3_1600,Server3_1934,1.0,2000.0
Server3_1934,Server3_973,50.0,0.3499881597984381
Server3_973,Server3_1934,50.0,0.3499881597984381
Server3_1934,Server3_1439,50.0,0.2914571959090575
Server3_1439,Server3_1934,50.0,0.2914571959090575
Server3_1514,Server3_552,50.0,0.3077585430655742
Server3_552,Server3_1514,50.0,0.3077585430655742
Server3_1514,Server3_1401,50.0,0.481493504637282
Server3_1401,Server3_1514,50.0,0.481493504637282
Server3_1514,Server3_1923,50.0,0.6254024197593158
Server3_1923,Server3_1514,50.0,0.6254024197593158
Server3_362,Server3_1566,50.0,0.4374112392184548
Server3_1566,Server3_362,50.0,0.4374112392184548
Server3_362,Server3_810,50.0,0.3438732876504192
Server3_810,Server3_362,50.0,0.3438732876504192
Server3_368,Server3_1776,50.0,0.361165758845263
Server3_1776,Server3_368,50.0,0.361165758845263
Server3_368,Server3_1084,50.0,0.4354531348515685
Server3_1084,Server3_368,50.0,0.4354531348515685
Server3_368,Server3_1122,50.0,0.4608534115723998
Server3_1122,Server3_368,50.0,0.4608534115723998
Server3_97,Server3_1694,50.0,0.3666411591258545
Server3_1694,Server3_97,50.0,0.3666411591258545
Server3_97,Server3_149,1.0,2000.0
Server3_149,Server3_97,1.0,2000.0
Server3_97,Server3_967,50.0,0.4584557699137685
Server3_967,Server3_97,50.0,0.4584557699137685
Server3_97,Server3_527,50.0,0.5198034827882666
Server3_527,Server3_97,50.0,0.5198034827882666
Server3_742,Server3_1736,50.0,0.2728889791607241
Server3_1736,Server3_742,50.0,0.2728889791607241
Server3_742,Server3_114,50.0,0.4026732157648756
Server3_114,Server3_742,50.0,0.4026732157648756
Server3_742,Server3_473,50.0,0.386695147870515
Server3_473,Server3_742,50.0,0.386695147870515
Server3_1622,Server3_1564,50.0,0.4151935871903057
Server3_1564,Server3_1622,50.0,0.4151935871903057
Server3_1622,Server3_336,50.0,0.4259002543898936
Server3_336,Server3_1622,50.0,0.4259002543898936
Server3_1622,Server3_866,50.0,0.3431452017872827
Server3_866,Server3_1622,50.0,0.3431452017872827
Server3_1622,Server3_719,50.0,0.4197186156296488
Server3_719,Server3_1622,50.0,0.4197186156296488
Server3_1667,Server3_904,50.0,0.4292872463911777
Server3_904,Server3_1667,50.0,0.4292872463911777
Server3_1667,Server3_462,50.0,0.4962247090214786
Server3_462,Server3_1667,50.0,0.4962247090214786
Server3_1667,Server3_801,50.0,0.3698171067113727
Server3_801,Server3_1667,50.0,0.3698171067113727
Server3_1667,Server3_1067,1.0,2000.0
Server3_1067,Server3_1667,1.0,2000.0
Server3_377,Server3_85,50.0,0.4081072473603578
Server3_85,Server3_377,50.0,0.4081072473603578
Server3_565,Server3_1640,50.0,0.4285405642400739
Server3_1640,Server3_565,50.0,0.4285405642400739
Server3_1936,Server3_351,50.0,0.3886737211424915
Server3_351,Server3_1936,50.0,0.3886737211424915
Server3_1936,Server3_473,50.0,0.3896812586019366
Server3_473,Server3_1936,50.0,0.3896812586019366
Server3_1936,Server3_1348,50.0,0.303305913504959
Server3_1348,Server3_1936,50.0,0.303305913504959
Server3_1843,Server3_424,50.0,0.475117474972746
Server3_424,Server3_1843,50.0,0.475117474972746
Server3_1843,Server3_298,50.0,0.3859202692334681
Server3_298,Server3_1843,50.0,0.3859202692334681
Server3_1843,Server3_27,50.0,0.3870599848721314
Server3_27,Server3_1843,50.0,0.3870599848721314
Server3_871,Server3_645,50.0,0.3322120857037284
Server3_645,Server3_871,50.0,0.3322120857037284
Server3_871,Server3_1591,50.0,0.3282586182048185
Server3_1591,Server3_871,50.0,0.3282586182048185
Server3_871,Server3_864,50.0,0.2965807158559338
Server3_864,Server3_871,50.0,0.2965807158559338
Server3_600,Server3_888,50.0,0.3985921061989568
Server3_888,Server3_600,50.0,0.3985921061989568
Server3_600,Server3_1337,50.0,0.2921783491007482
Server3_1337,Server3_600,50.0,0.2921783491007482
Server3_600,Server3_1562,50.0,0.2895614179918542
Server3_1562,Server3_600,50.0,0.2895614179918542
Server3_600,Server3_1977,50.0,0.3394286995876244
Server3_1977,Server3_600,50.0,0.3394286995876244
Server3_1319,Server3_858,50.0,0.3452942920465124
Server3_858,Server3_1319,50.0,0.3452942920465124
Server3_1319,Server3_578,50.0,0.4002126462995586
Server3_578,Server3_1319,50.0,0.4002126462995586
Server3_264,Server3_1543,50.0,0.4042574839964218
Server3_1543,Server3_264,50.0,0.4042574839964218
Server3_264,Server3_914,50.0,0.327853821766311
Server3_914,Server3_264,50.0,0.327853821766311
Server3_264,Server3_373,50.0,0.438118052465258
Server3_373,Server3_264,50.0,0.438118052465258
Server3_1880,Server3_1535,50.0,0.4862825193797742
Server3_1535,Server3_1880,50.0,0.4862825193797742
Server3_1880,Server3_1831,50.0,0.4702829547854016
Server3_1831,Server3_1880,50.0,0.4702829547854016
Server3_1880,Server3_1155,50.0,0.4519227211973729
Server3_1155,Server3_1880,50.0,0.4519227211973729
Server3_1122,Server3_908,50.0,0.4075135226449864
Server3_908,Server3_1122,50.0,0.4075135226449864
Server3_1122,Server3_214,50.0,0.428996404628905
Server3_214,Server3_1122,50.0,0.428996404628905
Server3_1496,Server3_307,50.0,0.4129132542068448
Server3_307,Server3_1496,50.0,0.4129132542068448
Server3_1496,Server3_1254,50.0,0.2929078230260942
Server3_1254,Server3_1496,50.0,0.2929078230260942
Server3_1496,Server3_1791,50.0,0.4079489041109348
Server3_1791,Server3_1496,50.0,0.4079489041109348
Server3_1496,Server3_1782,50.0,0.2893609581875338
Server3_1782,Server3_1496,50.0,0.2893609581875338
Server3_822,Server3_163,50.0,0.3220586749977136
Server3_163,Server3_822,50.0,0.3220586749977136
Server3_822,Server3_887,50.0,0.4466706990111937
Server3_887,Server3_822,50.0,0.4466706990111937
Server3_1714,Server3_1023,50.0,0.3846710279661802
Server3_1023,Server3_1714,50.0,0.3846710279661802
Server3_1714,Server3_1760,50.0,0.3585770824345677
Server3_1760,Server3_1714,50.0,0.3585770824345677
Server3_1714,Server3_1902,50.0,0.4202850225121493
Server3_1902,Server3_1714,50.0,0.4202850225121493
Server3_1242,Server3_483,50.0,0.3096258102239259
Server3_483,Server3_1242,50.0,0.3096258102239259
Server3_1242,Server3_1052,50.0,0.3401388352371565
Server3_1052,Server3_1242,50.0,0.3401388352371565
Server3_326,Server3_1936,50.0,0.3271324242110849
Server3_1936,Server3_326,50.0,0.3271324242110849
Server3_326,Server3_1503,50.0,0.3103945437689234
Server3_1503,Server3_326,50.0,0.3103945437689234
Server3_326,Server3_742,50.0,0.3035627471414814
Server3_742,Server3_326,50.0,0.3035627471414814
Server3_326,Server3_1381,50.0,0.3530511795958244
Server3_1381,Server3_326,50.0,0.3530511795958244
Server3_1281,Server3_1538,50.0,0.4214595512917234
Server3_1538,Server3_1281,50.0,0.4214595512917234
Server3_1281,Server3_296,50.0,0.3278100418538301
Server3_296,Server3_1281,50.0,0.3278100418538301
Server3_311,Server3_671,50.0,0.3357078576925818
Server3_671,Server3_311,50.0,0.3357078576925818
Server3_311,Server3_713,50.0,0.4339130995273297
Server3_713,Server3_311,50.0,0.4339130995273297
Server3_1989,Server3_1262,50.0,0.2975344581583016
Server3_1262,Server3_1989,50.0,0.2975344581583016
Server3_1989,Server3_52,50.0,0.3710024069911792
Server3_52,Server3_1989,50.0,0.3710024069911792
Server3_1989,Server3_157,50.0,0.4066952005606771
Server3_157,Server3_1989,50.0,0.4066952005606771
Server3_1989,Server3_447,50.0,0.3506044062403784
Server3_447,Server3_1989,50.0,0.3506044062403784
Server3_1448,Server3_333,50.0,0.4691164982717522
Server3_333,Server3_1448,50.0,0.4691164982717522
Server3_1448,Server3_481,50.0,0.4576573944771256
Server3_481,Server3_1448,50.0,0.4576573944771256
Server3_1448,Server3_1755,50.0,0.437519491114876
Server3_1755,Server3_1448,50.0,0.437519491114876
Server3_1448,Server3_237,50.0,0.5192635457665751
Server3_237,Server3_1448,50.0,0.5192635457665751
Server3_698,Server3_650,50.0,0.4218891048390246
Server3_650,Server3_698,50.0,0.4218891048390246
Server3_698,Server3_172,50.0,0.3622366665853064
Server3_172,Server3_698,50.0,0.3622366665853064
Server3_698,Server3_252,50.0,0.3382456678046016
Server3_252,Server3_698,50.0,0.3382456678046016
Server3_1452,Server3_626,1.0,2000.0
Server3_626,Server3_1452,1.0,2000.0
Server3_1452,Server3_1447,50.0,0.3606964786709062
Server3_1447,Server3_1452,50.0,0.3606964786709062
Server3_995,Server3_736,50.0,0.4001410679992762
Server3_736,Server3_995,50.0,0.4001410679992762
Server3_995,Server3_1549,50.0,0.2993987624402928
Server3_1549,Server3_995,50.0,0.2993987624402928
Server3_1131,Server3_34,50.0,0.3030310121553574
Server3_34,Server3_1131,50.0,0.3030310121553574
Server3_1131,Server3_1028,50.0,0.392743046271314
Server3_1028,Server3_1131,50.0,0.392743046271314
Server3_1263,Server3_588,50.0,0.3241992323991184
Server3_588,Server3_1263,50.0,0.3241992323991184
Server3_1263,Server3_515,50.0,0.387670068288411
Server3_515,Server3_1263,50.0,0.387670068288411
Server3_1263,Server3_250,50.0,0.3372004126500479
Server3_250,Server3_1263,50.0,0.3372004126500479
Server3_1174,Server3_712,50.0,0.3519288739932983
Server3_712,Server3_1174,50.0,0.3519288739932983
Server3_1174,Server3_1077,50.0,0.3971426358385478
Server3_1077,Server3_1174,50.0,0.3971426358385478
Server3_1174,Server3_13,50.0,0.5021563803651128
Server3_13,Server3_1174,50.0,0.5021563803651128
Server3_1757,Server3_614,50.0,0.3854931105380114
Server3_614,Server3_1757,50.0,0.3854931105380114
Server3_1757,Server3_1164,50.0,0.4754208665080986
Server3_1164,Server3_1757,50.0,0.4754208665080986
Server3_1757,Server3_1166,1.0,2000.0
Server3_1166,Server3_1757,1.0,2000.0
Server3_1269,Server3_986,50.0,0.4345223220959954
Server3_986,Server3_1269,50.0,0.4345223220959954
Server3_1269,Server3_302,50.0,0.3991454092622515
Server3_302,Server3_1269,50.0,0.3991454092622515
Server3_1975,Server3_728,50.0,0.3161436998931918
Server3_728,Server3_1975,50.0,0.3161436998931918
Server3_1975,Server3_1556,50.0,0.3942623334117794
Server3_1556,Server3_1975,50.0,0.3942623334117794
Server3_1902,Server3_1485,50.0,0.375302075843345
Server3_1485,Server3_1902,50.0,0.375302075843345
Server3_1902,Server3_1023,50.0,0.3955881430635536
Server3_1023,Server3_1902,50.0,0.3955881430635536
Server3_1902,Server3_1760,50.0,0.2913024767543529
Server3_1760,Server3_1902,50.0,0.2913024767543529
Server3_728,Server3_1034,50.0,0.3377763706891153
Server3_1034,Server3_728,50.0,0.3377763706891153
Server3_1147,Server3_379,50.0,0.2685990517122466
Server3_379,Server3_1147,50.0,0.2685990517122466
Server3_1147,Server3_1948,50.0,0.2674982967932241
Server3_1948,Server3_1147,50.0,0.2674982967932241
Server3_1147,Server3_120,50.0,0.352382773325311
Server3_120,Server3_1147,50.0,0.352382773325311
Server3_1147,Server3_1516,50.0,0.3289918687571041
Server3_1516,Server3_1147,50.0,0.3289918687571041
Server3_1351,Server3_696,50.0,0.378124493280451
Server3_696,Server3_1351,50.0,0.378124493280451
Server3_1351,Server3_456,50.0,0.3971757054093904
Server3_456,Server3_1351,50.0,0.3971757054093904
Server3_1351,Server3_899,50.0,0.394622838477792
Server3_899,Server3_1351,50.0,0.394622838477792
Server3_244,Server3_849,50.0,0.407092794524117
Server3_849,Server3_244,50.0,0.407092794524117
Server3_244,Server3_485,50.0,0.3411750454800629
Server3_485,Server3_244,50.0,0.3411750454800629
Server3_244,Server3_1916,50.0,0.3121484755625627
Server3_1916,Server3_244,50.0,0.3121484755625627
Server3_102,Server3_962,1.0,2000.0
Server3_962,Server3_102,1.0,2000.0
Server3_102,Server3_1775,50.0,0.3672807085726734
Server3_1775,Server3_102,50.0,0.3672807085726734
Server3_102,Server3_922,50.0,0.459022058307418
Server3_922,Server3_102,50.0,0.459022058307418
Server3_644,Server3_607,50.0,0.4030606759859104
Server3_607,Server3_644,50.0,0.4030606759859104
Server3_644,Server3_1447,50.0,0.3231213745656698
Server3_1447,Server3_644,50.0,0.3231213745656698
Server3_644,Server3_128,50.0,0.5212737063289863
Server3_128,Server3_644,50.0,0.5212737063289863
Server3_644,Server3_386,50.0,0.4539164609938817
Server3_386,Server3_644,50.0,0.4539164609938817
Server3_751,Server3_1323,1.0,2000.0
Server3_1323,Server3_751,1.0,2000.0
Server3_751,Server3_1106,50.0,0.3441709126184178
Server3_1106,Server3_751,50.0,0.3441709126184178
Server3_751,Server3_136,50.0,0.336480960565101
Server3_136,Server3_751,50.0,0.336480960565101
Server3_1501,Server3_1312,1.0,2000.0
Server3_1312,Server3_1501,1.0,2000.0
Server3_1501,Server3_180,50.0,0.4057603656890722
Server3_180,Server3_1501,50.0,0.4057603656890722
Server3_1084,Server3_1901,50.0,0.3649961034419252
Server3_1901,Server3_1084,50.0,0.3649961034419252
Server3_1084,Server3_1403,50.0,0.400554281768179
Server3_1403,Server3_1084,50.0,0.400554281768179
Server3_1094,Server3_1146,50.0,0.3687861341623936
Server3_1146,Server3_1094,50.0,0.3687861341623936
Server3_733,Server3_142,50.0,0.3333997810619594
Server3_142,Server3_733,50.0,0.3333997810619594
Server3_733,Server3_477,50.0,0.5127329964322876
Server3_477,Server3_733,50.0,0.5127329964322876
Server3_1504,Server3_1150,50.0,0.3441923236954206
Server3_1150,Server3_1504,50.0,0.3441923236954206
Server3_1504,Server3_1428,50.0,0.400676462842243
Server3_1428,Server3_1504,50.0,0.400676462842243
Server3_1504,Server3_518,50.0,0.4864683312180049
Server3_518,Server3_1504,50.0,0.4864683312180049
Server3_1896,Server3_1014,50.0,0.4081977493041446
Server3_1014,Server3_1896,50.0,0.4081977493041446
Server3_1896,Server3_1698,50.0,0.6514862991740632
Server3_1698,Server3_1896,50.0,0.6514862991740632
Server3_287,Server3_1236,1.0,2000.0
Server3_1236,Server3_287,1.0,2000.0
Server3_287,Server3_494,50.0,0.2800075837788609
Server3_494,Server3_287,50.0,0.2800075837788609
Server3_287,Server3_1849,50.0,0.3159313554094152
Server3_1849,Server3_287,50.0,0.3159313554094152
Server3_287,Server3_983,50.0,0.4075407605055513
Server3_983,Server3_287,50.0,0.4075407605055513
Server3_1338,Server3_1220,50.0,0.2680784440130056
Server3_1220,Server3_1338,50.0,0.2680784440130056
Server3_1338,Server3_1597,50.0,0.5921137359166596
Server3_1597,Server3_1338,50.0,0.5921137359166596
Server3_1338,Server3_1207,50.0,0.4077219353330826
Server3_1207,Server3_1338,50.0,0.4077219353330826
Server3_1852,Server3_1745,1.0,2000.0
Server3_1745,Server3_1852,1.0,2000.0
Server3_1852,Server3_1616,50.0,0.3801064860762744
Server3_1616,Server3_1852,50.0,0.3801064860762744
Server3_1852,Server3_1878,50.0,0.4601194753998089
Server3_1878,Server3_1852,50.0,0.4601194753998089
Server3_1852,Server3_516,50.0,0.4521125159572641
Server3_516,Server3_1852,50.0,0.4521125159572641
Server3_1151,Server3_1680,50.0,0.2924141412207712
Server3_1680,Server3_1151,50.0,0.2924141412207712
Server3_1151,Server3_79,50.0,0.401347920515834
Server3_79,Server3_1151,50.0,0.401347920515834
Server3_1151,Server3_1526,50.0,0.3083435131674182
Server3_1526,Server3_1151,50.0,0.3083435131674182
Server3_1151,Server3_784,50.0,0.4010472459546032
Server3_784,Server3_1151,50.0,0.4010472459546032
Server3_219,Server3_791,50.0,0.2774565026936524
Server3_791,Server3_219,50.0,0.2774565026936524
Server3_219,Server3_35,50.0,0.2940905799733951
Server3_35,Server3_219,50.0,0.2940905799733951
Server3_219,Server3_304,50.0,0.3357271277774959
Server3_304,Server3_219,50.0,0.3357271277774959
Server3_219,Server3_1172,50.0,0.4166093082120388
Server3_1172,Server3_219,50.0,0.4166093082120388
Server3_309,Server3_223,50.0,0.3995228093958658
Server3_223,Server3_309,50.0,0.3995228093958658
Server3_309,Server3_1037,1.0,2000.0
Server3_1037,Server3_309,1.0,2000.0
Server3_309,Server3_75,50.0,0.3480508967162098
Server3_75,Server3_309,50.0,0.3480508967162098
Server3_309,Server3_639,50.0,0.3913898245647166
Server3_639,Server3_309,50.0,0.3913898245647166
Server3_562,Server3_1538,50.0,0.3679752152360609
Server3_1538,Server3_562,50.0,0.3679752152360609
Server3_562,Server3_383,50.0,0.46001249687931
Server3_383,Server3_562,50.0,0.46001249687931
Server3_575,Server3_1780,50.0,0.388630616297335
Server3_1780,Server3_575,50.0,0.388630616297335
Server3_563,Server3_1463,1.0,2000.0
Server3_1463,Server3_563,1.0,2000.0
Server3_563,Server3_510,50.0,0.3847772939046289
Server3_510,Server3_563,50.0,0.3847772939046289
Server3_1164,Server3_1725,50.0,0.2760804155028861
Server3_1725,Server3_1164,50.0,0.2760804155028861
Server3_1502,Server3_1532,50.0,0.3236261055540653
Server3_1532,Server3_1502,50.0,0.3236261055540653
Server3_1502,Server3_722,50.0,0.338420730400489
Server3_722,Server3_1502,50.0,0.338420730400489
Server3_1502,Server3_1929,50.0,0.3675989613710662
Server3_1929,Server3_1502,50.0,0.3675989613710662
Server3_583,Server3_687,50.0,0.3838773615990152
Server3_687,Server3_583,50.0,0.3838773615990152
Server3_583,Server3_270,50.0,0.2881859569266398
Server3_270,Server3_583,50.0,0.2881859569266398
Server3_583,Server3_849,50.0,0.4743430206003094
Server3_849,Server3_583,50.0,0.4743430206003094
Server3_583,Server3_1295,50.0,0.5143531727420478
Server3_1295,Server3_583,50.0,0.5143531727420478
Server3_1481,Server3_1132,50.0,0.4881323036122464
Server3_1132,Server3_1481,50.0,0.4881323036122464
Server3_1481,Server3_872,1.0,2000.0
Server3_872,Server3_1481,1.0,2000.0
Server3_1481,Server3_82,1.0,2000.0
Server3_82,Server3_1481,1.0,2000.0
Server3_441,Server3_324,50.0,0.3805355215501602
Server3_324,Server3_441,50.0,0.3805355215501602
Server3_441,Server3_673,50.0,0.5052796226702367
Server3_673,Server3_441,50.0,0.5052796226702367
Server3_441,Server3_1417,1.0,2000.0
Server3_1417,Server3_441,1.0,2000.0
Server3_873,Server3_1998,50.0,0.3566320478182073
Server3_1998,Server3_873,50.0,0.3566320478182073
Server3_873,Server3_824,50.0,0.2940947471330356
Server3_824,Server3_873,50.0,0.2940947471330356
Server3_873,Server3_853,50.0,0.3895717676372864
Server3_853,Server3_873,50.0,0.3895717676372864
Server3_1217,Server3_647,50.0,0.369564053721469
Server3_647,Server3_1217,50.0,0.369564053721469
Server3_1217,Server3_27,50.0,0.5470825720120662
Server3_27,Server3_1217,50.0,0.5470825720120662
Server3_1217,Server3_1899,50.0,0.4170340552300736
Server3_1899,Server3_1217,50.0,0.4170340552300736
Server3_1217,Server3_298,50.0,0.4580222936391245
Server3_298,Server3_1217,50.0,0.4580222936391245
Server3_1222,Server3_1959,50.0,0.4138695788543948
Server3_1959,Server3_1222,50.0,0.4138695788543948
Server3_1222,Server3_654,50.0,0.4065913565883783
Server3_654,Server3_1222,50.0,0.4065913565883783
Server3_1222,Server3_759,50.0,0.3767186924230901
Server3_759,Server3_1222,50.0,0.3767186924230901
Server3_1189,Server3_707,1.0,2000.0
Server3_707,Server3_1189,1.0,2000.0
Server3_1189,Server3_1302,1.0,2000.0
Server3_1302,Server3_1189,1.0,2000.0
Server3_1189,Server3_1048,50.0,0.4053779073714876
Server3_1048,Server3_1189,50.0,0.4053779073714876
Server3_1511,Server3_1671,50.0,0.3809721442965804
Server3_1671,Server3_1511,50.0,0.3809721442965804
Server3_1511,Server3_364,50.0,0.3905916687186851
Server3_364,Server3_1511,50.0,0.3905916687186851
Server3_1511,Server3_1847,50.0,0.3246748801679832
Server3_1847,Server3_1511,50.0,0.3246748801679832
Server3_1511,Server3_106,50.0,0.4007981021066427
Server3_106,Server3_1511,50.0,0.4007981021066427
Server3_56,Server3_1733,50.0,0.3697847814554536
Server3_1733,Server3_56,50.0,0.3697847814554536
Server3_56,Server3_1631,50.0,0.4012127924253527
Server3_1631,Server3_56,50.0,0.4012127924253527
Server3_56,Server3_761,1.0,2000.0
Server3_761,Server3_56,1.0,2000.0
Server3_56,Server3_1672,50.0,0.3911394034408142
Server3_1672,Server3_56,50.0,0.3911394034408142
Server3_492,Server3_1530,1.0,2000.0
Server3_1530,Server3_492,1.0,2000.0
Server3_492,Server3_2,50.0,0.3738492638135679
Server3_2,Server3_492,50.0,0.3738492638135679
Server3_492,Server3_222,50.0,0.3824076156483566
Server3_222,Server3_492,50.0,0.3824076156483566
Server3_21,Server3_76,50.0,0.3392911664550777
Server3_76,Server3_21,50.0,0.3392911664550777
Server3_724,Server3_825,50.0,0.4117150988628174
Server3_825,Server3_724,50.0,0.4117150988628174
Server3_404,Server3_640,50.0,0.3901196387263762
Server3_640,Server3_404,50.0,0.3901196387263762
Server3_404,Server3_1953,50.0,0.2980750768930946
Server3_1953,Server3_404,50.0,0.2980750768930946
Server3_1287,Server3_1366,50.0,0.3609503422846802
Server3_1366,Server3_1287,50.0,0.3609503422846802
Server3_1287,Server3_1268,50.0,0.3343116861918048
Server3_1268,Server3_1287,50.0,0.3343116861918048
Server3_1287,Server3_2,50.0,0.3336331730485081
Server3_2,Server3_1287,50.0,0.3336331730485081
Server3_1287,Server3_676,50.0,0.3901949446304572
Server3_676,Server3_1287,50.0,0.3901949446304572
Server3_683,Server3_1343,50.0,0.3724903267199847
Server3_1343,Server3_683,50.0,0.3724903267199847
Server3_683,Server3_1381,50.0,0.372483107487057
Server3_1381,Server3_683,50.0,0.372483107487057
Server3_683,Server3_1348,50.0,0.3004082671072298
Server3_1348,Server3_683,50.0,0.3004082671072298
Server3_1732,Server3_1320,50.0,0.5577114180908908
Server3_1320,Server3_1732,50.0,0.5577114180908908
Server3_1732,Server3_1903,50.0,0.4410684981172156
Server3_1903,Server3_1732,50.0,0.4410684981172156
Server3_1306,Server3_1052,50.0,0.2901125507676682
Server3_1052,Server3_1306,50.0,0.2901125507676682
Server3_1306,Server3_548,50.0,0.404209851472503
Server3_548,Server3_1306,50.0,0.404209851472503
Server3_1640,Server3_1249,1.0,2000.0
Server3_1249,Server3_1640,1.0,2000.0
Server3_1640,Server3_1445,50.0,0.3730657362673114
Server3_1445,Server3_1640,50.0,0.3730657362673114
Server3_1640,Server3_81,50.0,0.3542108376565114
Server3_81,Server3_1640,50.0,0.3542108376565114
Server3_1740,Server3_8,50.0,0.4526416122229196
Server3_8,Server3_1740,50.0,0.4526416122229196
Server3_1978,Server3_220,50.0,0.2860433167710205
Server3_220,Server3_1978,50.0,0.2860433167710205
Server3_1978,Server3_730,50.0,0.3835437226914029
Server3_730,Server3_1978,50.0,0.3835437226914029
Server3_1978,Server3_1200,50.0,0.3209574710252629
Server3_1200,Server3_1978,50.0,0.3209574710252629
Server3_1393,Server3_1285,50.0,0.367060085931847
Server3_1285,Server3_1393,50.0,0.367060085931847
Server3_1393,Server3_1166,1.0,2000.0
Server3_1166,Server3_1393,1.0,2000.0
Server3_1393,Server3_29,50.0,0.3593124751081105
Server3_29,Server3_1393,50.0,0.3593124751081105
Server3_676,Server3_1261,50.0,0.3285708150519598
Server3_1261,Server3_676,50.0,0.3285708150519598
Server3_676,Server3_358,50.0,0.3436999257743672
Server3_358,Server3_676,50.0,0.3436999257743672
Server3_676,Server3_62,50.0,0.379986972233391
Server3_62,Server3_676,50.0,0.379986972233391
Server3_1431,Server3_1198,50.0,0.3119224381384062
Server3_1198,Server3_1431,50.0,0.3119224381384062
Server3_715,Server3_1589,50.0,0.412315167605853
Server3_1589,Server3_715,50.0,0.412315167605853
Server3_715,Server3_1879,50.0,0.3519818527307396
Server3_1879,Server3_715,50.0,0.3519818527307396
Server3_1543,Server3_1819,50.0,0.3568802182303051
Server3_1819,Server3_1543,50.0,0.3568802182303051
Server3_1543,Server3_373,50.0,0.3517010894675618
Server3_373,Server3_1543,50.0,0.3517010894675618
Server3_1543,Server3_1120,50.0,0.3270812474450816
Server3_1120,Server3_1543,50.0,0.3270812474450816
Server3_1284,Server3_1807,50.0,0.3545805589456845
Server3_1807,Server3_1284,50.0,0.3545805589456845
Server3_1284,Server3_1730,50.0,0.3436244511559758
Server3_1730,Server3_1284,50.0,0.3436244511559758
Server3_1998,Server3_853,50.0,0.3173078962188028
Server3_853,Server3_1998,50.0,0.3173078962188028
Server3_498,Server3_1243,50.0,0.4106853831554234
Server3_1243,Server3_498,50.0,0.4106853831554234
Server3_498,Server3_1716,50.0,0.425319322269291
Server3_1716,Server3_498,50.0,0.425319322269291
Server3_340,Server3_303,50.0,0.3989790417051462
Server3_303,Server3_340,50.0,0.3989790417051462
Server3_340,Server3_899,50.0,0.2779167126171928
Server3_899,Server3_340,50.0,0.2779167126171928
Server3_340,Server3_1055,50.0,0.4292247531069576
Server3_1055,Server3_340,50.0,0.4292247531069576
Server3_340,Server3_1546,1.0,2000.0
Server3_1546,Server3_340,1.0,2000.0
Server3_1809,Server3_1025,50.0,0.3473685753115094
Server3_1025,Server3_1809,50.0,0.3473685753115094
Server3_1809,Server3_968,50.0,0.3243181186991304
Server3_968,Server3_1809,50.0,0.3243181186991304
Server3_1809,Server3_582,50.0,0.3024229070358012
Server3_582,Server3_1809,50.0,0.3024229070358012
Server3_1809,Server3_69,50.0,0.3205666874476962
Server3_69,Server3_1809,50.0,0.3205666874476962
Server3_1741,Server3_955,50.0,0.3337131975377665
Server3_955,Server3_1741,50.0,0.3337131975377665
Server3_1741,Server3_609,50.0,0.3027523824695488
Server3_609,Server3_1741,50.0,0.3027523824695488
Server3_1741,Server3_1804,50.0,0.3194298678760077
Server3_1804,Server3_1741,50.0,0.3194298678760077
Server3_1741,Server3_131,50.0,0.4089783305769928
Server3_131,Server3_1741,50.0,0.4089783305769928
Server3_286,Server3_534,50.0,0.3528311708106678
Server3_534,Server3_286,50.0,0.3528311708106678
Server3_286,Server3_87,50.0,0.2945660056311754
Server3_87,Server3_286,50.0,0.2945660056311754
Server3_1554,Server3_107,50.0,0.4884614338874249
Server3_107,Server3_1554,50.0,0.4884614338874249
Server3_1554,Server3_1159,50.0,0.3822245372362975
Server3_1159,Server3_1554,50.0,0.3822245372362975
Server3_750,Server3_411,50.0,0.4167148927181474
Server3_411,Server3_750,50.0,0.4167148927181474
Server3_750,Server3_725,50.0,0.3102417946239529
Server3_725,Server3_750,50.0,0.3102417946239529
Server3_750,Server3_1894,50.0,0.5389600599530743
Server3_1894,Server3_750,50.0,0.5389600599530743
Server3_1283,Server3_1084,50.0,0.3255658661840961
Server3_1084,Server3_1283,50.0,0.3255658661840961
Server3_1283,Server3_1901,50.0,0.4049948408773275
Server3_1901,Server3_1283,50.0,0.4049948408773275
Server3_1626,Server3_718,1.0,2000.0
Server3_718,Server3_1626,1.0,2000.0
Server3_1626,Server3_513,50.0,0.2655052999845476
Server3_513,Server3_1626,50.0,0.2655052999845476
Server3_1626,Server3_1359,50.0,0.2934045800161204
Server3_1359,Server3_1626,50.0,0.2934045800161204
Server3_1327,Server3_1604,50.0,0.4851516768818771
Server3_1604,Server3_1327,50.0,0.4851516768818771
Server3_1101,Server3_473,50.0,0.2968980844688305
Server3_473,Server3_1101,50.0,0.2968980844688305
Server3_269,Server3_1084,50.0,0.3802413974653606
Server3_1084,Server3_269,50.0,0.3802413974653606
Server3_269,Server3_1403,50.0,0.4088385907388168
Server3_1403,Server3_269,50.0,0.4088385907388168
Server3_393,Server3_1235,50.0,0.3889813224305817
Server3_1235,Server3_393,50.0,0.3889813224305817
Server3_393,Server3_876,50.0,0.4498036522540663
Server3_876,Server3_393,50.0,0.4498036522540663
Server3_393,Server3_1109,50.0,0.3271454957794447
Server3_1109,Server3_393,50.0,0.3271454957794447
Server3_1673,Server3_67,50.0,0.2817285028389726
Server3_67,Server3_1673,50.0,0.2817285028389726
Server3_1673,Server3_370,50.0,0.3963841527335984
Server3_370,Server3_1673,50.0,0.3963841527335984
Server3_1673,Server3_355,50.0,0.3402247157126977
Server3_355,Server3_1673,50.0,0.3402247157126977
Server3_1673,Server3_1666,50.0,0.3340014132985203
Server3_1666,Server3_1673,50.0,0.3340014132985203
Server3_1603,Server3_27,50.0,0.4467232787907706
Server3_27,Server3_1603,50.0,0.4467232787907706
Server3_1603,Server3_1674,50.0,0.4143892009169232
Server3_1674,Server3_1603,50.0,0.4143892009169232
Server3_1603,Server3_500,50.0,0.4162670152422068
Server3_500,Server3_1603,50.0,0.4162670152422068
Server3_1188,Server3_1480,50.0,0.4477173482123666
Server3_1480,Server3_1188,50.0,0.4477173482123666
Server3_1188,Server3_1156,50.0,0.5064219155774485
Server3_1156,Server3_1188,50.0,0.5064219155774485
Server3_1188,Server3_997,50.0,0.360759569281442
Server3_997,Server3_1188,50.0,0.360759569281442
Server3_1188,Server3_1977,50.0,0.4685657335201381
Server3_1977,Server3_1188,50.0,0.4685657335201381
Server3_919,Server3_217,50.0,0.3882073050934188
Server3_217,Server3_919,50.0,0.3882073050934188
Server3_919,Server3_1825,50.0,0.3792217530691145
Server3_1825,Server3_919,50.0,0.3792217530691145
Server3_20,Server3_1390,1.0,2000.0
Server3_1390,Server3_20,1.0,2000.0
Server3_20,Server3_177,50.0,0.3649700674053878
Server3_177,Server3_20,50.0,0.3649700674053878
Server3_20,Server3_262,50.0,0.3433043684733031
Server3_262,Server3_20,50.0,0.3433043684733031
Server3_1918,Server3_944,50.0,0.3348144560710553
Server3_944,Server3_1918,50.0,0.3348144560710553
Server3_1918,Server3_745,1.0,2000.0
Server3_745,Server3_1918,1.0,2000.0
Server3_18,Server3_1512,50.0,0.3141609337841274
Server3_1512,Server3_18,50.0,0.3141609337841274
Server3_18,Server3_652,50.0,0.3144059658910917
Server3_652,Server3_18,50.0,0.3144059658910917
Server3_296,Server3_1676,50.0,0.4153797701366838
Server3_1676,Server3_296,50.0,0.4153797701366838
Server3_296,Server3_1204,50.0,0.4473977650670166
Server3_1204,Server3_296,50.0,0.4473977650670166
Server3_296,Server3_964,50.0,0.4661384659932422
Server3_964,Server3_296,50.0,0.4661384659932422
Server3_483,Server3_754,50.0,0.359975441922876
Server3_754,Server3_483,50.0,0.359975441922876
Server3_483,Server3_1306,50.0,0.3666074251003109
Server3_1306,Server3_483,50.0,0.3666074251003109
Server3_483,Server3_1052,50.0,0.3462954804464191
Server3_1052,Server3_483,50.0,0.3462954804464191
Server3_1772,Server3_456,50.0,0.4973977950414221
Server3_456,Server3_1772,50.0,0.4973977950414221
Server3_1200,Server3_220,50.0,0.2706860009124502
Server3_220,Server3_1200,50.0,0.2706860009124502
Server3_1191,Server3_1229,50.0,0.395828358875818
Server3_1229,Server3_1191,50.0,0.395828358875818
Server3_1191,Server3_1917,1.0,2000.0
Server3_1917,Server3_1191,1.0,2000.0
Server3_650,Server3_1588,1.0,2000.0
Server3_1588,Server3_650,1.0,2000.0
Server3_650,Server3_1598,50.0,0.3808717567220404
Server3_1598,Server3_650,50.0,0.3808717567220404
Server3_559,Server3_1266,50.0,0.5151583008229241
Server3_1266,Server3_559,50.0,0.5151583008229241
Server3_559,Server3_558,50.0,0.4674662185846333
Server3_558,Server3_559,50.0,0.4674662185846333
Server3_559,Server3_316,50.0,0.376496619433624
Server3_316,Server3_559,50.0,0.376496619433624
Server3_257,Server3_1316,50.0,0.3001637066830568
Server3_1316,Server3_257,50.0,0.3001637066830568
Server3_257,Server3_1911,50.0,0.3323892586810863
Server3_1911,Server3_257,50.0,0.3323892586810863
Server3_1198,Server3_1205,50.0,0.421032884684538
Server3_1205,Server3_1198,50.0,0.421032884684538
Server3_1198,Server3_225,50.0,0.4473898265582062
Server3_225,Server3_1198,50.0,0.4473898265582062
Server3_1198,Server3_1508,50.0,0.3481735703286322
Server3_1508,Server3_1198,50.0,0.3481735703286322
Server3_1198,Server3_951,50.0,0.4163617294364376
Server3_951,Server3_1198,50.0,0.4163617294364376
Server3_462,Server3_1247,50.0,0.292809222336773
Server3_1247,Server3_462,50.0,0.292809222336773
Server3_462,Server3_1067,1.0,2000.0
Server3_1067,Server3_462,1.0,2000.0
Server3_462,Server3_1539,50.0,0.319862837682133
Server3_1539,Server3_462,50.0,0.319862837682133
Server3_462,Server3_1551,50.0,0.2991540634638864
Server3_1551,Server3_462,50.0,0.2991540634638864
Server3_1132,Server3_1439,50.0,0.2896995779222916
Server3_1439,Server3_1132,50.0,0.2896995779222916
Server3_1132,Server3_834,50.0,0.323034592988239
Server3_834,Server3_1132,50.0,0.323034592988239
Server3_1132,Server3_408,50.0,0.3696889962696535
Server3_408,Server3_1132,50.0,0.3696889962696535
Server3_1467,Server3_25,50.0,0.458669237927804
Server3_25,Server3_1467,50.0,0.458669237927804
Server3_1467,Server3_1191,50.0,0.4356190645222464
Server3_1191,Server3_1467,50.0,0.4356190645222464
Server3_1467,Server3_58,50.0,0.38122746682835
Server3_58,Server3_1467,50.0,0.38122746682835
Server3_178,Server3_760,50.0,0.3372037024924322
Server3_760,Server3_178,50.0,0.3372037024924322
Server3_178,Server3_44,50.0,0.3502555703108029
Server3_44,Server3_178,50.0,0.3502555703108029
Server3_862,Server3_1468,50.0,0.3818528126868872
Server3_1468,Server3_862,50.0,0.3818528126868872
Server3_862,Server3_164,50.0,0.3714470169437061
Server3_164,Server3_862,50.0,0.3714470169437061
Server3_862,Server3_1011,50.0,0.3714790889907386
Server3_1011,Server3_862,50.0,0.3714790889907386
Server3_1940,Server3_637,50.0,0.4876890853545077
Server3_637,Server3_1940,50.0,0.4876890853545077
Server3_824,Server3_572,1.0,2000.0
Server3_572,Server3_824,1.0,2000.0
Server3_824,Server3_369,50.0,0.3233229479364682
Server3_369,Server3_824,50.0,0.3233229479364682
Server3_824,Server3_55,50.0,0.4162710447029454
Server3_55,Server3_824,50.0,0.4162710447029454
Server3_623,Server3_978,50.0,0.4392379458535146
Server3_978,Server3_623,50.0,0.4392379458535146
Server3_623,Server3_134,50.0,0.3063093929463184
Server3_134,Server3_623,50.0,0.3063093929463184
Server3_521,Server3_819,50.0,0.3990178686230716
Server3_819,Server3_521,50.0,0.3990178686230716
Server3_521,Server3_667,50.0,0.4717900524936399
Server3_667,Server3_521,50.0,0.4717900524936399
Server3_1130,Server3_855,1.0,2000.0
Server3_855,Server3_1130,1.0,2000.0
Server3_1130,Server3_1815,50.0,0.511545561702164
Server3_1815,Server3_1130,50.0,0.511545561702164
Server3_1130,Server3_1621,1.0,2000.0
Server3_1621,Server3_1130,1.0,2000.0
Server3_812,Server3_1516,50.0,0.3405597561328356
Server3_1516,Server3_812,50.0,0.3405597561328356
Server3_812,Server3_767,50.0,0.266659916738022
Server3_767,Server3_812,50.0,0.266659916738022
Server3_1796,Server3_767,50.0,0.3061811373739414
Server3_767,Server3_1796,50.0,0.3061811373739414
Server3_1796,Server3_812,50.0,0.3549544122696826
Server3_812,Server3_1796,50.0,0.3549544122696826
Server3_1796,Server3_1516,50.0,0.3663429504283806
Server3_1516,Server3_1796,50.0,0.3663429504283806
Server3_203,Server3_1714,50.0,0.3017136214103869
Server3_1714,Server3_203,50.0,0.3017136214103869
Server3_203,Server3_1118,50.0,0.4504169062628556
Server3_1118,Server3_203,50.0,0.4504169062628556
Server3_77,Server3_1265,1.0,2000.0
Server3_1265,Server3_77,1.0,2000.0
Server3_77,Server3_1955,50.0,0.4213446453743606
Server3_1955,Server3_77,50.0,0.4213446453743606
Server3_192,Server3_1025,50.0,0.3669525538936732
Server3_1025,Server3_192,50.0,0.3669525538936732
Server3_192,Server3_193,50.0,0.3608124761857835
Server3_193,Server3_192,50.0,0.3608124761857835
Server3_434,Server3_140,50.0,0.4114794718288926
Server3_140,Server3_434,50.0,0.4114794718288926
Server3_434,Server3_1558,50.0,0.4231603672304357
Server3_1558,Server3_434,50.0,0.4231603672304357
Server3_434,Server3_414,50.0,0.3374915622783004
Server3_414,Server3_434,50.0,0.3374915622783004
Server3_434,Server3_789,50.0,0.3407738214825755
Server3_789,Server3_434,50.0,0.3407738214825755
Server3_886,Server3_1225,50.0,0.3083486404912894
Server3_1225,Server3_886,50.0,0.3083486404912894
Server3_886,Server3_1013,1.0,2000.0
Server3_1013,Server3_886,1.0,2000.0
Server3_886,Server3_1106,50.0,0.3585625777175935
Server3_1106,Server3_886,50.0,0.3585625777175935
Server3_513,Server3_1844,50.0,0.3006894423604012
Server3_1844,Server3_513,50.0,0.3006894423604012
Server3_513,Server3_1359,50.0,0.3251095950599158
Server3_1359,Server3_513,50.0,0.3251095950599158
Server3_1614,Server3_1414,50.0,0.4993128386776557
Server3_1414,Server3_1614,50.0,0.4993128386776557
Server3_1614,Server3_1665,50.0,0.5130280106105704
Server3_1665,Server3_1614,50.0,0.5130280106105704
Server3_1614,Server3_1411,50.0,0.3414092762521842
Server3_1411,Server3_1614,50.0,0.3414092762521842
Server3_1614,Server3_61,50.0,0.5293778534003921
Server3_61,Server3_1614,50.0,0.5293778534003921
Server3_1129,Server3_280,50.0,0.3838053157771857
Server3_280,Server3_1129,50.0,0.3838053157771857
Server3_1129,Server3_1666,50.0,0.3522330749495474
Server3_1666,Server3_1129,50.0,0.3522330749495474
Server3_1129,Server3_1949,50.0,0.2941071344540196
Server3_1949,Server3_1129,50.0,0.2941071344540196
Server3_538,Server3_1489,50.0,0.3184436002671394
Server3_1489,Server3_538,50.0,0.3184436002671394
Server3_538,Server3_1888,50.0,0.30869523722969
Server3_1888,Server3_538,50.0,0.30869523722969
Server3_538,Server3_1196,50.0,0.4642040731508499
Server3_1196,Server3_538,50.0,0.4642040731508499
Server3_538,Server3_744,50.0,0.4866790303170262
Server3_744,Server3_538,50.0,0.4866790303170262
Server3_12,Server3_1705,50.0,0.4513383447058635
Server3_1705,Server3_12,50.0,0.4513383447058635
Server3_1592,Server3_966,50.0,0.4149043188227629
Server3_966,Server3_1592,50.0,0.4149043188227629
Server3_1592,Server3_925,50.0,0.4408659253242995
Server3_925,Server3_1592,50.0,0.4408659253242995
Server3_1592,Server3_337,50.0,0.4029636768566124
Server3_337,Server3_1592,50.0,0.4029636768566124
Server3_1592,Server3_208,50.0,0.5363695696074898
Server3_208,Server3_1592,50.0,0.5363695696074898
Server3_341,Server3_1251,1.0,2000.0
Server3_1251,Server3_341,1.0,2000.0
Server3_341,Server3_646,50.0,0.4119502431661042
Server3_646,Server3_341,50.0,0.4119502431661042
Server3_341,Server3_99,1.0,2000.0
Server3_99,Server3_341,1.0,2000.0
Server3_687,Server3_1834,50.0,0.4381963097990233
Server3_1834,Server3_687,50.0,0.4381963097990233
Server3_687,Server3_1994,50.0,0.3716464298903748
Server3_1994,Server3_687,50.0,0.3716464298903748
Server3_1379,Server3_1379,50.0,0.3851611946657522
Server3_1379,Server3_364,50.0,0.3201330095028684
Server3_364,Server3_1379,50.0,0.3201330095028684
Server3_1172,Server3_916,50.0,0.3815896591218186
Server3_916,Server3_1172,50.0,0.3815896591218186
Server3_1172,Server3_1273,1.0,2000.0
Server3_1273,Server3_1172,1.0,2000.0
Server3_1172,Server3_95,50.0,0.3678964763699697
Server3_95,Server3_1172,50.0,0.3678964763699697
Server3_1172,Server3_1832,50.0,0.3508494274880516
Server3_1832,Server3_1172,50.0,0.3508494274880516
Server3_536,Server3_1163,50.0,0.4524056203606956
Server3_1163,Server3_536,50.0,0.4524056203606956
Server3_536,Server3_775,50.0,0.4352124575568798
Server3_775,Server3_536,50.0,0.4352124575568798
Server3_536,Server3_1521,50.0,0.4347332834196274
Server3_1521,Server3_536,50.0,0.4347332834196274
Server3_948,Server3_1733,50.0,0.3564249672654994
Server3_1733,Server3_948,50.0,0.3564249672654994
Server3_948,Server3_754,50.0,0.4498242142414134
Server3_754,Server3_948,50.0,0.4498242142414134
Server3_948,Server3_415,50.0,0.378899074755557
Server3_415,Server3_948,50.0,0.378899074755557
Server3_948,Server3_542,50.0,0.4169965778153352
Server3_542,Server3_948,50.0,0.4169965778153352
Server3_1754,Server3_1240,50.0,0.2861953225768511
Server3_1240,Server3_1754,50.0,0.2861953225768511
Server3_1754,Server3_1248,50.0,0.3073091250239969
Server3_1248,Server3_1754,50.0,0.3073091250239969
Server3_1754,Server3_1993,50.0,0.3627303030709393
Server3_1993,Server3_1754,50.0,0.3627303030709393
Server3_334,Server3_786,50.0,0.2794493141011053
Server3_786,Server3_334,50.0,0.2794493141011053
Server3_334,Server3_840,50.0,0.4023467724066684
Server3_840,Server3_334,50.0,0.4023467724066684
Server3_334,Server3_1523,50.0,0.3738847486128803
Server3_1523,Server3_334,50.0,0.3738847486128803
Server3_1405,Server3_1788,50.0,0.365932890339828
Server3_1788,Server3_1405,50.0,0.365932890339828
Server3_1405,Server3_1294,50.0,0.2808851173425868
Server3_1294,Server3_1405,50.0,0.2808851173425868
Server3_743,Server3_1138,50.0,0.342987628654856
Server3_1138,Server3_743,50.0,0.342987628654856
Server3_743,Server3_509,50.0,0.3018111291638062
Server3_509,Server3_743,50.0,0.3018111291638062
Server3_743,Server3_1787,50.0,0.2680166049439338
Server3_1787,Server3_743,50.0,0.2680166049439338
Server3_504,Server3_1295,50.0,0.3824187320225384
Server3_1295,Server3_504,50.0,0.3824187320225384
Server3_504,Server3_849,50.0,0.3527153337777753
Server3_849,Server3_504,50.0,0.3527153337777753
Server3_504,Server3_260,50.0,0.4244863444827458
Server3_260,Server3_504,50.0,0.4244863444827458
Server3_372,Server3_1020,50.0,0.391740914728561
Server3_1020,Server3_372,50.0,0.391740914728561
Server3_372,Server3_1846,50.0,0.424070625818897
Server3_1846,Server3_372,50.0,0.424070625818897
Server3_372,Server3_1404,50.0,0.4578638337074486
Server3_1404,Server3_372,50.0,0.4578638337074486
Server3_372,Server3_138,50.0,0.3602558770437076
Server3_138,Server3_372,50.0,0.3602558770437076
Server3_985,Server3_1985,50.0,0.385073726237825
Server3_1985,Server3_985,50.0,0.385073726237825
Server3_985,Server3_1625,50.0,0.3558173812277
Server3_1625,Server3_985,50.0,0.3558173812277
Server3_985,Server3_818,50.0,0.3335966900654584
Server3_818,Server3_985,50.0,0.3335966900654584
Server3_72,Server3_585,50.0,0.3108279414491426
Server3_585,Server3_72,50.0,0.3108279414491426
Server3_72,Server3_615,50.0,0.3968587334946126
Server3_615,Server3_72,50.0,0.3968587334946126
Server3_72,Server3_1831,50.0,0.2816427668003577
Server3_1831,Server3_72,50.0,0.2816427668003577
Server3_1948,Server3_524,50.0,0.4097648209543995
Server3_524,Server3_1948,50.0,0.4097648209543995
Server3_1948,Server3_379,50.0,0.362786044984327
Server3_379,Server3_1948,50.0,0.362786044984327
Server3_1144,Server3_1160,1.0,2000.0
Server3_1160,Server3_1144,1.0,2000.0
Server3_1144,Server3_1751,50.0,0.3905049888946926
Server3_1751,Server3_1144,50.0,0.3905049888946926
Server3_1144,Server3_529,50.0,0.3808946337005048
Server3_529,Server3_1144,50.0,0.3808946337005048
Server3_1144,Server3_493,50.0,0.5635444726805923
Server3_493,Server3_1144,50.0,0.5635444726805923
Server3_1729,Server3_453,50.0,0.4549730402924018
Server3_453,Server3_1729,50.0,0.4549730402924018
Server3_1729,Server3_952,50.0,0.3415218897818661
Server3_952,Server3_1729,50.0,0.3415218897818661
Server3_1729,Server3_936,50.0,0.5892964083566503
Server3_936,Server3_1729,50.0,0.5892964083566503
Server3_1921,Server3_1928,50.0,0.288886570111046
Server3_1928,Server3_1921,50.0,0.288886570111046
Server3_1921,Server3_1453,50.0,0.3411556156447576
Server3_1453,Server3_1921,50.0,0.3411556156447576
Server3_1921,Server3_1175,50.0,0.3315165290961086
Server3_1175,Server3_1921,50.0,0.3315165290961086
Server3_1159,Server3_1687,1.0,2000.0
Server3_1687,Server3_1159,1.0,2000.0
Server3_1159,Server3_1675,50.0,0.4141371720603728
Server3_1675,Server3_1159,50.0,0.4141371720603728
Server3_1407,Server3_173,50.0,0.3625115839778546
Server3_173,Server3_1407,50.0,0.3625115839778546
Server3_1407,Server3_800,50.0,0.3115842567431912
Server3_800,Server3_1407,50.0,0.3115842567431912
Server3_1407,Server3_1147,50.0,0.320040912498325
Server3_1147,Server3_1407,50.0,0.320040912498325
Server3_1752,Server3_539,50.0,0.357709266973301
Server3_539,Server3_1752,50.0,0.357709266973301
Server3_1752,Server3_605,50.0,0.5134753733817954
Server3_605,Server3_1752,50.0,0.5134753733817954
Server3_1088,Server3_1657,50.0,0.4665284395972815
Server3_1657,Server3_1088,50.0,0.4665284395972815
Server3_1088,Server3_586,50.0,0.3903239719932572
Server3_586,Server3_1088,50.0,0.3903239719932572
Server3_1088,Server3_436,50.0,0.4753439056042144
Server3_436,Server3_1088,50.0,0.4753439056042144
Server3_1088,Server3_229,50.0,0.3740975340700151
Server3_229,Server3_1088,50.0,0.3740975340700151
Server3_1096,Server3_1170,50.0,0.402558813770544
Server3_1170,Server3_1096,50.0,0.402558813770544
Server3_1096,Server3_883,50.0,0.3634896966652672
Server3_883,Server3_1096,50.0,0.3634896966652672
Server3_1096,Server3_1513,50.0,0.3011325361782307
Server3_1513,Server3_1096,50.0,0.3011325361782307
Server3_574,Server3_26,50.0,0.3460013490373701
Server3_26,Server3_574,50.0,0.3460013490373701
Server3_574,Server3_1909,1.0,2000.0
Server3_1909,Server3_574,1.0,2000.0
Server3_574,Server3_613,50.0,0.4062678859657702
Server3_613,Server3_574,50.0,0.4062678859657702
Server3_574,Server3_1345,50.0,0.3882494999983872
Server3_1345,Server3_574,50.0,0.3882494999983872
Server3_1797,Server3_356,50.0,0.3893800722090337
Server3_356,Server3_1797,50.0,0.3893800722090337
Server3_1797,Server3_1021,50.0,0.4290448848334265
Server3_1021,Server3_1797,50.0,0.4290448848334265
Server3_154,Server3_576,50.0,0.726098884688192
Server3_576,Server3_154,50.0,0.726098884688192
Server3_154,Server3_882,50.0,0.2948069402295956
Server3_882,Server3_154,50.0,0.2948069402295956
Server3_1439,Server3_511,50.0,0.2935315993931066
Server3_511,Server3_1439,50.0,0.2935315993931066
Server3_1646,Server3_1945,50.0,0.5270176265785198
Server3_1945,Server3_1646,50.0,0.5270176265785198
Server3_1646,Server3_493,50.0,0.523370791427552
Server3_493,Server3_1646,50.0,0.523370791427552
Server3_1646,Server3_11,50.0,0.4447551244605641
Server3_11,Server3_1646,50.0,0.4447551244605641
Server3_1646,Server3_228,1.0,2000.0
Server3_228,Server3_1646,1.0,2000.0
Server3_1314,Server3_1161,50.0,0.3767331821756217
Server3_1161,Server3_1314,50.0,0.3767331821756217
Server3_1314,Server3_1123,50.0,0.3667042974970341
Server3_1123,Server3_1314,50.0,0.3667042974970341
Server3_1314,Server3_36,50.0,0.4499941835886592
Server3_36,Server3_1314,50.0,0.4499941835886592
Server3_1314,Server3_1904,50.0,0.4651828390131339
Server3_1904,Server3_1314,50.0,0.4651828390131339
Server3_156,Server3_596,50.0,0.389723216305157
Server3_596,Server3_156,50.0,0.389723216305157
Server3_156,Server3_761,1.0,2000.0
Server3_761,Server3_156,1.0,2000.0
Server3_156,Server3_548,50.0,0.3777059923261199
Server3_548,Server3_156,50.0,0.3777059923261199
Server3_1285,Server3_84,50.0,0.3405149991726068
Server3_84,Server3_1285,50.0,0.3405149991726068
Server3_1285,Server3_1725,50.0,0.2955399330107118
Server3_1725,Server3_1285,50.0,0.2955399330107118
Server3_1285,Server3_243,50.0,0.3811073494819653
Server3_243,Server3_1285,50.0,0.3811073494819653
Server3_1285,Server3_686,50.0,0.3405048026201532
Server3_686,Server3_1285,50.0,0.3405048026201532
Server3_1807,Server3_1978,50.0,0.3566374801264961
Server3_1978,Server3_1807,50.0,0.3566374801264961
Server3_1807,Server3_1056,50.0,0.3080837817452374
Server3_1056,Server3_1807,50.0,0.3080837817452374
Server3_1807,Server3_631,50.0,0.384207057466122
Server3_631,Server3_1807,50.0,0.384207057466122
Server3_1807,Server3_1909,1.0,2000.0
Server3_1909,Server3_1807,1.0,2000.0
Server3_907,Server3_1452,50.0,0.4767112216436752
Server3_1452,Server3_907,50.0,0.4767112216436752
Server3_907,Server3_626,1.0,2000.0
Server3_626,Server3_907,1.0,2000.0
Server3_1036,Server3_167,1.0,2000.0
Server3_167,Server3_1036,1.0,2000.0
Server3_1206,Server3_819,50.0,0.4372589635045402
Server3_819,Server3_1206,50.0,0.4372589635045402
Server3_1206,Server3_1692,1.0,2000.0
Server3_1692,Server3_1206,1.0,2000.0
Server3_1206,Server3_528,50.0,0.4992542592474176
Server3_528,Server3_1206,50.0,0.4992542592474176
Server3_853,Server3_369,50.0,0.3765884463783324
Server3_369,Server3_853,50.0,0.3765884463783324
Server3_1187,Server3_1882,50.0,0.4536977771202659
Server3_1882,Server3_1187,50.0,0.4536977771202659
Server3_1187,Server3_1219,50.0,0.3605987852003918
Server3_1219,Server3_1187,50.0,0.3605987852003918
Server3_1187,Server3_869,50.0,0.3405366410509866
Server3_869,Server3_1187,50.0,0.3405366410509866
Server3_1187,Server3_1186,50.0,0.4791039495783782
Server3_1186,Server3_1187,50.0,0.4791039495783782
Server3_614,Server3_686,50.0,0.4749340338458234
Server3_686,Server3_614,50.0,0.4749340338458234
Server3_614,Server3_811,50.0,0.3691992614401016
Server3_811,Server3_614,50.0,0.3691992614401016
Server3_201,Server3_175,50.0,0.3168984733078354
Server3_175,Server3_201,50.0,0.3168984733078354
Server3_201,Server3_1156,50.0,0.3087056786941814
Server3_1156,Server3_201,50.0,0.3087056786941814
Server3_201,Server3_1765,50.0,0.4369341641573848
Server3_1765,Server3_201,50.0,0.4369341641573848
Server3_201,Server3_1480,50.0,0.3923681519095189
Server3_1480,Server3_201,50.0,0.3923681519095189
Server3_130,Server3_782,50.0,0.2680222532309372
Server3_782,Server3_130,50.0,0.2680222532309372
Server3_130,Server3_1938,50.0,0.3617729876564742
Server3_1938,Server3_130,50.0,0.3617729876564742
Server3_130,Server3_272,50.0,0.4533994050106384
Server3_272,Server3_130,50.0,0.4533994050106384
Server3_1633,Server3_516,50.0,0.377532398591007
Server3_516,Server3_1633,50.0,0.377532398591007
Server3_1633,Server3_917,50.0,0.3309319757763964
Server3_917,Server3_1633,50.0,0.3309319757763964
Server3_274,Server3_883,50.0,0.4138035419706081
Server3_883,Server3_274,50.0,0.4138035419706081
Server3_274,Server3_1057,50.0,0.394287815321478
Server3_1057,Server3_274,50.0,0.394287815321478
Server3_274,Server3_1997,50.0,0.4799699343859517
Server3_1997,Server3_274,50.0,0.4799699343859517
Server3_435,Server3_1193,50.0,0.5387867776499231
Server3_1193,Server3_435,50.0,0.5387867776499231
Server3_435,Server3_143,50.0,0.4016244892749168
Server3_143,Server3_435,50.0,0.4016244892749168
Server3_23,Server3_87,50.0,0.3245128028411784
Server3_87,Server3_23,50.0,0.3245128028411784
Server3_23,Server3_728,50.0,0.3318703863636358
Server3_728,Server3_23,50.0,0.3318703863636358
Server3_23,Server3_859,1.0,2000.0
Server3_859,Server3_23,1.0,2000.0
Server3_23,Server3_852,50.0,0.3318953745607334
Server3_852,Server3_23,50.0,0.3318953745607334
Server3_239,Server3_674,50.0,0.324958458232863
Server3_674,Server3_239,50.0,0.324958458232863
Server3_239,Server3_1808,50.0,0.3592543223770036
Server3_1808,Server3_239,50.0,0.3592543223770036
Server3_239,Server3_1813,50.0,0.3084733030662611
Server3_1813,Server3_239,50.0,0.3084733030662611
Server3_239,Server3_1689,50.0,0.3150519698306567
Server3_1689,Server3_239,50.0,0.3150519698306567
Server3_1491,Server3_1931,50.0,0.3785992371855562
Server3_1931,Server3_1491,50.0,0.3785992371855562
Server3_1491,Server3_482,50.0,0.5092370478284356
Server3_482,Server3_1491,50.0,0.5092370478284356
Server3_1491,Server3_874,50.0,0.3423535580617811
Server3_874,Server3_1491,50.0,0.3423535580617811
Server3_880,Server3_1301,1.0,2000.0
Server3_1301,Server3_880,1.0,2000.0
Server3_880,Server3_1057,50.0,0.3961512570230472
Server3_1057,Server3_880,50.0,0.3961512570230472
Server3_1030,Server3_99,1.0,2000.0
Server3_99,Server3_1030,1.0,2000.0
Server3_1030,Server3_1617,50.0,0.3789970668433685
Server3_1617,Server3_1030,50.0,0.3789970668433685
Server3_1030,Server3_704,50.0,0.3667548928995184
Server3_704,Server3_1030,50.0,0.3667548928995184
Server3_1800,Server3_202,50.0,0.4232908951967486
Server3_202,Server3_1800,50.0,0.4232908951967486
Server3_1800,Server3_1713,50.0,0.3726788063864232
Server3_1713,Server3_1800,50.0,0.3726788063864232
Server3_1800,Server3_72,50.0,0.3920478995633754
Server3_72,Server3_1800,50.0,0.3920478995633754
Server3_1076,Server3_544,50.0,0.3737490087508269
Server3_544,Server3_1076,50.0,0.3737490087508269
Server3_1076,Server3_1633,50.0,0.3428907087062943
Server3_1633,Server3_1076,50.0,0.3428907087062943
Server3_1076,Server3_1957,50.0,0.372702092347772
Server3_1957,Server3_1076,50.0,0.372702092347772
Server3_1076,Server3_259,1.0,2000.0
Server3_259,Server3_1076,1.0,2000.0
Server3_1606,Server3_1557,1.0,2000.0
Server3_1557,Server3_1606,1.0,2000.0
Server3_1606,Server3_1515,50.0,0.3365205759383836
Server3_1515,Server3_1606,50.0,0.3365205759383836
Server3_710,Server3_908,50.0,0.3560942667933566
Server3_908,Server3_710,50.0,0.3560942667933566
Server3_710,Server3_14,50.0,0.3766437353561275
Server3_14,Server3_710,50.0,0.3766437353561275
Server3_1291,Server3_892,50.0,0.38907329514333
Server3_892,Server3_1291,50.0,0.38907329514333
Server3_1291,Server3_1303,50.0,0.3447526364850258
Server3_1303,Server3_1291,50.0,0.3447526364850258
Server3_1291,Server3_722,50.0,0.3236956220405908
Server3_722,Server3_1291,50.0,0.3236956220405908
Server3_1291,Server3_1532,50.0,0.329068531761387
Server3_1532,Server3_1291,50.0,0.329068531761387
Server3_700,Server3_932,50.0,0.388107522003265
Server3_932,Server3_700,50.0,0.388107522003265
Server3_700,Server3_1409,50.0,0.3366277750648347
Server3_1409,Server3_700,50.0,0.3366277750648347
Server3_700,Server3_555,50.0,0.3963661612474144
Server3_555,Server3_700,50.0,0.3963661612474144
Server3_700,Server3_1790,50.0,0.348668296654426
Server3_1790,Server3_700,50.0,0.348668296654426
Server3_1977,Server3_1544,50.0,0.3738977145111255
Server3_1544,Server3_1977,50.0,0.3738977145111255
Server3_1977,Server3_335,50.0,0.4036979604712878
Server3_335,Server3_1977,50.0,0.4036979604712878
Server3_1977,Server3_1562,50.0,0.357728816699671
Server3_1562,Server3_1977,50.0,0.357728816699671
Server3_1697,Server3_1683,50.0,0.4301172318331906
Server3_1683,Server3_1697,50.0,0.4301172318331906
Server3_1697,Server3_275,50.0,0.4004942037013368
Server3_275,Server3_1697,50.0,0.4004942037013368
Server3_1697,Server3_636,50.0,0.4669696003849423
Server3_636,Server3_1697,50.0,0.4669696003849423
Server3_1811,Server3_1893,50.0,0.3077143161324985
Server3_1893,Server3_1811,50.0,0.3077143161324985
Server3_1811,Server3_1589,50.0,0.2921870156616176
Server3_1589,Server3_1811,50.0,0.2921870156616176
Server3_1367,Server3_849,50.0,0.35751763080486
Server3_849,Server3_1367,50.0,0.35751763080486
Server3_1367,Server3_1048,50.0,0.4145693518401586
Server3_1048,Server3_1367,50.0,0.4145693518401586
Server3_1367,Server3_1597,50.0,0.4452930615709958
Server3_1597,Server3_1367,50.0,0.4452930615709958
Server3_51,Server3_1928,50.0,0.3566776944926534
Server3_1928,Server3_51,50.0,0.3566776944926534
Server3_51,Server3_1028,50.0,0.3788277862241734
Server3_1028,Server3_51,50.0,0.3788277862241734
Server3_1849,Server3_399,50.0,0.2987794839705012
Server3_399,Server3_1849,50.0,0.2987794839705012
Server3_1849,Server3_516,50.0,0.3775469201178668
Server3_516,Server3_1849,50.0,0.3775469201178668
Server3_1962,Server3_1157,50.0,0.3184395672063305
Server3_1157,Server3_1962,50.0,0.3184395672063305
Server3_1962,Server3_832,50.0,0.5157268782586778
Server3_832,Server3_1962,50.0,0.5157268782586778
Server3_1962,Server3_1196,50.0,0.5005509726214024
Server3_1196,Server3_1962,50.0,0.5005509726214024
Server3_1425,Server3_1569,50.0,0.3546968650947732
Server3_1569,Server3_1425,50.0,0.3546968650947732
Server3_1425,Server3_282,50.0,0.3289380576326142
Server3_282,Server3_1425,50.0,0.3289380576326142
Server3_1425,Server3_464,50.0,0.4311404115568586
Server3_464,Server3_1425,50.0,0.4311404115568586
Server3_1425,Server3_1088,50.0,0.4195884056783587
Server3_1088,Server3_1425,50.0,0.4195884056783587
Server3_133,Server3_510,50.0,0.3504569811043678
Server3_510,Server3_133,50.0,0.3504569811043678
Server3_133,Server3_563,50.0,0.276484851202654
Server3_563,Server3_133,50.0,0.276484851202654
Server3_753,Server3_905,50.0,0.4086321510041726
Server3_905,Server3_753,50.0,0.4086321510041726
Server3_753,Server3_1323,1.0,2000.0
Server3_1323,Server3_753,1.0,2000.0
Server3_457,Server3_651,50.0,0.4920208522791473
Server3_651,Server3_457,50.0,0.4920208522791473
Server3_457,Server3_588,50.0,0.4881320217042812
Server3_588,Server3_457,50.0,0.4881320217042812
Server3_457,Server3_515,50.0,0.4251933408005926
Server3_515,Server3_457,50.0,0.4251933408005926
Server3_457,Server3_1825,50.0,0.4453233034001971
Server3_1825,Server3_457,50.0,0.4453233034001971
Server3_1954,Server3_1783,50.0,0.333336992773117
Server3_1783,Server3_1954,50.0,0.333336992773117
Server3_1954,Server3_192,50.0,0.4295672462317888
Server3_192,Server3_1954,50.0,0.4295672462317888
Server3_1954,Server3_193,50.0,0.3986243456121122
Server3_193,Server3_1954,50.0,0.3986243456121122
Server3_1987,Server3_1881,50.0,0.3333638540703152
Server3_1881,Server3_1987,50.0,0.3333638540703152
Server3_1987,Server3_1345,50.0,0.4308951342458636
Server3_1345,Server3_1987,50.0,0.4308951342458636
Server3_38,Server3_1173,50.0,0.411954577635423
Server3_1173,Server3_38,50.0,0.411954577635423
Server3_38,Server3_461,50.0,0.4451651061685198
Server3_461,Server3_38,50.0,0.4451651061685198
Server3_38,Server3_1727,50.0,0.3907204177079558
Server3_1727,Server3_38,50.0,0.3907204177079558
Server3_459,Server3_1898,50.0,0.3259030274917103
Server3_1898,Server3_459,50.0,0.3259030274917103
Server3_459,Server3_139,50.0,0.317405376643135
Server3_139,Server3_459,50.0,0.317405376643135
Server3_459,Server3_762,50.0,0.3777621599815728
Server3_762,Server3_459,50.0,0.3777621599815728
Server3_14,Server3_921,50.0,0.3145077668070034
Server3_921,Server3_14,50.0,0.3145077668070034
Server3_14,Server3_908,50.0,0.3959731870055894
Server3_908,Server3_14,50.0,0.3959731870055894
Server3_14,Server3_800,50.0,0.3526726574408734
Server3_800,Server3_14,50.0,0.3526726574408734
Server3_1911,Server3_1070,50.0,0.2844975618936858
Server3_1070,Server3_1911,50.0,0.2844975618936858
Server3_1911,Server3_228,1.0,2000.0
Server3_228,Server3_1911,1.0,2000.0
Server3_1911,Server3_939,50.0,0.499123601168505
Server3_939,Server3_1911,50.0,0.499123601168505
Server3_1871,Server3_1887,50.0,0.4034195798882807
Server3_1887,Server3_1871,50.0,0.4034195798882807
Server3_1871,Server3_1486,50.0,0.3694398170368638
Server3_1486,Server3_1871,50.0,0.3694398170368638
Server3_1871,Server3_741,1.0,2000.0
Server3_741,Server3_1871,1.0,2000.0
Server3_1871,Server3_1010,50.0,0.4098237326923448
Server3_1010,Server3_1871,50.0,0.4098237326923448
Server3_517,Server3_1829,50.0,0.3097290855715924
Server3_1829,Server3_517,50.0,0.3097290855715924
Server3_517,Server3_428,50.0,0.3514116283024504
Server3_428,Server3_517,50.0,0.3514116283024504
Server3_1091,Server3_286,50.0,0.3141955052375752
Server3_286,Server3_1091,50.0,0.3141955052375752
Server3_1091,Server3_1341,50.0,0.3691123977900767
Server3_1341,Server3_1091,50.0,0.3691123977900767
Server3_1776,Server3_831,50.0,0.3498109721513266
Server3_831,Server3_1776,50.0,0.3498109721513266
Server3_1776,Server3_1244,50.0,0.3529821884379082
Server3_1244,Server3_1776,50.0,0.3529821884379082
Server3_1776,Server3_765,1.0,2000.0
Server3_765,Server3_1776,1.0,2000.0
Server3_1784,Server3_638,50.0,0.4449523942872914
Server3_638,Server3_1784,50.0,0.4449523942872914
Server3_1784,Server3_1665,50.0,0.4137199750750763
Server3_1665,Server3_1784,50.0,0.4137199750750763
Server3_1784,Server3_1176,50.0,0.3619406958526736
Server3_1176,Server3_1784,50.0,0.3619406958526736
Server3_1784,Server3_558,50.0,0.4344965691549304
Server3_558,Server3_1784,50.0,0.4344965691549304
Server3_1430,Server3_885,50.0,0.3888399502842152
Server3_885,Server3_1430,50.0,0.3888399502842152
Server3_1430,Server3_679,50.0,0.3905932034434062
Server3_679,Server3_1430,50.0,0.3905932034434062
Server3_1430,Server3_265,1.0,2000.0
Server3_265,Server3_1430,1.0,2000.0
Server3_800,Server3_1753,50.0,0.280964008592028
Server3_1753,Server3_800,50.0,0.280964008592028
Server3_800,Server3_120,50.0,0.3933850439408096
Server3_120,Server3_800,50.0,0.3933850439408096
Server3_800,Server3_546,50.0,0.3350735772154395
Server3_546,Server3_800,50.0,0.3350735772154395
Server3_800,Server3_173,50.0,0.3118349114882784
Server3_173,Server3_800,50.0,0.3118349114882784
Server3_1329,Server3_1429,50.0,0.3053501284915116
Server3_1429,Server3_1329,50.0,0.3053501284915116
Server3_1329,Server3_1412,50.0,0.3497490730198442
Server3_1412,Server3_1329,50.0,0.3497490730198442
Server3_1329,Server3_1540,1.0,2000.0
Server3_1540,Server3_1329,1.0,2000.0
Server3_1329,Server3_16,50.0,0.4277938312510192
Server3_16,Server3_1329,50.0,0.4277938312510192
Server3_673,Server3_388,50.0,0.4423527856135329
Server3_388,Server3_673,50.0,0.4423527856135329
Server3_673,Server3_958,50.0,0.3656392107086901
Server3_958,Server3_673,50.0,0.3656392107086901
Server3_661,Server3_1311,50.0,0.3356356680560508
Server3_1311,Server3_661,50.0,0.3356356680560508
Server3_661,Server3_1126,50.0,0.4135286583783996
Server3_1126,Server3_661,50.0,0.4135286583783996
Server3_661,Server3_431,50.0,0.3953649334487978
Server3_431,Server3_661,50.0,0.3953649334487978
Server3_509,Server3_167,1.0,2000.0
Server3_167,Server3_509,1.0,2000.0
Server3_509,Server3_1011,50.0,0.3693728852107288
Server3_1011,Server3_509,50.0,0.3693728852107288
Server3_1018,Server3_1260,50.0,0.317565566841221
Server3_1260,Server3_1018,50.0,0.317565566841221
Server3_1018,Server3_1644,50.0,0.2933378699009188
Server3_1644,Server3_1018,50.0,0.2933378699009188
Server3_1575,Server3_1477,50.0,0.6157061633550137
Server3_1477,Server3_1575,50.0,0.6157061633550137
Server3_1575,Server3_693,50.0,0.4936612426954671
Server3_693,Server3_1575,50.0,0.4936612426954671
Server3_1575,Server3_242,1.0,2000.0
Server3_242,Server3_1575,1.0,2000.0
Server3_1102,Server3_973,50.0,0.3410121298173378
Server3_973,Server3_1102,50.0,0.3410121298173378
Server3_1102,Server3_422,50.0,0.2985549545968763
Server3_422,Server3_1102,50.0,0.2985549545968763
Server3_1102,Server3_682,50.0,0.2788180296700775
Server3_682,Server3_1102,50.0,0.2788180296700775
Server3_1102,Server3_886,50.0,0.3891252738349479
Server3_886,Server3_1102,50.0,0.3891252738349479
Server3_1034,Server3_1201,50.0,0.2692620858515989
Server3_1201,Server3_1034,50.0,0.2692620858515989
Server3_1034,Server3_286,50.0,0.4042309155905569
Server3_286,Server3_1034,50.0,0.4042309155905569
Server3_1034,Server3_68,50.0,0.3293044816438764
Server3_68,Server3_1034,50.0,0.3293044816438764
Server3_31,Server3_1236,1.0,2000.0
Server3_1236,Server3_31,1.0,2000.0
Server3_31,Server3_287,50.0,0.2915142562912068
Server3_287,Server3_31,50.0,0.2915142562912068
Server3_31,Server3_189,50.0,0.2860178010313698
Server3_189,Server3_31,50.0,0.2860178010313698
Server3_1568,Server3_231,50.0,0.3863252951101842
Server3_231,Server3_1568,50.0,0.3863252951101842
Server3_1568,Server3_1260,50.0,0.279672523856698
Server3_1260,Server3_1568,50.0,0.279672523856698
Server3_1568,Server3_1142,50.0,0.3158739072926716
Server3_1142,Server3_1568,50.0,0.3158739072926716
Server3_1551,Server3_1247,50.0,0.3014411404450934
Server3_1247,Server3_1551,50.0,0.3014411404450934
Server3_1551,Server3_1967,50.0,0.619803532986247
Server3_1967,Server3_1551,50.0,0.619803532986247
Server3_1551,Server3_1286,50.0,0.2704490324060621
Server3_1286,Server3_1551,50.0,0.2704490324060621
Server3_1561,Server3_1842,50.0,0.2720261160096395
Server3_1842,Server3_1561,50.0,0.2720261160096395
Server3_1561,Server3_1195,50.0,0.3213623793624002
Server3_1195,Server3_1561,50.0,0.3213623793624002
Server3_1561,Server3_132,50.0,0.5056886879243181
Server3_132,Server3_1561,50.0,0.5056886879243181
Server3_1561,Server3_610,50.0,0.3841574236543604
Server3_610,Server3_1561,50.0,0.3841574236543604
Server3_1572,Server3_718,1.0,2000.0
Server3_718,Server3_1572,1.0,2000.0
Server3_1572,Server3_1299,1.0,2000.0
Server3_1299,Server3_1572,1.0,2000.0
Server3_1106,Server3_511,50.0,0.3799053449208098
Server3_511,Server3_1106,50.0,0.3799053449208098
Server3_4,Server3_1642,50.0,0.3503253153907598
Server3_1642,Server3_4,50.0,0.3503253153907598
Server3_4,Server3_248,50.0,0.3922104581936104
Server3_248,Server3_4,50.0,0.3922104581936104
Server3_1694,Server3_1861,50.0,0.544157342747428
Server3_1861,Server3_1694,50.0,0.544157342747428
Server3_1694,Server3_471,1.0,2000.0
Server3_471,Server3_1694,1.0,2000.0
Server3_1694,Server3_799,50.0,0.4109665654393102
Server3_799,Server3_1694,50.0,0.4109665654393102
Server3_1007,Server3_1086,50.0,0.3303092550826909
Server3_1086,Server3_1007,50.0,0.3303092550826909
Server3_1007,Server3_1879,50.0,0.4131145450625266
Server3_1879,Server3_1007,50.0,0.4131145450625266
Server3_1007,Server3_72,50.0,0.3542044921124926
Server3_72,Server3_1007,50.0,0.3542044921124926
Server3_885,Server3_1509,50.0,0.3796685519597791
Server3_1509,Server3_885,50.0,0.3796685519597791
Server3_885,Server3_43,50.0,0.4007020480061117
Server3_43,Server3_885,50.0,0.4007020480061117
Server3_885,Server3_1078,50.0,0.313624050864864
Server3_1078,Server3_885,50.0,0.313624050864864
Server3_885,Server3_1186,50.0,0.3512529085091747
Server3_1186,Server3_885,50.0,0.3512529085091747
Server3_1229,Server3_950,50.0,0.497751220227496
Server3_950,Server3_1229,50.0,0.497751220227496
Server3_1229,Server3_1869,1.0,2000.0
Server3_1869,Server3_1229,1.0,2000.0
Server3_1229,Server3_1872,50.0,0.376367907586377
Server3_1872,Server3_1229,50.0,0.376367907586377
Server3_1229,Server3_25,50.0,0.2894580142244818
Server3_25,Server3_1229,50.0,0.2894580142244818
Server3_729,Server3_303,50.0,0.3706854880047142
Server3_303,Server3_729,50.0,0.3706854880047142
Server3_729,Server3_1141,1.0,2000.0
Server3_1141,Server3_729,1.0,2000.0
Server3_1739,Server3_317,50.0,0.2931830936987138
Server3_317,Server3_1739,50.0,0.2931830936987138
Server3_1739,Server3_250,50.0,0.4060056416202266
Server3_250,Server3_1739,50.0,0.4060056416202266
Server3_1739,Server3_810,50.0,0.3368993225897084
Server3_810,Server3_1739,50.0,0.3368993225897084
Server3_613,Server3_732,1.0,2000.0
Server3_732,Server3_613,1.0,2000.0
Server3_613,Server3_1284,50.0,0.464128433179621
Server3_1284,Server3_613,50.0,0.464128433179621
Server3_613,Server3_1576,50.0,0.3835693922857198
Server3_1576,Server3_613,50.0,0.3835693922857198
Server3_189,Server3_1026,50.0,0.3092203921178924
Server3_1026,Server3_189,50.0,0.3092203921178924
Server3_189,Server3_728,50.0,0.3505909850338796
Server3_728,Server3_189,50.0,0.3505909850338796
Server3_189,Server3_1975,50.0,0.381656065095419
Server3_1975,Server3_189,50.0,0.381656065095419
Server3_189,Server3_859,1.0,2000.0
Server3_859,Server3_189,1.0,2000.0
Server3_1266,Server3_316,50.0,0.4755714288987596
Server3_316,Server3_1266,50.0,0.4755714288987596
Server3_1266,Server3_1955,50.0,0.5135429715492646
Server3_1955,Server3_1266,50.0,0.5135429715492646
Server3_1005,Server3_1378,50.0,0.3880052797334387
Server3_1378,Server3_1005,50.0,0.3880052797334387
Server3_1005,Server3_1307,50.0,0.397233198822157
Server3_1307,Server3_1005,50.0,0.397233198822157
Server3_1672,Server3_415,50.0,0.2892442387845278
Server3_415,Server3_1672,50.0,0.2892442387845278
Server3_1672,Server3_1449,50.0,0.410867855492908
Server3_1449,Server3_1672,50.0,0.410867855492908
Server3_1672,Server3_1988,50.0,0.4320128946068924
Server3_1988,Server3_1672,50.0,0.4320128946068924
Server3_1639,Server3_1118,50.0,0.2797044611720957
Server3_1118,Server3_1639,50.0,0.2797044611720957
Server3_1639,Server3_1902,50.0,0.3542162441433252
Server3_1902,Server3_1639,50.0,0.3542162441433252
Server3_1639,Server3_505,1.0,2000.0
Server3_505,Server3_1639,1.0,2000.0
Server3_1639,Server3_638,50.0,0.4364228336101602
Server3_638,Server3_1639,50.0,0.4364228336101602
Server3_1289,Server3_1531,50.0,0.447411289528843
Server3_1531,Server3_1289,50.0,0.447411289528843
Server3_1289,Server3_780,50.0,0.4164038941088892
Server3_780,Server3_1289,50.0,0.4164038941088892
Server3_1671,Server3_1379,50.0,0.3003425798277884
Server3_1379,Server3_1671,50.0,0.3003425798277884
Server3_1671,Server3_302,50.0,0.3623907945140276
Server3_302,Server3_1671,50.0,0.3623907945140276
Server3_1643,Server3_1206,50.0,0.489777644649314
Server3_1206,Server3_1643,50.0,0.489777644649314
Server3_1643,Server3_1778,50.0,0.3848910348988624
Server3_1778,Server3_1643,50.0,0.3848910348988624
Server3_635,Server3_421,50.0,0.4005472057924578
Server3_421,Server3_635,50.0,0.4005472057924578
Server3_635,Server3_800,50.0,0.3361600263952571
Server3_800,Server3_635,50.0,0.3361600263952571
Server3_1429,Server3_1144,50.0,0.4206924287421008
Server3_1144,Server3_1429,50.0,0.4206924287421008
Server3_1429,Server3_1448,50.0,0.5298609302676811
Server3_1448,Server3_1429,50.0,0.5298609302676811
Server3_1311,Server3_659,1.0,2000.0
Server3_659,Server3_1311,1.0,2000.0
Server3_1311,Server3_400,50.0,0.3247128563589043
Server3_400,Server3_1311,50.0,0.3247128563589043
Server3_784,Server3_211,50.0,0.4282581071845282
Server3_211,Server3_784,50.0,0.4282581071845282
Server3_784,Server3_1081,50.0,0.2971511396444852
Server3_1081,Server3_784,50.0,0.2971511396444852
Server3_780,Server3_726,50.0,0.4134375700352333
Server3_726,Server3_780,50.0,0.4134375700352333
Server3_780,Server3_1408,50.0,0.3599102323261044
Server3_1408,Server3_780,50.0,0.3599102323261044
Server3_777,Server3_871,50.0,0.3127724942373936
Server3_871,Server3_777,50.0,0.3127724942373936
Server3_777,Server3_229,50.0,0.4332924522934892
Server3_229,Server3_777,50.0,0.4332924522934892
Server3_777,Server3_412,50.0,0.407641253439383
Server3_412,Server3_777,50.0,0.407641253439383
Server3_777,Server3_605,50.0,0.3708862500611274
Server3_605,Server3_777,50.0,0.3708862500611274
Server3_263,Server3_1018,50.0,0.3522884973545802
Server3_1018,Server3_263,50.0,0.3522884973545802
Server3_263,Server3_1764,50.0,0.3411984873197539
Server3_1764,Server3_263,50.0,0.3411984873197539
Server3_263,Server3_209,50.0,0.3795622978993224
Server3_209,Server3_263,50.0,0.3795622978993224
Server3_383,Server3_990,50.0,0.4298725802047938
Server3_990,Server3_383,50.0,0.4298725802047938
Server3_383,Server3_716,50.0,0.4042862754073981
Server3_716,Server3_383,50.0,0.4042862754073981
Server3_383,Server3_1328,50.0,0.4434730163116477
Server3_1328,Server3_383,50.0,0.4434730163116477
Server3_383,Server3_1970,50.0,0.5064462797865082
Server3_1970,Server3_383,50.0,0.5064462797865082
Server3_307,Server3_1791,50.0,0.2751579692774802
Server3_1791,Server3_307,50.0,0.2751579692774802
Server3_721,Server3_329,1.0,2000.0
Server3_329,Server3_721,1.0,2000.0
Server3_721,Server3_1682,50.0,0.4074015828715961
Server3_1682,Server3_721,50.0,0.4074015828715961
Server3_721,Server3_231,50.0,0.3810417963246678
Server3_231,Server3_721,50.0,0.3810417963246678
Server3_721,Server3_896,50.0,0.33936772540748
Server3_896,Server3_721,50.0,0.33936772540748
Server3_1470,Server3_407,1.0,2000.0
Server3_407,Server3_1470,1.0,2000.0
Server3_1470,Server3_204,50.0,0.3749082214282054
Server3_204,Server3_1470,50.0,0.3749082214282054
Server3_1706,Server3_1254,50.0,0.367079648535439
Server3_1254,Server3_1706,50.0,0.367079648535439
Server3_1706,Server3_745,1.0,2000.0
Server3_745,Server3_1706,1.0,2000.0
Server3_1706,Server3_1421,50.0,0.4405612792826448
Server3_1421,Server3_1706,50.0,0.4405612792826448
Server3_71,Server3_1804,50.0,0.4070500362383669
Server3_1804,Server3_71,50.0,0.4070500362383669
Server3_71,Server3_131,50.0,0.3539024087793337
Server3_131,Server3_71,50.0,0.3539024087793337
Server3_75,Server3_846,1.0,2000.0
Server3_846,Server3_75,1.0,2000.0
Server3_701,Server3_32,50.0,0.4101222174939565
Server3_32,Server3_701,50.0,0.4101222174939565
Server3_85,Server3_1331,50.0,0.3134601146861254
Server3_1331,Server3_85,50.0,0.3134601146861254
Server3_85,Server3_1303,50.0,0.3881890879685436
Server3_1303,Server3_85,50.0,0.3881890879685436
Server3_85,Server3_1470,50.0,0.3980065567250654
Server3_1470,Server3_85,50.0,0.3980065567250654
Server3_1507,Server3_704,50.0,0.3404761401710374
Server3_704,Server3_1507,50.0,0.3404761401710374
Server3_1507,Server3_1726,50.0,0.358704035410768
Server3_1726,Server3_1507,50.0,0.358704035410768
Server3_1507,Server3_1769,50.0,0.314386194603984
Server3_1769,Server3_1507,50.0,0.314386194603984
Server3_1507,Server3_1754,50.0,0.4273652802874854
Server3_1754,Server3_1507,50.0,0.4273652802874854
Server3_952,Server3_1580,50.0,0.4709724259200577
Server3_1580,Server3_952,50.0,0.4709724259200577
Server3_952,Server3_913,50.0,0.4853833428074997
Server3_913,Server3_952,50.0,0.4853833428074997
Server3_952,Server3_1104,50.0,0.5555062379221493
Server3_1104,Server3_952,50.0,0.5555062379221493
Server3_682,Server3_35,50.0,0.299785624575204
Server3_35,Server3_682,50.0,0.299785624575204
Server3_682,Server3_886,50.0,0.3063308837075581
Server3_886,Server3_682,50.0,0.3063308837075581
Server3_1493,Server3_1116,50.0,0.308073352727998
Server3_1116,Server3_1493,50.0,0.308073352727998
Server3_1493,Server3_1548,50.0,0.397812142758034
Server3_1548,Server3_1493,50.0,0.397812142758034
Server3_1493,Server3_204,50.0,0.2864188366062612
Server3_204,Server3_1493,50.0,0.2864188366062612
Server3_709,Server3_907,50.0,0.5915836629110759
Server3_907,Server3_709,50.0,0.5915836629110759
Server3_709,Server3_1696,50.0,0.390524748940756
Server3_1696,Server3_709,50.0,0.390524748940756
Server3_709,Server3_1089,50.0,0.3158981458555912
Server3_1089,Server3_709,50.0,0.3158981458555912
Server3_449,Server3_1330,50.0,0.3525045728400544
Server3_1330,Server3_449,50.0,0.3525045728400544
Server3_449,Server3_535,50.0,0.3338251072999388
Server3_535,Server3_449,50.0,0.3338251072999388
Server3_1184,Server3_1724,50.0,0.3411528844611212
Server3_1724,Server3_1184,50.0,0.3411528844611212
Server3_1184,Server3_1522,50.0,0.3822091024875558
Server3_1522,Server3_1184,50.0,0.3822091024875558
Server3_134,Server3_1563,50.0,0.3153957824375536
Server3_1563,Server3_134,50.0,0.3153957824375536
Server3_134,Server3_875,50.0,0.3702319633890714
Server3_875,Server3_134,50.0,0.3702319633890714
Server3_134,Server3_1804,50.0,0.3247977018228978
Server3_1804,Server3_134,50.0,0.3247977018228978
Server3_134,Server3_955,50.0,0.2861349214922036
Server3_955,Server3_134,50.0,0.2861349214922036
Server3_712,Server3_1609,50.0,0.4556200890739589
Server3_1609,Server3_712,50.0,0.4556200890739589
Server3_712,Server3_318,50.0,0.3964637766640192
Server3_318,Server3_712,50.0,0.3964637766640192
Server3_712,Server3_188,50.0,0.4822551148541752
Server3_188,Server3_712,50.0,0.4822551148541752
Server3_712,Server3_1386,50.0,0.4070322928330898
Server3_1386,Server3_712,50.0,0.4070322928330898
Server3_148,Server3_892,50.0,0.3458432798440611
Server3_892,Server3_148,50.0,0.3458432798440611
Server3_148,Server3_1695,50.0,0.3311292706529904
Server3_1695,Server3_148,50.0,0.3311292706529904
Server3_893,Server3_384,50.0,0.3666213200656544
Server3_384,Server3_893,50.0,0.3666213200656544
Server3_893,Server3_1439,50.0,0.3997858971248806
Server3_1439,Server3_893,50.0,0.3997858971248806
Server3_893,Server3_82,1.0,2000.0
Server3_82,Server3_893,1.0,2000.0
Server3_366,Server3_1461,1.0,2000.0
Server3_1461,Server3_366,1.0,2000.0
Server3_366,Server3_1524,50.0,0.440441054752903
Server3_1524,Server3_366,50.0,0.440441054752903
Server3_1857,Server3_1884,50.0,0.3798711389223692
Server3_1884,Server3_1857,50.0,0.3798711389223692
Server3_1857,Server3_1385,1.0,2000.0
Server3_1385,Server3_1857,1.0,2000.0
Server3_1857,Server3_630,50.0,0.3595617328846496
Server3_630,Server3_1857,50.0,0.3595617328846496
Server3_1857,Server3_556,50.0,0.3108058035552012
Server3_556,Server3_1857,50.0,0.3108058035552012
Server3_266,Server3_1215,50.0,0.337348000778798
Server3_1215,Server3_266,50.0,0.337348000778798
Server3_266,Server3_1970,50.0,0.3661314304729064
Server3_1970,Server3_266,50.0,0.3661314304729064
Server3_1330,Server3_125,50.0,0.3097332714251303
Server3_125,Server3_1330,50.0,0.3097332714251303
Server3_1330,Server3_205,50.0,0.3928351978213226
Server3_205,Server3_1330,50.0,0.3928351978213226
Server3_1330,Server3_947,1.0,2000.0
Server3_947,Server3_1330,1.0,2000.0
Server3_1350,Server3_1888,50.0,0.4019057271025422
Server3_1888,Server3_1350,50.0,0.4019057271025422
Server3_1350,Server3_1038,50.0,0.4006431711907038
Server3_1038,Server3_1350,50.0,0.4006431711907038
Server3_1350,Server3_1304,50.0,0.4578701652338547
Server3_1304,Server3_1350,50.0,0.4578701652338547
Server3_1350,Server3_1389,50.0,0.388719164949455
Server3_1389,Server3_1350,50.0,0.388719164949455
Server3_1623,Server3_1178,50.0,0.3390194765994348
Server3_1178,Server3_1623,50.0,0.3390194765994348
Server3_1623,Server3_74,1.0,2000.0
Server3_74,Server3_1623,1.0,2000.0
Server3_1650,Server3_1163,50.0,0.3788346606896353
Server3_1163,Server3_1650,50.0,0.3788346606896353
Server3_1650,Server3_1209,50.0,0.3844521730785756
Server3_1209,Server3_1650,50.0,0.3844521730785756
Server3_1650,Server3_822,50.0,0.3026387121869258
Server3_822,Server3_1650,50.0,0.3026387121869258
Server3_1297,Server3_1971,50.0,0.437255629757335
Server3_1971,Server3_1297,50.0,0.437255629757335
Server3_1297,Server3_245,50.0,0.5058357682269984
Server3_245,Server3_1297,50.0,0.5058357682269984
Server3_1635,Server3_849,50.0,0.3571755025994539
Server3_849,Server3_1635,50.0,0.3571755025994539
Server3_1635,Server3_1939,1.0,2000.0
Server3_1939,Server3_1635,1.0,2000.0
Server3_1635,Server3_1344,50.0,0.4186258186108624
Server3_1344,Server3_1635,50.0,0.4186258186108624
Server3_1816,Server3_426,50.0,0.3371874464318854
Server3_426,Server3_1816,50.0,0.3371874464318854
Server3_1816,Server3_927,50.0,0.356959638667267
Server3_927,Server3_1816,50.0,0.356959638667267
Server3_1816,Server3_839,50.0,0.41962136671302
Server3_839,Server3_1816,50.0,0.41962136671302
Server3_1833,Server3_808,50.0,0.4059748194968566
Server3_808,Server3_1833,50.0,0.4059748194968566
Server3_1833,Server3_263,50.0,0.4329760029812462
Server3_263,Server3_1833,50.0,0.4329760029812462
Server3_1247,Server3_1286,50.0,0.3030840781628612
Server3_1286,Server3_1247,50.0,0.3030840781628612
Server3_1696,Server3_42,50.0,0.3401365862381156
Server3_42,Server3_1696,50.0,0.3401365862381156
Server3_1696,Server3_310,50.0,0.4602689798116639
Server3_310,Server3_1696,50.0,0.4602689798116639
Server3_1696,Server3_348,50.0,0.3491946565357354
Server3_348,Server3_1696,50.0,0.3491946565357354
Server3_1104,Server3_913,50.0,0.5277196558312499
Server3_913,Server3_1104,50.0,0.5277196558312499
Server3_1104,Server3_1193,50.0,0.4837708401568524
Server3_1193,Server3_1104,50.0,0.4837708401568524
Server3_1104,Server3_1629,50.0,0.465484387402897
Server3_1629,Server3_1104,50.0,0.465484387402897
Server3_1216,Server3_1764,50.0,0.286331944212934
Server3_1764,Server3_1216,50.0,0.286331944212934
Server3_1216,Server3_200,50.0,0.4121834006246069
Server3_200,Server3_1216,50.0,0.4121834006246069
Server3_1216,Server3_1343,50.0,0.3316772096782366
Server3_1343,Server3_1216,50.0,0.3316772096782366
Server3_1483,Server3_1362,1.0,2000.0
Server3_1362,Server3_1483,1.0,2000.0
Server3_1483,Server3_1628,50.0,0.3134432802991898
Server3_1628,Server3_1483,50.0,0.3134432802991898
Server3_1532,Server3_1768,50.0,0.3602984134988856
Server3_1768,Server3_1532,50.0,0.3602984134988856
Server3_1532,Server3_1331,50.0,0.4120157113598887
Server3_1331,Server3_1532,50.0,0.4120157113598887
Server3_1532,Server3_641,50.0,0.3473127084323591
Server3_641,Server3_1532,50.0,0.3473127084323591
Server3_1594,Server3_1833,50.0,0.3444622952760108
Server3_1833,Server3_1594,50.0,0.3444622952760108
Server3_1594,Server3_1644,50.0,0.3053018992107606
Server3_1644,Server3_1594,50.0,0.3053018992107606
Server3_1519,Server3_27,50.0,0.3437225705497341
Server3_27,Server3_1519,50.0,0.3437225705497341
Server3_1127,Server3_1343,50.0,0.359099605018647
Server3_1343,Server3_1127,50.0,0.359099605018647
Server3_1127,Server3_1789,50.0,0.365043596988002
Server3_1789,Server3_1127,50.0,0.365043596988002
Server3_1127,Server3_1699,50.0,0.4054350146210288
Server3_1699,Server3_1127,50.0,0.4054350146210288
Server3_1548,Server3_1925,50.0,0.302258902239909
Server3_1925,Server3_1548,50.0,0.302258902239909
Server3_1548,Server3_204,50.0,0.3029796326247166
Server3_204,Server3_1548,50.0,0.3029796326247166
Server3_1,Server3_140,50.0,0.4704189060021206
Server3_140,Server3_1,50.0,0.4704189060021206
Server3_1,Server3_104,50.0,0.3865527109566802
Server3_104,Server3_1,50.0,0.3865527109566802
Server3_555,Server3_788,50.0,0.3530330484219242
Server3_788,Server3_555,50.0,0.3530330484219242
Server3_555,Server3_1989,50.0,0.3918292031221046
Server3_1989,Server3_555,50.0,0.3918292031221046
Server3_971,Server3_1324,50.0,0.2901432740795622
Server3_1324,Server3_971,50.0,0.2901432740795622
Server3_971,Server3_1542,50.0,0.3116443028242443
Server3_1542,Server3_971,50.0,0.3116443028242443
Server3_971,Server3_162,50.0,0.3706728053170859
Server3_162,Server3_971,50.0,0.3706728053170859
Server3_971,Server3_1712,50.0,0.3714276134952063
Server3_1712,Server3_971,50.0,0.3714276134952063
Server3_946,Server3_1402,50.0,0.3732256905126428
Server3_1402,Server3_946,50.0,0.3732256905126428
Server3_946,Server3_787,50.0,0.4162017066560804
Server3_787,Server3_946,50.0,0.4162017066560804
Server3_542,Server3_1672,50.0,0.4813815093132435
Server3_1672,Server3_542,50.0,0.4813815093132435
Server3_542,Server3_821,50.0,0.400199182297634
Server3_821,Server3_542,50.0,0.400199182297634
Server3_542,Server3_1913,50.0,0.4247980021401644
Server3_1913,Server3_542,50.0,0.4247980021401644
Server3_542,Server3_1658,50.0,0.4533020610816177
Server3_1658,Server3_542,50.0,0.4533020610816177
Server3_531,Server3_478,50.0,0.340955785078462
Server3_478,Server3_531,50.0,0.340955785078462
Server3_531,Server3_1516,50.0,0.3808481237974568
Server3_1516,Server3_531,50.0,0.3808481237974568
Server3_531,Server3_767,50.0,0.3456616064334369
Server3_767,Server3_531,50.0,0.3456616064334369
Server3_631,Server3_1200,50.0,0.3676899522853248
Server3_1200,Server3_631,50.0,0.3676899522853248
Server3_631,Server3_1284,50.0,0.368313614777184
Server3_1284,Server3_631,50.0,0.368313614777184
Server3_631,Server3_1056,50.0,0.2842146866373114
Server3_1056,Server3_631,50.0,0.2842146866373114
Server3_786,Server3_840,50.0,0.3366178609022114
Server3_840,Server3_786,50.0,0.3366178609022114
Server3_786,Server3_1333,50.0,0.3694915984016443
Server3_1333,Server3_786,50.0,0.3694915984016443
Server3_810,Server3_1926,50.0,0.3648918758202666
Server3_1926,Server3_810,50.0,0.3648918758202666
Server3_810,Server3_1825,50.0,0.357357596474453
Server3_1825,Server3_810,50.0,0.357357596474453
Server3_935,Server3_1451,50.0,0.4155574011787587
Server3_1451,Server3_935,50.0,0.4155574011787587
Server3_255,Server3_902,1.0,2000.0
Server3_902,Server3_255,1.0,2000.0
Server3_255,Server3_1332,50.0,0.6285724351526976
Server3_1332,Server3_255,50.0,0.6285724351526976
Server3_255,Server3_1146,50.0,0.7473429155318563
Server3_1146,Server3_255,50.0,0.7473429155318563
Server3_527,Server3_1868,50.0,0.4148109808704512
Server3_1868,Server3_527,50.0,0.4148109808704512
Server3_527,Server3_929,50.0,0.3667069480644899
Server3_929,Server3_527,50.0,0.3667069480644899
Server3_511,Server3_1228,1.0,2000.0
Server3_1228,Server3_511,1.0,2000.0
Server3_511,Server3_753,50.0,0.3102828258291284
Server3_753,Server3_511,50.0,0.3102828258291284
Server3_511,Server3_1225,50.0,0.3655645229284208
Server3_1225,Server3_511,50.0,0.3655645229284208
Server3_823,Server3_550,50.0,0.5944537798810596
Server3_550,Server3_823,50.0,0.5944537798810596
Server3_823,Server3_1703,50.0,0.6587806945849368
Server3_1703,Server3_823,50.0,0.6587806945849368
Server3_823,Server3_1883,50.0,0.5589222147389099
Server3_1883,Server3_823,50.0,0.5589222147389099
Server3_823,Server3_233,50.0,0.4181855571735681
Server3_233,Server3_823,50.0,0.4181855571735681
Server3_174,Server3_372,50.0,0.4224491650192852
Server3_372,Server3_174,50.0,0.4224491650192852
Server3_174,Server3_1424,50.0,0.5560054357037488
Server3_1424,Server3_174,50.0,0.5560054357037488
Server3_288,Server3_1959,50.0,0.4043949117252472
Server3_1959,Server3_288,50.0,0.4043949117252472
Server3_288,Server3_127,50.0,0.4282849522027132
Server3_127,Server3_288,50.0,0.4282849522027132
Server3_288,Server3_1169,1.0,2000.0
Server3_1169,Server3_288,1.0,2000.0
Server3_288,Server3_963,50.0,0.4721886743162185
Server3_963,Server3_288,50.0,0.4721886743162185
Server3_292,Server3_495,50.0,0.4349918997137294
Server3_495,Server3_292,50.0,0.4349918997137294
Server3_292,Server3_474,50.0,0.3811121924924274
Server3_474,Server3_292,50.0,0.3811121924924274
Server3_480,Server3_916,50.0,0.3950603931556299
Server3_916,Server3_480,50.0,0.3950603931556299
Server3_480,Server3_211,50.0,0.2997594154218308
Server3_211,Server3_480,50.0,0.2997594154218308
Server3_480,Server3_1273,1.0,2000.0
Server3_1273,Server3_480,1.0,2000.0
Server3_480,Server3_1526,50.0,0.3785830934983488
Server3_1526,Server3_480,50.0,0.3785830934983488
Server3_331,Server3_1670,50.0,0.3990558898486048
Server3_1670,Server3_331,50.0,0.3990558898486048
Server3_331,Server3_46,50.0,0.3518146989118226
Server3_46,Server3_331,50.0,0.3518146989118226
Server3_391,Server3_476,50.0,0.3139883909644608
Server3_476,Server3_391,50.0,0.3139883909644608
Server3_391,Server3_1723,50.0,0.2915241338302938
Server3_1723,Server3_391,50.0,0.2915241338302938
Server3_391,Server3_327,50.0,0.3425984943095674
Server3_327,Server3_391,50.0,0.3425984943095674
Server3_391,Server3_1063,50.0,0.2947673290794104
Server3_1063,Server3_391,50.0,0.2947673290794104
Server3_363,Server3_1754,50.0,0.4401990105017334
Server3_1754,Server3_363,50.0,0.4401990105017334
Server3_363,Server3_151,50.0,0.3686972058607604
Server3_151,Server3_363,50.0,0.3686972058607604
Server3_363,Server3_968,50.0,0.4109820312791552
Server3_968,Server3_363,50.0,0.4109820312791552
Server3_363,Server3_1866,50.0,0.4325069672204193
Server3_1866,Server3_363,50.0,0.4325069672204193
Server3_983,Server3_898,50.0,0.3306957176155244
Server3_898,Server3_983,50.0,0.3306957176155244
Server3_983,Server3_859,1.0,2000.0
Server3_859,Server3_983,1.0,2000.0
Server3_983,Server3_68,50.0,0.2918971434262818
Server3_68,Server3_983,50.0,0.2918971434262818
Server3_118,Server3_13,50.0,0.2963297950337925
Server3_13,Server3_118,50.0,0.2963297950337925
Server3_118,Server3_1116,50.0,0.3077006587859248
Server3_1116,Server3_118,50.0,0.3077006587859248
Server3_118,Server3_116,50.0,0.4002457295605155
Server3_116,Server3_118,50.0,0.4002457295605155
Server3_405,Server3_897,50.0,0.4165441183697735
Server3_897,Server3_405,50.0,0.4165441183697735
Server3_405,Server3_1710,50.0,0.381477653371562
Server3_1710,Server3_405,50.0,0.381477653371562
Server3_405,Server3_1439,50.0,0.3644336381924012
Server3_1439,Server3_405,50.0,0.3644336381924012
Server3_566,Server3_15,50.0,0.4347544184910071
Server3_15,Server3_566,50.0,0.4347544184910071
Server3_566,Server3_844,50.0,0.4271345223073764
Server3_844,Server3_566,50.0,0.4271345223073764
Server3_566,Server3_839,50.0,0.3594002860379814
Server3_839,Server3_566,50.0,0.3594002860379814
Server3_723,Server3_1238,50.0,0.3000841578398132
Server3_1238,Server3_723,50.0,0.3000841578398132
Server3_723,Server3_91,50.0,0.3534099205951702
Server3_91,Server3_723,50.0,0.3534099205951702
Server3_723,Server3_637,50.0,0.4170888962119232
Server3_637,Server3_723,50.0,0.4170888962119232
Server3_306,Server3_1931,50.0,0.3856013565168052
Server3_1931,Server3_306,50.0,0.3856013565168052
Server3_306,Server3_772,50.0,0.4663474982818562
Server3_772,Server3_306,50.0,0.4663474982818562
Server3_306,Server3_733,50.0,0.452687844507112
Server3_733,Server3_306,50.0,0.452687844507112
Server3_306,Server3_142,50.0,0.33260242866902
Server3_142,Server3_306,50.0,0.33260242866902
Server3_64,Server3_1785,50.0,0.3540703536766221
Server3_1785,Server3_64,50.0,0.3540703536766221
Server3_64,Server3_1977,50.0,0.4397307114750016
Server3_1977,Server3_64,50.0,0.4397307114750016
Server3_64,Server3_1043,50.0,0.3494941092213329
Server3_1043,Server3_64,50.0,0.3494941092213329
Server3_64,Server3_1562,50.0,0.3836126895057756
Server3_1562,Server3_64,50.0,0.3836126895057756
Server3_1142,Server3_1216,50.0,0.3838188034663954
Server3_1216,Server3_1142,50.0,0.3838188034663954
Server3_1142,Server3_721,50.0,0.362634552373156
Server3_721,Server3_1142,50.0,0.362634552373156
Server3_1304,Server3_540,50.0,0.4906085734549048
Server3_540,Server3_1304,50.0,0.4906085734549048
Server3_1304,Server3_1731,50.0,0.4739111253699444
Server3_1731,Server3_1304,50.0,0.4739111253699444
Server3_1304,Server3_66,50.0,0.3054750094035541
Server3_66,Server3_1304,50.0,0.3054750094035541
Server3_1304,Server3_1560,1.0,2000.0
Server3_1560,Server3_1304,1.0,2000.0
Server3_1863,Server3_342,50.0,0.3199608725166118
Server3_342,Server3_1863,50.0,0.3199608725166118
Server3_1863,Server3_308,50.0,0.3633218223516235
Server3_308,Server3_1863,50.0,0.3633218223516235
Server3_1657,Server3_879,50.0,0.3660512077063634
Server3_879,Server3_1657,50.0,0.3660512077063634
Server3_161,Server3_362,50.0,0.4047290786228112
Server3_362,Server3_161,50.0,0.4047290786228112
Server3_161,Server3_1566,50.0,0.5116827465146729
Server3_1566,Server3_161,50.0,0.5116827465146729
Server3_161,Server3_1828,50.0,0.4539124580079447
Server3_1828,Server3_161,50.0,0.4539124580079447
Server3_140,Server3_466,50.0,0.3701075056303596
Server3_466,Server3_140,50.0,0.3701075056303596
Server3_140,Server3_1255,50.0,0.3267641451587675
Server3_1255,Server3_140,50.0,0.3267641451587675
Server3_188,Server3_1479,50.0,0.4445995913686704
Server3_1479,Server3_188,50.0,0.4445995913686704
Server3_188,Server3_755,50.0,0.5016813344169676
Server3_755,Server3_188,50.0,0.5016813344169676
Server3_188,Server3_1525,50.0,0.4682359199597753
Server3_1525,Server3_188,50.0,0.4682359199597753
Server3_188,Server3_1583,50.0,0.4589174933810068
Server3_1583,Server3_188,50.0,0.4589174933810068
Server3_550,Server3_147,50.0,0.3544871128573366
Server3_147,Server3_550,50.0,0.3544871128573366
Server3_550,Server3_1022,50.0,0.4586832124528298
Server3_1022,Server3_550,50.0,0.4586832124528298
Server3_550,Server3_522,1.0,2000.0
Server3_522,Server3_550,1.0,2000.0
Server3_938,Server3_1191,50.0,0.4708708798288807
Server3_1191,Server3_938,50.0,0.4708708798288807
Server3_938,Server3_1467,50.0,0.3448070576196556
Server3_1467,Server3_938,50.0,0.3448070576196556
Server3_938,Server3_1869,1.0,2000.0
Server3_1869,Server3_938,1.0,2000.0
Server3_938,Server3_1229,50.0,0.4520441537176554
Server3_1229,Server3_938,50.0,0.4520441537176554
Server3_197,Server3_1401,50.0,0.445369873652037
Server3_1401,Server3_197,50.0,0.445369873652037
Server3_197,Server3_1457,50.0,0.4751323036581819
Server3_1457,Server3_197,50.0,0.4751323036581819
Server3_1792,Server3_1740,50.0,0.3824767906480148
Server3_1740,Server3_1792,50.0,0.3824767906480148
Server3_1792,Server3_1258,50.0,0.3762247984948105
Server3_1258,Server3_1792,50.0,0.3762247984948105
Server3_1792,Server3_1940,50.0,0.5028581233221341
Server3_1940,Server3_1792,50.0,0.5028581233221341
Server3_1525,Server3_1493,50.0,0.3521396247183574
Server3_1493,Server3_1525,50.0,0.3521396247183574
Server3_1525,Server3_1925,50.0,0.3271084826005876
Server3_1925,Server3_1525,50.0,0.3271084826005876
Server3_245,Server3_183,50.0,0.2912086157656712
Server3_183,Server3_245,50.0,0.2912086157656712
Server3_245,Server3_663,50.0,0.3989204736645463
Server3_663,Server3_245,50.0,0.3989204736645463
Server3_1780,Server3_230,50.0,0.45005291994615
Server3_230,Server3_1780,50.0,0.45005291994615
Server3_1780,Server3_856,50.0,0.4260522065684762
Server3_856,Server3_1780,50.0,0.4260522065684762
Server3_990,Server3_1092,50.0,0.4510081987456819
Server3_1092,Server3_990,50.0,0.4510081987456819
Server3_990,Server3_716,50.0,0.5243791603090646
Server3_716,Server3_990,50.0,0.5243791603090646
Server3_1549,Server3_1324,50.0,0.2881977992445086
Server3_1324,Server3_1549,50.0,0.2881977992445086
Server3_1549,Server3_1582,50.0,0.3403439720890022
Server3_1582,Server3_1549,50.0,0.3403439720890022
Server3_500,Server3_1674,50.0,0.3315610997649538
Server3_1674,Server3_500,50.0,0.3315610997649538
Server3_500,Server3_1471,50.0,0.3960527187121106
Server3_1471,Server3_500,50.0,0.3960527187121106
Server3_500,Server3_1519,50.0,0.444245145926857
Server3_1519,Server3_500,50.0,0.444245145926857
Server3_1215,Server3_716,50.0,0.4298721393881952
Server3_716,Server3_1215,50.0,0.4298721393881952
Server3_476,Server3_1723,50.0,0.4113450441508338
Server3_1723,Server3_476,50.0,0.4113450441508338
Server3_476,Server3_404,50.0,0.2912555252023612
Server3_404,Server3_476,50.0,0.2912555252023612
Server3_476,Server3_207,50.0,0.42169396349027
Server3_207,Server3_476,50.0,0.42169396349027
Server3_476,Server3_210,1.0,2000.0
Server3_210,Server3_476,1.0,2000.0
Server3_439,Server3_1420,50.0,0.3546140643392901
Server3_1420,Server3_439,50.0,0.3546140643392901
Server3_439,Server3_748,50.0,0.3437291306841352
Server3_748,Server3_439,50.0,0.3437291306841352
Server3_1629,Server3_936,50.0,0.3116004940323886
Server3_936,Server3_1629,50.0,0.3116004940323886
Server3_1629,Server3_1729,50.0,0.6188668539945693
Server3_1729,Server3_1629,50.0,0.6188668539945693
Server3_1235,Server3_1798,50.0,0.3949292685103114
Server3_1798,Server3_1235,50.0,0.3949292685103114
Server3_1235,Server3_447,50.0,0.456106027699683
Server3_447,Server3_1235,50.0,0.456106027699683
Server3_1235,Server3_1841,50.0,0.4333756324181351
Server3_1841,Server3_1235,50.0,0.4333756324181351
Server3_360,Server3_1545,50.0,0.4430642197458869
Server3_1545,Server3_360,50.0,0.4430642197458869
Server3_360,Server3_299,1.0,2000.0
Server3_299,Server3_360,1.0,2000.0
Server3_1645,Server3_624,50.0,0.2923360137147032
Server3_624,Server3_1645,50.0,0.2923360137147032
Server3_1645,Server3_331,50.0,0.307493615453204
Server3_331,Server3_1645,50.0,0.307493615453204
Server3_1645,Server3_838,50.0,0.3121427851291274
Server3_838,Server3_1645,50.0,0.3121427851291274
Server3_1494,Server3_914,50.0,0.2797473784279956
Server3_914,Server3_1494,50.0,0.2797473784279956
Server3_1494,Server3_98,50.0,0.4159612103002732
Server3_98,Server3_1494,50.0,0.4159612103002732
Server3_1651,Server3_1808,50.0,0.3567299093654268
Server3_1808,Server3_1651,50.0,0.3567299093654268
Server3_1651,Server3_1040,50.0,0.3804518914091845
Server3_1040,Server3_1651,50.0,0.3804518914091845
Server3_1970,Server3_1510,50.0,0.4021381722739775
Server3_1510,Server3_1970,50.0,0.4021381722739775
Server3_1970,Server3_1611,50.0,0.389242190015007
Server3_1611,Server3_1970,50.0,0.389242190015007
Server3_1970,Server3_1215,50.0,0.424239189622356
Server3_1215,Server3_1970,50.0,0.424239189622356
Server3_1058,Server3_1634,50.0,0.5102298588460056
Server3_1634,Server3_1058,50.0,0.5102298588460056
Server3_1058,Server3_1390,1.0,2000.0
Server3_1390,Server3_1058,1.0,2000.0
Server3_1058,Server3_982,50.0,0.2956166203674052
Server3_982,Server3_1058,50.0,0.2956166203674052
Server3_1949,Server3_883,50.0,0.3907170964216221
Server3_883,Server3_1949,50.0,0.3907170964216221
Server3_1949,Server3_1096,50.0,0.4191768368201632
Server3_1096,Server3_1949,50.0,0.4191768368201632
Server3_645,Server3_864,50.0,0.3961382831647948
Server3_864,Server3_645,50.0,0.3961382831647948
Server3_645,Server3_586,50.0,0.419646423487651
Server3_586,Server3_645,50.0,0.419646423487651
Server3_645,Server3_229,50.0,0.4044219939889152
Server3_229,Server3_645,50.0,0.4044219939889152
Server3_645,Server3_1616,50.0,0.4537400227995761
Server3_1616,Server3_645,50.0,0.4537400227995761
Server3_642,Server3_1241,50.0,0.34764937434019
Server3_1241,Server3_642,50.0,0.34764937434019
Server3_642,Server3_1955,50.0,0.3994889802960516
Server3_1955,Server3_642,50.0,0.3994889802960516
Server3_642,Server3_835,1.0,2000.0
Server3_835,Server3_642,1.0,2000.0
Server3_642,Server3_1446,50.0,0.4514282609550947
Server3_1446,Server3_642,50.0,0.4514282609550947
Server3_1922,Server3_1353,1.0,2000.0
Server3_1353,Server3_1922,1.0,2000.0
Server3_1400,Server3_1818,50.0,0.4374052002581864
Server3_1818,Server3_1400,50.0,0.4374052002581864
Server3_1400,Server3_1438,50.0,0.401316680802221
Server3_1438,Server3_1400,50.0,0.401316680802221
Server3_1400,Server3_1330,50.0,0.3894812466565774
Server3_1330,Server3_1400,50.0,0.3894812466565774
Server3_678,Server3_15,50.0,0.3232614142199009
Server3_15,Server3_678,50.0,0.3232614142199009
Server3_678,Server3_1237,50.0,0.27428791318738
Server3_1237,Server3_678,50.0,0.27428791318738
Server3_1023,Server3_203,50.0,0.3231926719916864
Server3_203,Server3_1023,50.0,0.3231926719916864
Server3_1023,Server3_1314,50.0,0.4125470065994542
Server3_1314,Server3_1023,50.0,0.4125470065994542
Server3_1023,Server3_1639,50.0,0.4017940015158226
Server3_1639,Server3_1023,50.0,0.4017940015158226
Server3_1023,Server3_1760,50.0,0.4709721563470751
Server3_1760,Server3_1023,50.0,0.4709721563470751
Server3_1356,Server3_132,50.0,0.3096303069131834
Server3_132,Server3_1356,50.0,0.3096303069131834
Server3_1356,Server3_1662,50.0,0.3454540449370906
Server3_1662,Server3_1356,50.0,0.3454540449370906
Server3_1356,Server3_1279,50.0,0.3646226650412292
Server3_1279,Server3_1356,50.0,0.3646226650412292
Server3_119,Server3_599,50.0,0.294891726005387
Server3_599,Server3_119,50.0,0.294891726005387
Server3_119,Server3_459,50.0,0.435272468693304
Server3_459,Server3_119,50.0,0.435272468693304
Server3_691,Server3_1804,50.0,0.4445614676725821
Server3_1804,Server3_691,50.0,0.4445614676725821
Server3_691,Server3_304,50.0,0.3396378366108171
Server3_304,Server3_691,50.0,0.3396378366108171
Server3_691,Server3_359,50.0,0.3809234744518425
Server3_359,Server3_691,50.0,0.3809234744518425
Server3_1422,Server3_1893,50.0,0.3953536630786586
Server3_1893,Server3_1422,50.0,0.3953536630786586
Server3_1422,Server3_1800,50.0,0.4146009959884279
Server3_1800,Server3_1422,50.0,0.4146009959884279
Server3_1422,Server3_1713,50.0,0.349683764676892
Server3_1713,Server3_1422,50.0,0.349683764676892
Server3_1422,Server3_202,50.0,0.3116290188681398
Server3_202,Server3_1422,50.0,0.3116290188681398
Server3_1373,Server3_313,50.0,0.5187353563289964
Server3_313,Server3_1373,50.0,0.5187353563289964
Server3_1373,Server3_1131,50.0,0.537164356980727
Server3_1131,Server3_1373,50.0,0.537164356980727
Server3_1373,Server3_949,50.0,0.4523055530969561
Server3_949,Server3_1373,50.0,0.4523055530969561
Server3_1373,Server3_902,1.0,2000.0
Server3_902,Server3_1373,1.0,2000.0
Server3_1062,Server3_381,50.0,0.3475218888529963
Server3_381,Server3_1062,50.0,0.3475218888529963
Server3_1062,Server3_226,50.0,0.3741321646807088
Server3_226,Server3_1062,50.0,0.3741321646807088
Server3_1062,Server3_119,50.0,0.2954354682691982
Server3_119,Server3_1062,50.0,0.2954354682691982
Server3_1060,Server3_695,50.0,0.4421781279394174
Server3_695,Server3_1060,50.0,0.4421781279394174
Server3_1060,Server3_1536,50.0,0.5131683012274652
Server3_1536,Server3_1060,50.0,0.5131683012274652
Server3_1060,Server3_1022,50.0,0.4174241258794018
Server3_1022,Server3_1060,50.0,0.4174241258794018
Server3_876,Server3_1798,50.0,0.4665994815572727
Server3_1798,Server3_876,50.0,0.4665994815572727
Server3_876,Server3_1374,1.0,2000.0
Server3_1374,Server3_876,1.0,2000.0
Server3_876,Server3_1235,50.0,0.3939485615733689
Server3_1235,Server3_876,50.0,0.3939485615733689
Server3_876,Server3_595,50.0,0.4484795631986458
Server3_595,Server3_876,50.0,0.4484795631986458
Server3_1665,Server3_505,1.0,2000.0
Server3_505,Server3_1665,1.0,2000.0
Server3_1665,Server3_21,50.0,0.3609986996430902
Server3_21,Server3_1665,50.0,0.3609986996430902
Server3_1243,Server3_1716,50.0,0.4921530080217245
Server3_1716,Server3_1243,50.0,0.4921530080217245
Server3_1243,Server3_1974,50.0,0.4379821226303788
Server3_1974,Server3_1243,50.0,0.4379821226303788
Server3_1243,Server3_560,50.0,0.2921075424943254
Server3_560,Server3_1243,50.0,0.2921075424943254
Server3_1300,Server3_1152,50.0,0.3300850174245358
Server3_1152,Server3_1300,50.0,0.3300850174245358
Server3_1300,Server3_1497,50.0,0.3714472594767254
Server3_1497,Server3_1300,50.0,0.3714472594767254
Server3_1300,Server3_111,1.0,2000.0
Server3_111,Server3_1300,1.0,2000.0
Server3_232,Server3_418,50.0,0.3110470697632942
Server3_418,Server3_232,50.0,0.3110470697632942
Server3_232,Server3_343,50.0,0.3068701816804148
Server3_343,Server3_232,50.0,0.3068701816804148
Server3_232,Server3_331,50.0,0.3521902039504784
Server3_331,Server3_232,50.0,0.3521902039504784
Server3_11,Server3_16,50.0,0.3182760452089679
Server3_16,Server3_11,50.0,0.3182760452089679
Server3_11,Server3_493,50.0,0.3740848708661176
Server3_493,Server3_11,50.0,0.3740848708661176
Server3_11,Server3_619,50.0,0.4655787635598463
Server3_619,Server3_11,50.0,0.4655787635598463
Server3_1411,Server3_1266,50.0,0.4445884049940776
Server3_1266,Server3_1411,50.0,0.4445884049940776
Server3_667,Server3_1668,50.0,0.4449442300593546
Server3_1668,Server3_667,50.0,0.4449442300593546
Server3_355,Server3_280,50.0,0.4020769329010338
Server3_280,Server3_355,50.0,0.4020769329010338
Server3_355,Server3_490,1.0,2000.0
Server3_490,Server3_355,1.0,2000.0
Server3_355,Server3_1877,50.0,0.2905299654508854
Server3_1877,Server3_355,50.0,0.2905299654508854
Server3_672,Server3_1233,50.0,0.3260627284522926
Server3_1233,Server3_672,50.0,0.3260627284522926
Server3_672,Server3_1121,50.0,0.3927565826125472
Server3_1121,Server3_672,50.0,0.3927565826125472
Server3_672,Server3_1555,50.0,0.3576061611124132
Server3_1555,Server3_672,50.0,0.3576061611124132
Server3_1392,Server3_405,50.0,0.2841924792101448
Server3_405,Server3_1392,50.0,0.2841924792101448
Server3_1392,Server3_82,1.0,2000.0
Server3_82,Server3_1392,1.0,2000.0
Server3_1730,Server3_631,50.0,0.280933201541311
Server3_631,Server3_1730,50.0,0.280933201541311
Server3_1730,Server3_1851,50.0,0.345181069638602
Server3_1851,Server3_1730,50.0,0.345181069638602
Server3_1730,Server3_220,50.0,0.3043242751491188
Server3_220,Server3_1730,50.0,0.3043242751491188
Server3_1730,Server3_1200,50.0,0.4013824403650476
Server3_1200,Server3_1730,50.0,0.4013824403650476
Server3_736,Server3_1410,50.0,0.3032101626364106
Server3_1410,Server3_736,50.0,0.3032101626364106
Server3_736,Server3_971,50.0,0.2980709317876296
Server3_971,Server3_736,50.0,0.2980709317876296
Server3_1761,Server3_26,50.0,0.3188822532761041
Server3_26,Server3_1761,50.0,0.3188822532761041
Server3_1047,Server3_87,50.0,0.3822085480903707
Server3_87,Server3_1047,50.0,0.3822085480903707
Server3_1047,Server3_189,50.0,0.3561659964583312
Server3_189,Server3_1047,50.0,0.3561659964583312
Server3_1047,Server3_1026,50.0,0.3557649056408804
Server3_1026,Server3_1047,50.0,0.3557649056408804
Server3_825,Server3_256,50.0,0.3876683358504827
Server3_256,Server3_825,50.0,0.3876683358504827
Server3_825,Server3_1246,50.0,0.4283794970125157
Server3_1246,Server3_825,50.0,0.4283794970125157
Server3_1611,Server3_1215,50.0,0.3434709776115272
Server3_1215,Server3_1611,50.0,0.3434709776115272
Server3_1611,Server3_1716,50.0,0.4125995339180817
Server3_1716,Server3_1611,50.0,0.4125995339180817
Server3_1611,Server3_1865,50.0,0.3378154633051156
Server3_1865,Server3_1611,50.0,0.3378154633051156
Server3_1611,Server3_383,50.0,0.3541006955025302
Server3_383,Server3_1611,50.0,0.3541006955025302
Server3_510,Server3_1824,1.0,2000.0
Server3_1824,Server3_510,1.0,2000.0
Server3_510,Server3_1964,50.0,0.3789156295424188
Server3_1964,Server3_510,50.0,0.3789156295424188
Server3_510,Server3_556,50.0,0.3942804007458868
Server3_556,Server3_510,50.0,0.3942804007458868
Server3_510,Server3_1857,50.0,0.4324175929640768
Server3_1857,Server3_510,50.0,0.4324175929640768
Server3_1798,Server3_1841,50.0,0.3555220365021799
Server3_1841,Server3_1798,50.0,0.3555220365021799
Server3_906,Server3_1015,1.0,2000.0
Server3_1015,Server3_906,1.0,2000.0
Server3_906,Server3_1573,50.0,0.3991144910396854
Server3_1573,Server3_906,50.0,0.3991144910396854
Server3_906,Server3_1632,50.0,0.318938544777284
Server3_1632,Server3_906,50.0,0.318938544777284
Server3_906,Server3_1670,50.0,0.3715909279150287
Server3_1670,Server3_906,50.0,0.3715909279150287
Server3_1378,Server3_6,50.0,0.4515231356657645
Server3_6,Server3_1378,50.0,0.4515231356657645
Server3_308,Server3_26,50.0,0.3778140808703667
Server3_26,Server3_308,50.0,0.3778140808703667
Server3_308,Server3_1488,50.0,0.3033409281443763
Server3_1488,Server3_308,50.0,0.3033409281443763
Server3_308,Server3_1056,50.0,0.3189930557830062
Server3_1056,Server3_308,50.0,0.3189930557830062
Server3_308,Server3_1450,1.0,2000.0
Server3_1450,Server3_308,1.0,2000.0
Server3_1086,Server3_615,50.0,0.3783857480176924
Server3_615,Server3_1086,50.0,0.3783857480176924
Server3_1086,Server3_585,50.0,0.2937729341580695
Server3_585,Server3_1086,50.0,0.2937729341580695
Server3_123,Server3_1259,1.0,2000.0
Server3_1259,Server3_123,1.0,2000.0
Server3_123,Server3_1830,50.0,0.4281433707543183
Server3_1830,Server3_123,50.0,0.4281433707543183
Server3_1536,Server3_1454,50.0,0.3790766140332592
Server3_1454,Server3_1536,50.0,0.3790766140332592
Server3_1536,Server3_1392,50.0,0.3324215570246354
Server3_1392,Server3_1536,50.0,0.3324215570246354
Server3_1536,Server3_1353,1.0,2000.0
Server3_1353,Server3_1536,1.0,2000.0
Server3_1536,Server3_384,50.0,0.3813912231957156
Server3_384,Server3_1536,50.0,0.3813912231957156
Server3_1118,Server3_505,1.0,2000.0
Server3_505,Server3_1118,1.0,2000.0
Server3_1832,Server3_973,50.0,0.3285373551779562
Server3_973,Server3_1832,50.0,0.3285373551779562
Server3_1832,Server3_422,50.0,0.3172149743183979
Server3_422,Server3_1832,50.0,0.3172149743183979
Server3_141,Server3_335,50.0,0.3476791371168244
Server3_335,Server3_141,50.0,0.3476791371168244
Server3_141,Server3_1977,50.0,0.3578390886508962
Server3_1977,Server3_141,50.0,0.3578390886508962
Server3_141,Server3_740,50.0,0.3140558030648798
Server3_740,Server3_141,50.0,0.3140558030648798
Server3_598,Server3_1543,50.0,0.5139504379552239
Server3_1543,Server3_598,50.0,0.5139504379552239
Server3_598,Server3_429,50.0,0.4664347918774607
Server3_429,Server3_598,50.0,0.4664347918774607
Server3_1473,Server3_1256,50.0,0.4745852034958942
Server3_1256,Server3_1473,50.0,0.4745852034958942
Server3_1473,Server3_1942,50.0,0.298347882380401
Server3_1942,Server3_1473,50.0,0.298347882380401
Server3_103,Server3_1904,50.0,0.5249361903156307
Server3_1904,Server3_103,50.0,0.5249361903156307
Server3_103,Server3_1110,50.0,0.535497091203618
Server3_1110,Server3_103,50.0,0.535497091203618
Server3_569,Server3_1596,1.0,2000.0
Server3_1596,Server3_569,1.0,2000.0
Server3_569,Server3_1126,50.0,0.3056161067081844
Server3_1126,Server3_569,50.0,0.3056161067081844
Server3_578,Server3_113,50.0,0.3732461992686738
Server3_113,Server3_578,50.0,0.3732461992686738
Server3_578,Server3_194,50.0,0.4186599216745089
Server3_194,Server3_578,50.0,0.4186599216745089
Server3_601,Server3_621,50.0,0.3134375628207292
Server3_621,Server3_601,50.0,0.3134375628207292
Server3_601,Server3_227,1.0,2000.0
Server3_227,Server3_601,1.0,2000.0
Server3_970,Server3_1693,50.0,0.4977462254602859
Server3_1693,Server3_970,50.0,0.4977462254602859
Server3_1886,Server3_299,1.0,2000.0
Server3_299,Server3_1886,1.0,2000.0
Server3_1886,Server3_1783,50.0,0.298283519349911
Server3_1783,Server3_1886,50.0,0.298283519349911
Server3_1886,Server3_1141,1.0,2000.0
Server3_1141,Server3_1886,1.0,2000.0
Server3_108,Server3_1571,50.0,0.3037645979846415
Server3_1571,Server3_108,50.0,0.3037645979846415
Server3_108,Server3_561,50.0,0.378079372121937
Server3_561,Server3_108,50.0,0.378079372121937
Server3_196,Server3_1755,50.0,0.5797010917968011
Server3_1755,Server3_196,50.0,0.5797010917968011
Server3_196,Server3_709,50.0,0.3877045368003578
Server3_709,Server3_196,50.0,0.3877045368003578
Server3_1888,Server3_66,50.0,0.4281997921678598
Server3_66,Server3_1888,50.0,0.4281997921678598
Server3_1988,Server3_754,50.0,0.2733368525043778
Server3_754,Server3_1988,50.0,0.2733368525043778
Server3_1988,Server3_1052,50.0,0.3216541333295599
Server3_1052,Server3_1988,50.0,0.3216541333295599
Server3_1988,Server3_1240,50.0,0.307874851646112
Server3_1240,Server3_1988,50.0,0.307874851646112
Server3_1722,Server3_928,50.0,0.4780267906244098
Server3_928,Server3_1722,50.0,0.4780267906244098
Server3_1722,Server3_1049,50.0,0.4180159673913882
Server3_1049,Server3_1722,50.0,0.4180159673913882
Server3_1722,Server3_1899,50.0,0.4275600373479382
Server3_1899,Server3_1722,50.0,0.4275600373479382
Server3_1722,Server3_1843,50.0,0.4774864559144156
Server3_1843,Server3_1722,50.0,0.4774864559144156
Server3_905,Server3_422,50.0,0.3033583513811546
Server3_422,Server3_905,50.0,0.3033583513811546
Server3_905,Server3_136,50.0,0.3920196283557827
Server3_136,Server3_905,50.0,0.3920196283557827
Server3_27,Server3_413,50.0,0.4078320951553178
Server3_413,Server3_27,50.0,0.4078320951553178
Server3_27,Server3_928,50.0,0.4016435184502936
Server3_928,Server3_27,50.0,0.4016435184502936
Server3_1581,Server3_784,50.0,0.4222825637034016
Server3_784,Server3_1581,50.0,0.4222825637034016
Server3_1581,Server3_1081,50.0,0.354667488217848
Server3_1081,Server3_1581,50.0,0.354667488217848
Server3_1581,Server3_1151,50.0,0.3375302184752676
Server3_1151,Server3_1581,50.0,0.3375302184752676
Server3_1581,Server3_743,50.0,0.4136572016380386
Server3_743,Server3_1581,50.0,0.4136572016380386
Server3_1894,Server3_679,50.0,0.4618552235898206
Server3_679,Server3_1894,50.0,0.4618552235898206
Server3_1894,Server3_1599,50.0,0.4268993254284226
Server3_1599,Server3_1894,50.0,0.4268993254284226
Server3_1894,Server3_1482,1.0,2000.0
Server3_1482,Server3_1894,1.0,2000.0
Server3_1726,Server3_1030,50.0,0.3745657072270902
Server3_1030,Server3_1726,50.0,0.3745657072270902
Server3_1891,Server3_680,50.0,0.4515942162344034
Server3_680,Server3_1891,50.0,0.4515942162344034
Server3_1891,Server3_1861,50.0,0.4050258416586366
Server3_1861,Server3_1891,50.0,0.4050258416586366
Server3_1891,Server3_246,50.0,0.3089270338398102
Server3_246,Server3_1891,50.0,0.3089270338398102
Server3_1891,Server3_527,50.0,0.4405172516754228
Server3_527,Server3_1891,50.0,0.4405172516754228
Server3_1980,Server3_895,50.0,0.2734837476512884
Server3_895,Server3_1980,50.0,0.2734837476512884
Server3_1980,Server3_1775,50.0,0.3608178217661016
Server3_1775,Server3_1980,50.0,0.3608178217661016
Server3_1980,Server3_935,50.0,0.3059938228022888
Server3_935,Server3_1980,50.0,0.3059938228022888
Server3_1980,Server3_238,50.0,0.3255196330992488
Server3_238,Server3_1980,50.0,0.3255196330992488
Server3_892,Server3_1695,50.0,0.4325594526182378
Server3_1695,Server3_892,50.0,0.4325594526182378
Server3_892,Server3_1768,50.0,0.398781247470732
Server3_1768,Server3_892,50.0,0.398781247470732
Server3_892,Server3_1717,50.0,0.2913265611462164
Server3_1717,Server3_892,50.0,0.2913265611462164
Server3_892,Server3_1470,50.0,0.3860018184930526
Server3_1470,Server3_892,50.0,0.3860018184930526
Server3_6,Server3_522,1.0,2000.0
Server3_522,Server3_6,1.0,2000.0
Server3_6,Server3_1022,50.0,0.4990040143808313
Server3_1022,Server3_6,50.0,0.4990040143808313
Server3_1320,Server3_1948,50.0,0.4076721356916992
Server3_1948,Server3_1320,50.0,0.4076721356916992
Server3_1320,Server3_421,50.0,0.3941713185946202
Server3_421,Server3_1320,50.0,0.3941713185946202
Server3_1320,Server3_921,50.0,0.3438862209344218
Server3_921,Server3_1320,50.0,0.3438862209344218
Server3_126,Server3_742,50.0,0.3315949079243442
Server3_742,Server3_126,50.0,0.3315949079243442
Server3_126,Server3_1381,50.0,0.3541504506938028
Server3_1381,Server3_126,50.0,0.3541504506938028
Server3_126,Server3_114,50.0,0.3727699573257404
Server3_114,Server3_126,50.0,0.3727699573257404
Server3_126,Server3_1503,50.0,0.359172919631973
Server3_1503,Server3_126,50.0,0.359172919631973
Server3_315,Server3_571,50.0,0.4455467640859852
Server3_571,Server3_315,50.0,0.4455467640859852
Server3_315,Server3_713,50.0,0.332241404596804
Server3_713,Server3_315,50.0,0.332241404596804
Server3_1360,Server3_988,50.0,0.5175296394418601
Server3_988,Server3_1360,50.0,0.5175296394418601
Server3_1360,Server3_235,50.0,0.3296031654874963
Server3_235,Server3_1360,50.0,0.3296031654874963
Server3_580,Server3_540,50.0,0.4125359348998396
Server3_540,Server3_580,50.0,0.4125359348998396
Server3_580,Server3_140,50.0,0.344086032777487
Server3_140,Server3_580,50.0,0.344086032777487
Server3_580,Server3_1558,50.0,0.3480100905252316
Server3_1558,Server3_580,50.0,0.3480100905252316
Server3_1226,Server3_335,50.0,0.5399531223603368
Server3_335,Server3_1226,50.0,0.5399531223603368
Server3_1226,Server3_747,50.0,0.4289135892476224
Server3_747,Server3_1226,50.0,0.4289135892476224
Server3_344,Server3_1241,50.0,0.4397840230099427
Server3_1241,Server3_344,50.0,0.4397840230099427
Server3_344,Server3_1446,50.0,0.4092688831084902
Server3_1446,Server3_344,50.0,0.4092688831084902
Server3_344,Server3_835,1.0,2000.0
Server3_835,Server3_344,1.0,2000.0
Server3_1628,Server3_1660,50.0,0.387823958626394
Server3_1660,Server3_1628,50.0,0.387823958626394
Server3_1628,Server3_24,50.0,0.3136807447754214
Server3_24,Server3_1628,50.0,0.3136807447754214
Server3_1628,Server3_1464,50.0,0.4251268230462346
Server3_1464,Server3_1628,50.0,0.4251268230462346
Server3_1077,Server3_1925,50.0,0.3235507496857144
Server3_1925,Server3_1077,50.0,0.3235507496857144
Server3_1077,Server3_712,50.0,0.4408866729943916
Server3_712,Server3_1077,50.0,0.4408866729943916
Server3_1077,Server3_755,50.0,0.2656655633326266
Server3_755,Server3_1077,50.0,0.2656655633326266
Server3_1231,Server3_815,1.0,2000.0
Server3_815,Server3_1231,1.0,2000.0
Server3_1231,Server3_304,50.0,0.4740216167514681
Server3_304,Server3_1231,50.0,0.4740216167514681
Server3_1538,Server3_1676,50.0,0.4469414428838101
Server3_1676,Server3_1538,50.0,0.4469414428838101
Server3_908,Server3_1516,50.0,0.328960601416345
Server3_1516,Server3_908,50.0,0.328960601416345
Server3_908,Server3_546,50.0,0.351957552940662
Server3_546,Server3_908,50.0,0.351957552940662
Server3_908,Server3_767,50.0,0.3589284779041448
Server3_767,Server3_908,50.0,0.3589284779041448
Server3_168,Server3_1576,50.0,0.3428435612273648
Server3_1576,Server3_168,50.0,0.3428435612273648
Server3_168,Server3_1559,50.0,0.3395379341545728
Server3_1559,Server3_168,50.0,0.3395379341545728
Server3_168,Server3_533,50.0,0.3053821280226868
Server3_533,Server3_168,50.0,0.3053821280226868
Server3_168,Server3_1033,50.0,0.3607502982987248
Server3_1033,Server3_168,50.0,0.3607502982987248
Server3_662,Server3_1896,50.0,0.3897898989406058
Server3_1896,Server3_662,50.0,0.3897898989406058
Server3_662,Server3_1014,50.0,0.3638030919930928
Server3_1014,Server3_662,50.0,0.3638030919930928
Server3_1170,Server3_1513,50.0,0.3501809646811879
Server3_1513,Server3_1170,50.0,0.3501809646811879
Server3_1170,Server3_1129,50.0,0.3074829201678393
Server3_1129,Server3_1170,50.0,0.3074829201678393
Server3_53,Server3_529,50.0,0.3134186525569011
Server3_529,Server3_53,50.0,0.3134186525569011
Server3_1337,Server3_1562,50.0,0.3329415181303292
Server3_1562,Server3_1337,50.0,0.3329415181303292
Server3_1337,Server3_1977,50.0,0.267951932951639
Server3_1977,Server3_1337,50.0,0.267951932951639
Server3_1416,Server3_629,50.0,0.4106915635675542
Server3_629,Server3_1416,50.0,0.4106915635675542
Server3_1416,Server3_262,50.0,0.3466629854546575
Server3_262,Server3_1416,50.0,0.3466629854546575
Server3_1416,Server3_20,50.0,0.3689216124254906
Server3_20,Server3_1416,50.0,0.3689216124254906
Server3_1416,Server3_1390,1.0,2000.0
Server3_1390,Server3_1416,1.0,2000.0
Server3_1157,Server3_1944,50.0,0.5054432617738706
Server3_1944,Server3_1157,50.0,0.5054432617738706
Server3_1157,Server3_832,50.0,0.4599062781781868
Server3_832,Server3_1157,50.0,0.4599062781781868
Server3_1294,Server3_806,50.0,0.3700447591317975
Server3_806,Server3_1294,50.0,0.3700447591317975
Server3_1294,Server3_1198,50.0,0.4067066096303931
Server3_1198,Server3_1294,50.0,0.4067066096303931
Server3_610,Server3_665,50.0,0.4340592648601906
Server3_665,Server3_610,50.0,0.4340592648601906
Server3_610,Server3_1173,50.0,0.389700163252722
Server3_1173,Server3_610,50.0,0.389700163252722
Server3_610,Server3_268,50.0,0.3882220376131486
Server3_268,Server3_610,50.0,0.3882220376131486
Server3_42,Server3_1336,50.0,0.3918197937525165
Server3_1336,Server3_42,50.0,0.3918197937525165
Server3_42,Server3_1802,50.0,0.374693353467248
Server3_1802,Server3_42,50.0,0.374693353467248
Server3_782,Server3_1837,50.0,0.3290707235330052
Server3_1837,Server3_782,50.0,0.3290707235330052
Server3_782,Server3_806,50.0,0.3060269089889
Server3_806,Server3_782,50.0,0.3060269089889
Server3_782,Server3_1938,50.0,0.2670087841720996
Server3_1938,Server3_782,50.0,0.2670087841720996
Server3_1004,Server3_1461,1.0,2000.0
Server3_1461,Server3_1004,1.0,2000.0
Server3_1004,Server3_1524,50.0,0.3212127483181318
Server3_1524,Server3_1004,50.0,0.3212127483181318
Server3_40,Server3_1383,50.0,0.3917833134242887
Server3_1383,Server3_40,50.0,0.3917833134242887
Server3_40,Server3_668,50.0,0.3772474396565658
Server3_668,Server3_40,50.0,0.3772474396565658
Server3_40,Server3_1576,50.0,0.3817776625201598
Server3_1576,Server3_40,50.0,0.3817776625201598
Server3_1764,Server3_1040,50.0,0.3620415803750796
Server3_1040,Server3_1764,50.0,0.3620415803750796
Server3_1764,Server3_1594,50.0,0.3144592159105591
Server3_1594,Server3_1764,50.0,0.3144592159105591
Server3_273,Server3_1420,50.0,0.5096449308669109
Server3_1420,Server3_273,50.0,0.5096449308669109
Server3_1199,Server3_1478,50.0,0.3365104634205942
Server3_1478,Server3_1199,50.0,0.3365104634205942
Server3_1199,Server3_923,50.0,0.4539632356296521
Server3_923,Server3_1199,50.0,0.4539632356296521
Server3_1192,Server3_116,50.0,0.2712507610885194
Server3_116,Server3_1192,50.0,0.2712507610885194
Server3_1192,Server3_1925,50.0,0.2688846327795338
Server3_1925,Server3_1192,50.0,0.2688846327795338
Server3_275,Server3_1801,50.0,0.3212144890444332
Server3_1801,Server3_275,50.0,0.3212144890444332
Server3_275,Server3_1268,50.0,0.3533177318780506
Server3_1268,Server3_275,50.0,0.3533177318780506
Server3_275,Server3_676,50.0,0.3249724273027021
Server3_676,Server3_275,50.0,0.3249724273027021
Server3_734,Server3_495,50.0,0.3251242400960446
Server3_495,Server3_734,50.0,0.3251242400960446
Server3_734,Server3_1027,50.0,0.3766989513680009
Server3_1027,Server3_734,50.0,0.3766989513680009
Server3_1855,Server3_1233,50.0,0.353395864205273
Server3_1233,Server3_1855,50.0,0.353395864205273
Server3_1855,Server3_420,50.0,0.3194503305910806
Server3_420,Server3_1855,50.0,0.3194503305910806
Server3_1855,Server3_1066,50.0,0.4097687895981025
Server3_1066,Server3_1855,50.0,0.4097687895981025
Server3_159,Server3_1270,50.0,0.272928765710809
Server3_1270,Server3_159,50.0,0.272928765710809
Server3_159,Server3_1098,50.0,0.3541659199289807
Server3_1098,Server3_159,50.0,0.3541659199289807
Server3_508,Server3_491,50.0,0.4243942898540898
Server3_491,Server3_508,50.0,0.4243942898540898
Server3_508,Server3_1588,1.0,2000.0
Server3_1588,Server3_508,1.0,2000.0
Server3_508,Server3_1598,50.0,0.3284092317507702
Server3_1598,Server3_508,50.0,0.3284092317507702
Server3_829,Server3_1277,50.0,0.4633934136119323
Server3_1277,Server3_829,50.0,0.4633934136119323
Server3_829,Server3_864,50.0,0.424738751478099
Server3_864,Server3_829,50.0,0.424738751478099
Server3_1522,Server3_850,50.0,0.4404247165338102
Server3_850,Server3_1522,50.0,0.4404247165338102
Server3_863,Server3_861,50.0,0.290902772205351
Server3_861,Server3_863,50.0,0.290902772205351
Server3_863,Server3_1724,50.0,0.3963465788013941
Server3_1724,Server3_863,50.0,0.3963465788013941
Server3_1363,Server3_723,50.0,0.4434796962300511
Server3_723,Server3_1363,50.0,0.4434796962300511
Server3_1363,Server3_757,1.0,2000.0
Server3_757,Server3_1363,1.0,2000.0
Server3_1363,Server3_1740,50.0,0.3640382610709684
Server3_1740,Server3_1363,50.0,0.3640382610709684
Server3_1363,Server3_637,50.0,0.2962109256409303
Server3_637,Server3_1363,50.0,0.2962109256409303
Server3_397,Server3_807,50.0,0.4458448036580394
Server3_807,Server3_397,50.0,0.4458448036580394
Server3_397,Server3_525,50.0,0.3818489703065852
Server3_525,Server3_397,50.0,0.3818489703065852
Server3_397,Server3_1678,50.0,0.447626643851816
Server3_1678,Server3_397,50.0,0.447626643851816
Server3_496,Server3_1898,50.0,0.4451244090684262
Server3_1898,Server3_496,50.0,0.4451244090684262
Server3_496,Server3_816,50.0,0.4891303432432452
Server3_816,Server3_496,50.0,0.4891303432432452
Server3_496,Server3_30,50.0,0.5052319737680169
Server3_30,Server3_496,50.0,0.5052319737680169
Server3_493,Server3_16,50.0,0.2691262001411804
Server3_16,Server3_493,50.0,0.2691262001411804
Server3_493,Server3_1412,50.0,0.4706526539667303
Server3_1412,Server3_493,50.0,0.4706526539667303
Server3_1531,Server3_728,50.0,0.304253297823871
Server3_728,Server3_1531,50.0,0.304253297823871
Server3_1531,Server3_931,50.0,0.3265376757945028
Server3_931,Server3_1531,50.0,0.3265376757945028
Server3_1282,Server3_1773,50.0,0.5813449010180618
Server3_1773,Server3_1282,50.0,0.5813449010180618
Server3_1282,Server3_9,50.0,0.4849319873770331
Server3_9,Server3_1282,50.0,0.4849319873770331
Server3_1282,Server3_1622,50.0,0.6140857010962346
Server3_1622,Server3_1282,50.0,0.6140857010962346
Server3_1500,Server3_507,50.0,0.4524593448326298
Server3_507,Server3_1500,50.0,0.4524593448326298
Server3_1500,Server3_437,50.0,0.3344653305392356
Server3_437,Server3_1500,50.0,0.3344653305392356
Server3_564,Server3_1663,50.0,0.3928729303800027
Server3_1663,Server3_564,50.0,0.3928729303800027
Server3_564,Server3_837,50.0,0.407471782589926
Server3_837,Server3_564,50.0,0.407471782589926
Server3_564,Server3_1613,1.0,2000.0
Server3_1613,Server3_564,1.0,2000.0
Server3_570,Server3_1048,50.0,0.398363885362324
Server3_1048,Server3_570,50.0,0.398363885362324
Server3_570,Server3_707,1.0,2000.0
Server3_707,Server3_570,1.0,2000.0
Server3_1072,Server3_1317,1.0,2000.0
Server3_1317,Server3_1072,1.0,2000.0
Server3_1072,Server3_1671,50.0,0.488735272356037
Server3_1671,Server3_1072,50.0,0.488735272356037
Server3_1072,Server3_930,50.0,0.4236831688695982
Server3_930,Server3_1072,50.0,0.4236831688695982
Server3_433,Server3_276,50.0,0.4604954780034408
Server3_276,Server3_433,50.0,0.4604954780034408
Server3_816,Server3_526,50.0,0.286633724670337
Server3_526,Server3_816,50.0,0.286633724670337
Server3_816,Server3_1898,50.0,0.2916047610570702
Server3_1898,Server3_816,50.0,0.2916047610570702
Server3_443,Server3_1945,50.0,0.4410385060610391
Server3_1945,Server3_443,50.0,0.4410385060610391
Server3_443,Server3_1329,50.0,0.3872127121615748
Server3_1329,Server3_443,50.0,0.3872127121615748
Server3_820,Server3_1813,50.0,0.3595999928772944
Server3_1813,Server3_820,50.0,0.3595999928772944
Server3_820,Server3_803,50.0,0.4038028790158554
Server3_803,Server3_820,50.0,0.4038028790158554
Server3_468,Server3_1211,50.0,0.4558425649700567
Server3_1211,Server3_468,50.0,0.4558425649700567
Server3_1484,Server3_313,50.0,0.2791644522805156
Server3_313,Server3_1484,50.0,0.2791644522805156
Server3_1484,Server3_1028,50.0,0.3272757469511506
Server3_1028,Server3_1484,50.0,0.3272757469511506
Server3_1524,Server3_1054,50.0,0.4072055880151434
Server3_1054,Server3_1524,50.0,0.4072055880151434
Server3_1524,Server3_225,50.0,0.4493316875716622
Server3_225,Server3_1524,50.0,0.4493316875716622
Server3_1524,Server3_530,1.0,2000.0
Server3_530,Server3_1524,1.0,2000.0
Server3_1524,Server3_1610,50.0,0.4157220636262982
Server3_1610,Server3_1524,50.0,0.4157220636262982
Server3_1218,Server3_1981,50.0,0.4117193264683832
Server3_1981,Server3_1218,50.0,0.4117193264683832
Server3_1218,Server3_1043,50.0,0.5260350085982665
Server3_1043,Server3_1218,50.0,0.5260350085982665
Server3_1043,Server3_33,50.0,0.3070278490376372
Server3_33,Server3_1043,50.0,0.3070278490376372
Server3_1043,Server3_335,50.0,0.4034159528530416
Server3_335,Server3_1043,50.0,0.4034159528530416
Server3_17,Server3_1495,50.0,0.2742147996137484
Server3_1495,Server3_17,50.0,0.2742147996137484
Server3_17,Server3_880,50.0,0.4129210641593064
Server3_880,Server3_17,50.0,0.4129210641593064
Server3_17,Server3_1057,50.0,0.3274447707416096
Server3_1057,Server3_17,50.0,0.3274447707416096
Server3_1738,Server3_1582,50.0,0.4071233942677264
Server3_1582,Server3_1738,50.0,0.4071233942677264
Server3_1738,Server3_659,1.0,2000.0
Server3_659,Server3_1738,1.0,2000.0
Server3_988,Server3_943,50.0,0.4652082027711411
Server3_943,Server3_988,50.0,0.4652082027711411
Server3_988,Server3_161,50.0,0.4412524750544099
Server3_161,Server3_988,50.0,0.4412524750544099
Server3_988,Server3_1421,50.0,0.5025130755744299
Server3_1421,Server3_988,50.0,0.5025130755744299
Server3_988,Server3_745,1.0,2000.0
Server3_745,Server3_988,1.0,2000.0
Server3_135,Server3_502,1.0,2000.0
Server3_502,Server3_135,1.0,2000.0
Server3_135,Server3_437,50.0,0.3657520083278707
Server3_437,Server3_135,50.0,0.3657520083278707
Server3_1744,Server3_847,50.0,0.394264523273208
Server3_847,Server3_1744,50.0,0.394264523273208
Server3_1744,Server3_605,50.0,0.378325857781048
Server3_605,Server3_1744,50.0,0.378325857781048
Server3_1744,Server3_1686,50.0,0.4511168689894519
Server3_1686,Server3_1744,50.0,0.4511168689894519
Server3_1744,Server3_1876,50.0,0.5684198398274706
Server3_1876,Server3_1744,50.0,0.5684198398274706
Server3_916,Server3_1143,50.0,0.376124323592579
Server3_1143,Server3_916,50.0,0.376124323592579
Server3_278,Server3_236,50.0,0.4170063587988291
Server3_236,Server3_278,50.0,0.4170063587988291
Server3_278,Server3_1384,50.0,0.3959172962693181
Server3_1384,Server3_278,50.0,0.3959172962693181
Server3_278,Server3_1700,50.0,0.3814371415810457
Server3_1700,Server3_278,50.0,0.3814371415810457
Server3_1748,Server3_1700,50.0,0.32050653154646
Server3_1700,Server3_1748,50.0,0.32050653154646
Server3_1748,Server3_1036,50.0,0.5166849830285938
Server3_1036,Server3_1748,50.0,0.5166849830285938
Server3_1963,Server3_222,50.0,0.3446590384676641
Server3_222,Server3_1963,50.0,0.3446590384676641
Server3_1963,Server3_62,50.0,0.2857477572114622
Server3_62,Server3_1963,50.0,0.2857477572114622
Server3_924,Server3_721,50.0,0.367670159222379
Server3_721,Server3_924,50.0,0.367670159222379
Server3_927,Server3_458,50.0,0.40176297613933
Server3_458,Server3_927,50.0,0.40176297613933
Server3_927,Server3_1237,50.0,0.4578407967919183
Server3_1237,Server3_927,50.0,0.4578407967919183
Server3_1137,Server3_469,50.0,0.3834155961149701
Server3_469,Server3_1137,50.0,0.3834155961149701
Server3_1137,Server3_264,50.0,0.322673575641434
Server3_264,Server3_1137,50.0,0.322673575641434
Server3_1137,Server3_1494,50.0,0.3904583109382414
Server3_1494,Server3_1137,50.0,0.3904583109382414
Server3_262,Server3_1073,50.0,0.2893401213234331
Server3_1073,Server3_262,50.0,0.2893401213234331
Server3_262,Server3_247,50.0,0.5188350132569878
Server3_247,Server3_262,50.0,0.5188350132569878
Server3_262,Server3_1983,1.0,2000.0
Server3_1983,Server3_262,1.0,2000.0
Server3_1872,Server3_1648,50.0,0.4286517471587544
Server3_1648,Server3_1872,50.0,0.4286517471587544
Server3_1785,Server3_980,50.0,0.3687857930728332
Server3_980,Server3_1785,50.0,0.3687857930728332
Server3_1785,Server3_335,50.0,0.4210270118757143
Server3_335,Server3_1785,50.0,0.4210270118757143
Server3_1785,Server3_888,50.0,0.3432990426802688
Server3_888,Server3_1785,50.0,0.3432990426802688
Server3_237,Server3_918,50.0,0.2877871049764732
Server3_918,Server3_237,50.0,0.2877871049764732
Server3_237,Server3_1316,50.0,0.4882593042242941
Server3_1316,Server3_237,50.0,0.4882593042242941
Server3_237,Server3_333,50.0,0.3309710104836562
Server3_333,Server3_237,50.0,0.3309710104836562
Server3_234,Server3_1105,50.0,0.3264065753148186
Server3_1105,Server3_234,50.0,0.3264065753148186
Server3_234,Server3_923,50.0,0.3396149673556046
Server3_923,Server3_234,50.0,0.3396149673556046
Server3_234,Server3_961,1.0,2000.0
Server3_961,Server3_234,1.0,2000.0
Server3_234,Server3_1998,50.0,0.4262486227268409
Server3_1998,Server3_234,50.0,0.4262486227268409
Server3_180,Server3_1890,50.0,0.3821816361130154
Server3_1890,Server3_180,50.0,0.3821816361130154
Server3_180,Server3_779,50.0,0.5381070362541523
Server3_779,Server3_180,50.0,0.5381070362541523
Server3_43,Server3_1119,50.0,0.2732416889419232
Server3_1119,Server3_43,50.0,0.2732416889419232
Server3_43,Server3_1509,50.0,0.319659460570898
Server3_1509,Server3_43,50.0,0.319659460570898
Server3_43,Server3_285,50.0,0.3898018892113704
Server3_285,Server3_43,50.0,0.3898018892113704
Server3_1085,Server3_184,50.0,0.3347169754049208
Server3_184,Server3_1085,50.0,0.3347169754049208
Server3_1085,Server3_1451,50.0,0.402002543112812
Server3_1451,Server3_1085,50.0,0.402002543112812
Server3_1085,Server3_760,50.0,0.4095135996694416
Server3_760,Server3_1085,50.0,0.4095135996694416
Server3_33,Server3_335,50.0,0.3336211939979058
Server3_335,Server3_33,50.0,0.3336211939979058
Server3_33,Server3_1785,50.0,0.3661518539414224
Server3_1785,Server3_33,50.0,0.3661518539414224
Server3_1230,Server3_1113,50.0,0.3286371294466981
Server3_1113,Server3_1230,50.0,0.3286371294466981
Server3_1230,Server3_1562,50.0,0.3633799949992696
Server3_1562,Server3_1230,50.0,0.3633799949992696
Server3_1230,Server3_1977,50.0,0.3587870047404191
Server3_1977,Server3_1230,50.0,0.3587870047404191
Server3_1923,Server3_580,50.0,0.3450777032539736
Server3_580,Server3_1923,50.0,0.3450777032539736
Server3_1923,Server3_414,50.0,0.3876833789198429
Server3_414,Server3_1923,50.0,0.3876833789198429
Server3_1923,Server3_1758,50.0,0.2880001635617546
Server3_1758,Server3_1923,50.0,0.2880001635617546
Server3_1721,Server3_1114,1.0,2000.0
Server3_1114,Server3_1721,1.0,2000.0
Server3_98,Server3_1656,50.0,0.415303841082116
Server3_1656,Server3_98,50.0,0.415303841082116
Server3_98,Server3_1120,50.0,0.4115019390175328
Server3_1120,Server3_98,50.0,0.4115019390175328
Server3_98,Server3_1982,50.0,0.4122601544937476
Server3_1982,Server3_98,50.0,0.4122601544937476
Server3_1227,Server3_401,50.0,0.435264539937886
Server3_401,Server3_1227,50.0,0.435264539937886
Server3_1227,Server3_1874,50.0,0.5195195811510367
Server3_1874,Server3_1227,50.0,0.5195195811510367
Server3_324,Server3_1903,50.0,0.4558990485458373
Server3_1903,Server3_324,50.0,0.4558990485458373
Server3_324,Server3_1222,50.0,0.4131269886779329
Server3_1222,Server3_324,50.0,0.4131269886779329
Server3_1699,Server3_86,50.0,0.2736511607411069
Server3_86,Server3_1699,50.0,0.2736511607411069
Server3_1699,Server3_200,50.0,0.2999412158053892
Server3_200,Server3_1699,50.0,0.2999412158053892
Server3_1699,Server3_1764,50.0,0.4207603445677058
Server3_1764,Server3_1699,50.0,0.4207603445677058
Server3_1699,Server3_1435,50.0,0.3541287288185404
Server3_1435,Server3_1699,50.0,0.3541287288185404
Server3_15,Server3_1312,1.0,2000.0
Server3_1312,Server3_15,1.0,2000.0
Server3_15,Server3_989,50.0,0.4083948145638804
Server3_989,Server3_15,50.0,0.4083948145638804
Server3_1223,Server3_1990,50.0,0.4832508438374873
Server3_1990,Server3_1223,50.0,0.4832508438374873
Server3_1223,Server3_128,50.0,0.4665288505363431
Server3_128,Server3_1223,50.0,0.4665288505363431
Server3_1223,Server3_1696,50.0,0.3769096219315344
Server3_1696,Server3_1223,50.0,0.3769096219315344
Server3_1223,Server3_870,1.0,2000.0
Server3_870,Server3_1223,1.0,2000.0
Server3_1026,Server3_852,50.0,0.3554951104148466
Server3_852,Server3_1026,50.0,0.3554951104148466
Server3_1026,Server3_1975,50.0,0.4081628420032538
Server3_1975,Server3_1026,50.0,0.4081628420032538
Server3_1026,Server3_68,50.0,0.3374531256267076
Server3_68,Server3_1026,50.0,0.3374531256267076
Server3_1676,Server3_562,50.0,0.445584453963062
Server3_562,Server3_1676,50.0,0.445584453963062
Server3_1676,Server3_1108,50.0,0.3845477464773692
Server3_1108,Server3_1676,50.0,0.3845477464773692
Server3_1676,Server3_990,50.0,0.4699517724508776
Server3_990,Server3_1676,50.0,0.4699517724508776
Server3_787,Server3_4,50.0,0.3822367393757371
Server3_4,Server3_787,50.0,0.3822367393757371
Server3_643,Server3_241,50.0,0.5022130484654246
Server3_241,Server3_643,50.0,0.5022130484654246
Server3_643,Server3_956,1.0,2000.0
Server3_956,Server3_643,1.0,2000.0
Server3_968,Server3_1859,50.0,0.393830016593475
Server3_1859,Server3_968,50.0,0.393830016593475
Server3_968,Server3_1866,50.0,0.4532215552553747
Server3_1866,Server3_968,50.0,0.4532215552553747
Server3_968,Server3_380,50.0,0.3971616703481274
Server3_380,Server3_968,50.0,0.3971616703481274
Server3_1440,Server3_981,50.0,0.3207959483710056
Server3_981,Server3_1440,50.0,0.3207959483710056
Server3_1440,Server3_209,50.0,0.3206203296090539
Server3_209,Server3_1440,50.0,0.3206203296090539
Server3_1440,Server3_231,50.0,0.2848060289934789
Server3_231,Server3_1440,50.0,0.2848060289934789
Server3_177,Server3_629,50.0,0.344195091142748
Server3_629,Server3_177,50.0,0.344195091142748
Server3_44,Server3_1582,50.0,0.2693914173260284
Server3_1582,Server3_44,50.0,0.2693914173260284
Server3_44,Server3_501,50.0,0.3988407769575559
Server3_501,Server3_44,50.0,0.3988407769575559
Server3_1821,Server3_1015,1.0,2000.0
Server3_1015,Server3_1821,1.0,2000.0
Server3_1821,Server3_1839,50.0,0.3947963299574672
Server3_1839,Server3_1821,50.0,0.3947963299574672
Server3_1821,Server3_658,50.0,0.3569075186369139
Server3_658,Server3_1821,50.0,0.3569075186369139
Server3_92,Server3_1115,50.0,0.3412905660159068
Server3_1115,Server3_92,50.0,0.3412905660159068
Server3_92,Server3_1924,50.0,0.334895712941017
Server3_1924,Server3_92,50.0,0.334895712941017
Server3_982,Server3_1983,1.0,2000.0
Server3_1983,Server3_982,1.0,2000.0
Server3_982,Server3_1074,50.0,0.3531647301193319
Server3_1074,Server3_982,50.0,0.3531647301193319
Server3_1011,Server3_480,50.0,0.4051731133877678
Server3_480,Server3_1011,50.0,0.4051731133877678
Server3_1011,Server3_743,50.0,0.3816778013890008
Server3_743,Server3_1011,50.0,0.3816778013890008
Server3_1331,Server3_1929,50.0,0.3312702671601385
Server3_1929,Server3_1331,50.0,0.3312702671601385
Server3_1331,Server3_1192,50.0,0.278216638041933
Server3_1192,Server3_1331,50.0,0.278216638041933
Server3_1331,Server3_1548,50.0,0.3558845606142279
Server3_1548,Server3_1331,50.0,0.3558845606142279
Server3_1447,Server3_907,50.0,0.3912936897618921
Server3_907,Server3_1447,50.0,0.3912936897618921
Server3_1447,Server3_1398,50.0,0.312581490108099
Server3_1398,Server3_1447,50.0,0.312581490108099
Server3_1447,Server3_218,50.0,0.3501204639484208
Server3_218,Server3_1447,50.0,0.3501204639484208
Server3_1447,Server3_1145,50.0,0.4861018480876417
Server3_1145,Server3_1447,50.0,0.4861018480876417
Server3_1419,Server3_1455,50.0,0.4033463085167374
Server3_1455,Server3_1419,50.0,0.4033463085167374
Server3_1419,Server3_1504,50.0,0.3574289071767318
Server3_1504,Server3_1419,50.0,0.3574289071767318
Server3_1912,Server3_1603,50.0,0.3807623948640078
Server3_1603,Server3_1912,50.0,0.3807623948640078
Server3_1912,Server3_1750,50.0,0.4213873563584244
Server3_1750,Server3_1912,50.0,0.4213873563584244
Server3_113,Server3_252,50.0,0.3857188104052728
Server3_252,Server3_113,50.0,0.3857188104052728
Server3_113,Server3_1319,50.0,0.4054885084412036
Server3_1319,Server3_113,50.0,0.4054885084412036
Server3_113,Server3_650,50.0,0.4128446562360876
Server3_650,Server3_113,50.0,0.4128446562360876
Server3_1014,Server3_1613,1.0,2000.0
Server3_1613,Server3_1014,1.0,2000.0
Server3_1014,Server3_1663,50.0,0.3488965816443216
Server3_1663,Server3_1014,50.0,0.3488965816443216
Server3_1014,Server3_1698,50.0,0.5621783443884871
Server3_1698,Server3_1014,50.0,0.5621783443884871
Server3_1956,Server3_1029,50.0,0.3469833390653981
Server3_1029,Server3_1956,50.0,0.3469833390653981
Server3_1956,Server3_236,50.0,0.3583686620317036
Server3_236,Server3_1956,50.0,0.3583686620317036
Server3_1956,Server3_1036,50.0,0.3769195594480926
Server3_1036,Server3_1956,50.0,0.3769195594480926
Server3_1956,Server3_1806,50.0,0.3374590539745102
Server3_1806,Server3_1956,50.0,0.3374590539745102
Server3_48,Server3_93,1.0,2000.0
Server3_93,Server3_48,1.0,2000.0
Server3_963,Server3_421,50.0,0.4771368448220567
Server3_421,Server3_963,50.0,0.4771368448220567
Server3_963,Server3_1520,50.0,0.410777212527087
Server3_1520,Server3_963,50.0,0.410777212527087
Server3_657,Server3_1927,1.0,2000.0
Server3_1927,Server3_657,1.0,2000.0
Server3_657,Server3_1844,50.0,0.3697831426476194
Server3_1844,Server3_657,50.0,0.3697831426476194
Server3_657,Server3_1918,50.0,0.3106284114386555
Server3_1918,Server3_657,50.0,0.3106284114386555
Server3_1031,Server3_1452,50.0,0.415759478697016
Server3_1452,Server3_1031,50.0,0.415759478697016
Server3_1031,Server3_310,50.0,0.4477890256051162
Server3_310,Server3_1031,50.0,0.4477890256051162
Server3_588,Server3_250,50.0,0.2856478837729266
Server3_250,Server3_588,50.0,0.2856478837729266
Server3_588,Server3_1171,50.0,0.367849694183834
Server3_1171,Server3_588,50.0,0.367849694183834
Server3_588,Server3_217,50.0,0.3987791839818663
Server3_217,Server3_588,50.0,0.3987791839818663
Server3_549,Server3_919,50.0,0.4388722446302498
Server3_919,Server3_549,50.0,0.4388722446302498
Server3_549,Server3_1263,50.0,0.2868019645682397
Server3_1263,Server3_549,50.0,0.2868019645682397
Server3_1421,Server3_1844,50.0,0.4165396119147313
Server3_1844,Server3_1421,50.0,0.4165396119147313
Server3_1421,Server3_745,1.0,2000.0
Server3_745,Server3_1421,1.0,2000.0
Server3_1521,Server3_80,50.0,0.3957481325350468
Server3_80,Server3_1521,50.0,0.3957481325350468
Server3_1163,Server3_1521,50.0,0.397173128805641
Server3_1521,Server3_1163,50.0,0.397173128805641
Server3_1163,Server3_604,50.0,0.4638149435123041
Server3_604,Server3_1163,50.0,0.4638149435123041
Server3_1649,Server3_936,50.0,0.34643156181321
Server3_936,Server3_1649,50.0,0.34643156181321
Server3_373,Server3_1137,50.0,0.318043619336722
Server3_1137,Server3_373,50.0,0.318043619336722
Server3_1240,Server3_305,50.0,0.3794485871614296
Server3_305,Server3_1240,50.0,0.3794485871614296
Server3_1644,Server3_721,50.0,0.3642757283539465
Server3_721,Server3_1644,50.0,0.3642757283539465
Server3_1644,Server3_1216,50.0,0.3588323258050304
Server3_1216,Server3_1644,50.0,0.3588323258050304
Server3_1680,Server3_480,50.0,0.3569551199747046
Server3_480,Server3_1680,50.0,0.3569551199747046
Server3_1680,Server3_304,50.0,0.3048895522274988
Server3_304,Server3_1680,50.0,0.3048895522274988
Server3_1680,Server3_791,50.0,0.3726827647216938
Server3_791,Server3_1680,50.0,0.3726827647216938
Server3_1680,Server3_211,50.0,0.3435708586330066
Server3_211,Server3_1680,50.0,0.3435708586330066
Server3_719,Server3_332,1.0,2000.0
Server3_332,Server3_719,1.0,2000.0
Server3_719,Server3_470,50.0,0.499720252396511
Server3_470,Server3_719,50.0,0.499720252396511
Server3_719,Server3_1932,1.0,2000.0
Server3_1932,Server3_719,1.0,2000.0
Server3_1070,Server3_283,1.0,2000.0
Server3_283,Server3_1070,1.0,2000.0
Server3_1070,Server3_1950,50.0,0.3253637218995992
Server3_1950,Server3_1070,50.0,0.3253637218995992
Server3_1070,Server3_619,50.0,0.4016922253545498
Server3_619,Server3_1070,50.0,0.4016922253545498
Server3_1618,Server3_374,50.0,0.3588175031360486
Server3_374,Server3_1618,50.0,0.3588175031360486
Server3_1618,Server3_280,50.0,0.3257426735773804
Server3_280,Server3_1618,50.0,0.3257426735773804
Server3_1618,Server3_355,50.0,0.4194537904361106
Server3_355,Server3_1618,50.0,0.4194537904361106
Server3_1618,Server3_1900,50.0,0.315879088385448
Server3_1900,Server3_1618,50.0,0.315879088385448
Server3_1615,Server3_565,50.0,0.4062922061679906
Server3_565,Server3_1615,50.0,0.4062922061679906
Server3_1615,Server3_1640,50.0,0.3969688781559903
Server3_1640,Server3_1615,50.0,0.3969688781559903
Server3_1615,Server3_1320,50.0,0.4399632769422968
Server3_1320,Server3_1615,50.0,0.4399632769422968
Server3_1069,Server3_1300,50.0,0.485554862608978
Server3_1300,Server3_1069,50.0,0.485554862608978
Server3_1069,Server3_1554,50.0,0.5183008819866284
Server3_1554,Server3_1069,50.0,0.5183008819866284
Server3_1069,Server3_111,1.0,2000.0
Server3_111,Server3_1069,1.0,2000.0
Server3_1069,Server3_1552,50.0,0.3968596341542452
Server3_1552,Server3_1069,50.0,0.3968596341542452
Server3_1604,Server3_1955,50.0,0.4405307829270158
Server3_1955,Server3_1604,50.0,0.4405307829270158
Server3_1604,Server3_1868,50.0,0.369912126833014
Server3_1868,Server3_1604,50.0,0.369912126833014
Server3_1604,Server3_527,50.0,0.3713508620397544
Server3_527,Server3_1604,50.0,0.3713508620397544
Server3_1604,Server3_634,50.0,0.4227530141954852
Server3_634,Server3_1604,50.0,0.4227530141954852
Server3_469,Server3_1120,50.0,0.3946438948050352
Server3_1120,Server3_469,50.0,0.3946438948050352
Server3_469,Server3_1982,50.0,0.4055626801166792
Server3_1982,Server3_469,50.0,0.4055626801166792
Server3_469,Server3_373,50.0,0.3286465211364756
Server3_373,Server3_469,50.0,0.3286465211364756
Server3_843,Server3_1636,50.0,0.3619919481973919
Server3_1636,Server3_843,50.0,0.3619919481973919
Server3_843,Server3_261,50.0,0.4867938521992504
Server3_261,Server3_843,50.0,0.4867938521992504
Server3_843,Server3_1397,1.0,2000.0
Server3_1397,Server3_843,1.0,2000.0
Server3_843,Server3_1700,50.0,0.4962817675986375
Server3_1700,Server3_843,50.0,0.4962817675986375
Server3_897,Server3_1469,1.0,2000.0
Server3_1469,Server3_897,1.0,2000.0
Server3_897,Server3_1106,50.0,0.3266942266327622
Server3_1106,Server3_897,50.0,0.3266942266327622
Server3_897,Server3_382,50.0,0.3189694123359038
Server3_382,Server3_897,50.0,0.3189694123359038
Server3_897,Server3_331,50.0,0.384988048264888
Server3_331,Server3_897,50.0,0.384988048264888
Server3_695,Server3_1821,50.0,0.3884389788449492
Server3_1821,Server3_695,50.0,0.3884389788449492
Server3_695,Server3_1370,50.0,0.3918531972807655
Server3_1370,Server3_695,50.0,0.3918531972807655
Server3_1381,Server3_670,50.0,0.3665355892007629
Server3_670,Server3_1381,50.0,0.3665355892007629
Server3_1381,Server3_1736,50.0,0.3926267782385798
Server3_1736,Server3_1381,50.0,0.3926267782385798
Server3_746,Server3_1452,50.0,0.3585637946208444
Server3_1452,Server3_746,50.0,0.3585637946208444
Server3_746,Server3_1145,50.0,0.374904678192854
Server3_1145,Server3_746,50.0,0.374904678192854
Server3_1049,Server3_1979,1.0,2000.0
Server3_1979,Server3_1049,1.0,2000.0
Server3_1049,Server3_647,50.0,0.3898594953599092
Server3_647,Server3_1049,50.0,0.3898594953599092
Server3_1049,Server3_1899,50.0,0.470075219910708
Server3_1899,Server3_1049,50.0,0.470075219910708
Server3_1049,Server3_216,1.0,2000.0
Server3_216,Server3_1049,1.0,2000.0
Server3_904,Server3_1247,50.0,0.4486701847717124
Server3_1247,Server3_904,50.0,0.4486701847717124
Server3_904,Server3_881,50.0,0.4421598761554882
Server3_881,Server3_904,50.0,0.4421598761554882
Server3_904,Server3_1276,50.0,0.441027659960265
Server3_1276,Server3_904,50.0,0.441027659960265
Server3_904,Server3_1067,1.0,2000.0
Server3_1067,Server3_904,1.0,2000.0
Server3_281,Server3_922,50.0,0.4042880528986282
Server3_922,Server3_281,50.0,0.4042880528986282
Server3_281,Server3_299,1.0,2000.0
Server3_299,Server3_281,1.0,2000.0
Server3_281,Server3_456,50.0,0.3254511386528643
Server3_456,Server3_281,50.0,0.3254511386528643
Server3_519,Server3_1445,50.0,0.4913957824675991
Server3_1445,Server3_519,50.0,0.4913957824675991
Server3_519,Server3_1640,50.0,0.5020201408111277
Server3_1640,Server3_519,50.0,0.5020201408111277
Server3_1768,Server3_1609,50.0,0.4156520893992724
Server3_1609,Server3_1768,50.0,0.4156520893992724
Server3_1044,Server3_1550,50.0,0.3471583774218372
Server3_1550,Server3_1044,50.0,0.3471583774218372
Server3_1044,Server3_163,50.0,0.3502281269798256
Server3_163,Server3_1044,50.0,0.3502281269798256
Server3_1044,Server3_987,50.0,0.4585247140477766
Server3_987,Server3_1044,50.0,0.4585247140477766
Server3_494,Server3_898,50.0,0.4142828756293898
Server3_898,Server3_494,50.0,0.4142828756293898
Server3_494,Server3_31,50.0,0.3178208033652058
Server3_31,Server3_494,50.0,0.3178208033652058
Server3_494,Server3_728,50.0,0.392505204898881
Server3_728,Server3_494,50.0,0.392505204898881
Server3_250,Server3_621,50.0,0.399008148582527
Server3_621,Server3_250,50.0,0.399008148582527
Server3_250,Server3_549,50.0,0.3113147559788686
Server3_549,Server3_250,50.0,0.3113147559788686
Server3_951,Server3_272,50.0,0.3648953645905112
Server3_272,Server3_951,50.0,0.3648953645905112
Server3_951,Server3_225,50.0,0.3912114671795835
Server3_225,Server3_951,50.0,0.3912114671795835
Server3_1791,Server3_1782,50.0,0.3357237128554834
Server3_1782,Server3_1791,50.0,0.3357237128554834
Server3_1791,Server3_1400,50.0,0.421374581328743
Server3_1400,Server3_1791,50.0,0.421374581328743
Server3_1960,Server3_478,50.0,0.3623285420809439
Server3_478,Server3_1960,50.0,0.3623285420809439
Server3_1960,Server3_1889,50.0,0.3443708855960444
Server3_1889,Server3_1960,50.0,0.3443708855960444
Server3_58,Server3_1476,1.0,2000.0
Server3_1476,Server3_58,1.0,2000.0
Server3_58,Server3_1146,50.0,0.4547908127201509
Server3_1146,Server3_58,50.0,0.4547908127201509
Server3_58,Server3_1743,50.0,0.3021202809860905
Server3_1743,Server3_58,50.0,0.3021202809860905
Server3_1420,Server3_1833,50.0,0.387142440522245
Server3_1833,Server3_1420,50.0,0.387142440522245
Server3_1420,Server3_1594,50.0,0.3676805974521916
Server3_1594,Server3_1420,50.0,0.3676805974521916
Server3_1420,Server3_110,50.0,0.3792931668586122
Server3_110,Server3_1420,50.0,0.3792931668586122
Server3_1420,Server3_1813,50.0,0.3296291552065602
Server3_1813,Server3_1420,50.0,0.3296291552065602
Server3_674,Server3_1813,50.0,0.3052604903672838
Server3_1813,Server3_674,50.0,0.3052604903672838
Server3_382,Server3_1469,1.0,2000.0
Server3_1469,Server3_382,1.0,2000.0
Server3_194,Server3_1503,50.0,0.318076133694746
Server3_1503,Server3_194,50.0,0.318076133694746
Server3_194,Server3_670,50.0,0.4162858960569429
Server3_670,Server3_194,50.0,0.4162858960569429
Server3_1944,Server3_789,50.0,0.3692767639860282
Server3_789,Server3_1944,50.0,0.3692767639860282
Server3_1944,Server3_1350,50.0,0.4262155391057234
Server3_1350,Server3_1944,50.0,0.4262155391057234
Server3_1944,Server3_1196,50.0,0.3840154843703786
Server3_1196,Server3_1944,50.0,0.3840154843703786
Server3_636,Server3_2,50.0,0.2741729365165684
Server3_2,Server3_636,50.0,0.2741729365165684
Server3_636,Server3_222,50.0,0.3045608547031413
Server3_222,Server3_636,50.0,0.3045608547031413
Server3_409,Server3_208,50.0,0.3601352892512762
Server3_208,Server3_409,50.0,0.3601352892512762
Server3_345,Server3_1488,50.0,0.3199077239627178
Server3_1488,Server3_345,50.0,0.3199077239627178
Server3_345,Server3_195,50.0,0.3768068610508972
Server3_195,Server3_345,50.0,0.3768068610508972
Server3_345,Server3_1450,1.0,2000.0
Server3_1450,Server3_345,1.0,2000.0
Server3_342,Server3_195,50.0,0.3923388285998126
Server3_195,Server3_342,50.0,0.3923388285998126
Server3_342,Server3_1239,50.0,0.2843718547942746
Server3_1239,Server3_342,50.0,0.2843718547942746
Server3_342,Server3_1419,50.0,0.4064050541416099
Server3_1419,Server3_342,50.0,0.4064050541416099
Server3_314,Server3_166,50.0,0.3967597278532443
Server3_166,Server3_314,50.0,0.3967597278532443
Server3_314,Server3_1285,50.0,0.5349835125438587
Server3_1285,Server3_314,50.0,0.5349835125438587
Server3_314,Server3_1455,50.0,0.474712318127704
Server3_1455,Server3_314,50.0,0.474712318127704
Server3_478,Server3_173,50.0,0.4124270741917452
Server3_173,Server3_478,50.0,0.4124270741917452
Server3_478,Server3_1889,50.0,0.3446007512905528
Server3_1889,Server3_478,50.0,0.3446007512905528
Server3_298,Server3_1668,50.0,0.4374740147067322
Server3_1668,Server3_298,50.0,0.4374740147067322
Server3_298,Server3_1722,50.0,0.3867184404466692
Server3_1722,Server3_298,50.0,0.3867184404466692
Server3_298,Server3_647,50.0,0.3472318193208468
Server3_647,Server3_298,50.0,0.3472318193208468
Server3_484,Server3_1507,50.0,0.3029816228581002
Server3_1507,Server3_484,50.0,0.3029816228581002
Server3_484,Server3_1505,50.0,0.29325730922977
Server3_1505,Server3_484,50.0,0.29325730922977
Server3_484,Server3_1051,50.0,0.3222175220258826
Server3_1051,Server3_484,50.0,0.3222175220258826
Server3_1562,Server3_230,50.0,0.2793301075081922
Server3_230,Server3_1562,50.0,0.2793301075081922
Server3_295,Server3_573,50.0,0.4814587358350493
Server3_573,Server3_295,50.0,0.4814587358350493
Server3_295,Server3_1478,50.0,0.4246366420612674
Server3_1478,Server3_295,50.0,0.4246366420612674
Server3_295,Server3_961,1.0,2000.0
Server3_961,Server3_295,1.0,2000.0
Server3_293,Server3_105,50.0,0.3371924809401628
Server3_105,Server3_293,50.0,0.3371924809401628
Server3_293,Server3_1744,50.0,0.4042377170449446
Server3_1744,Server3_293,50.0,0.4042377170449446
Server3_1750,Server3_413,50.0,0.4304819371878484
Server3_413,Server3_1750,50.0,0.4304819371878484
Server3_1750,Server3_1862,50.0,0.4664554816707778
Server3_1862,Server3_1750,50.0,0.4664554816707778
Server3_1750,Server3_1603,50.0,0.3441919515174598
Server3_1603,Server3_1750,50.0,0.3441919515174598
Server3_1769,Server3_1726,50.0,0.3975417131872538
Server3_1726,Server3_1769,50.0,0.3975417131872538
Server3_1769,Server3_1505,50.0,0.2970703341105305
Server3_1505,Server3_1769,50.0,0.2970703341105305
Server3_1769,Server3_884,50.0,0.3918950911576741
Server3_884,Server3_1769,50.0,0.3918950911576741
Server3_1775,Server3_1803,50.0,0.3725233272424076
Server3_1803,Server3_1775,50.0,0.3725233272424076
Server3_1775,Server3_1596,1.0,2000.0
Server3_1596,Server3_1775,1.0,2000.0
Server3_532,Server3_660,1.0,2000.0
Server3_660,Server3_532,1.0,2000.0
Server3_532,Server3_734,50.0,0.3556258391441534
Server3_734,Server3_532,50.0,0.3556258391441534
Server3_380,Server3_151,50.0,0.2986292815881395
Server3_151,Server3_380,50.0,0.2986292815881395
Server3_1503,Server3_778,50.0,0.3976565878987157
Server3_778,Server3_1503,50.0,0.3976565878987157
Server3_1847,Server3_1919,50.0,0.372751401352728
Server3_1919,Server3_1847,50.0,0.372751401352728
Server3_1847,Server3_986,50.0,0.4647553461191856
Server3_986,Server3_1847,50.0,0.4647553461191856
Server3_1878,Server3_286,50.0,0.4522200533700566
Server3_286,Server3_1878,50.0,0.4522200533700566
Server3_1878,Server3_516,50.0,0.4447367429767502
Server3_516,Server3_1878,50.0,0.4447367429767502
Server3_1878,Server3_1946,50.0,0.388706117283941
Server3_1946,Server3_1878,50.0,0.388706117283941
Server3_131,Server3_1996,50.0,0.3354155860735768
Server3_1996,Server3_131,50.0,0.3354155860735768
Server3_597,Server3_1871,50.0,0.3622240418281958
Server3_1871,Server3_597,50.0,0.3622240418281958
Server3_603,Server3_1559,50.0,0.3896908484337418
Server3_1559,Server3_603,50.0,0.3896908484337418
Server3_603,Server3_1362,1.0,2000.0
Server3_1362,Server3_603,1.0,2000.0
Server3_603,Server3_574,50.0,0.3086470540641435
Server3_574,Server3_603,50.0,0.3086470540641435
Server3_603,Server3_40,50.0,0.393182447523781
Server3_40,Server3_603,50.0,0.393182447523781
Server3_722,Server3_1929,50.0,0.3770376201490396
Server3_1929,Server3_722,50.0,0.3770376201490396
Server3_722,Server3_641,50.0,0.3096431419009151
Server3_641,Server3_722,50.0,0.3096431419009151
Server3_1071,Server3_406,1.0,2000.0
Server3_406,Server3_1071,1.0,2000.0
Server3_1071,Server3_1107,50.0,0.36971544558851
Server3_1107,Server3_1071,50.0,0.36971544558851
Server3_1071,Server3_269,50.0,0.392962929290541
Server3_269,Server3_1071,50.0,0.392962929290541
Server3_776,Server3_106,50.0,0.4653616047887664
Server3_106,Server3_776,50.0,0.4653616047887664
Server3_776,Server3_1919,50.0,0.334004410564288
Server3_1919,Server3_776,50.0,0.334004410564288
Server3_776,Server3_364,50.0,0.4638499088706599
Server3_364,Server3_776,50.0,0.4638499088706599
Server3_776,Server3_506,50.0,0.3661830681374258
Server3_506,Server3_776,50.0,0.3661830681374258
Server3_1332,Server3_545,50.0,0.3260555303474078
Server3_545,Server3_1332,50.0,0.3260555303474078
Server3_1332,Server3_1924,50.0,0.4315915256227512
Server3_1924,Server3_1332,50.0,0.4315915256227512
Server3_1332,Server3_851,50.0,0.4802608870215906
Server3_851,Server3_1332,50.0,0.4802608870215906
Server3_1332,Server3_1530,1.0,2000.0
Server3_1530,Server3_1332,1.0,2000.0
Server3_1021,Server3_1720,1.0,2000.0
Server3_1720,Server3_1021,1.0,2000.0
Server3_1021,Server3_1379,50.0,0.3630665262138623
Server3_1379,Server3_1021,50.0,0.3630665262138623
Server3_1021,Server3_1397,1.0,2000.0
Server3_1397,Server3_1021,1.0,2000.0
Server3_931,Server3_1082,50.0,0.3803053808985649
Server3_1082,Server3_931,50.0,0.3803053808985649
Server3_767,Server3_1516,50.0,0.399191482954635
Server3_1516,Server3_767,50.0,0.399191482954635
Server3_767,Server3_1747,50.0,0.3652812788449134
Server3_1747,Server3_767,50.0,0.3652812788449134
Server3_966,Server3_954,50.0,0.4306680428020578
Server3_954,Server3_966,50.0,0.4306680428020578
Server3_966,Server3_1363,50.0,0.5133478149922417
Server3_1363,Server3_966,50.0,0.5133478149922417
Server3_966,Server3_472,50.0,0.4985371591899931
Server3_472,Server3_966,50.0,0.4985371591899931
Server3_966,Server3_757,1.0,2000.0
Server3_757,Server3_966,1.0,2000.0
Server3_895,Server3_661,50.0,0.4072735762407642
Server3_661,Server3_895,50.0,0.4072735762407642
Server3_895,Server3_861,50.0,0.3078109782683524
Server3_861,Server3_895,50.0,0.3078109782683524
Server3_1220,Server3_1367,50.0,0.4374828099597932
Server3_1367,Server3_1220,50.0,0.4374828099597932
Server3_1220,Server3_1340,50.0,0.3385322676974154
Server3_1340,Server3_1220,50.0,0.3385322676974154
Server3_883,Server3_1170,50.0,0.3543134730878537
Server3_1170,Server3_883,50.0,0.3543134730878537
Server3_883,Server3_1001,50.0,0.4177066627132738
Server3_1001,Server3_883,50.0,0.4177066627132738
Server3_883,Server3_1997,50.0,0.3091461705063347
Server3_1997,Server3_883,50.0,0.3091461705063347
Server3_883,Server3_271,50.0,0.3808429404415562
Server3_271,Server3_883,50.0,0.3808429404415562
Server3_1035,Server3_758,50.0,0.3833072456896933
Server3_758,Server3_1035,50.0,0.3833072456896933
Server3_1035,Server3_1258,50.0,0.439780587664394
Server3_1258,Server3_1035,50.0,0.439780587664394
Server3_1035,Server3_1792,50.0,0.3744798949046896
Server3_1792,Server3_1035,50.0,0.3744798949046896
Server3_1035,Server3_1740,50.0,0.3549724624617108
Server3_1740,Server3_1035,50.0,0.3549724624617108
Server3_878,Server3_960,50.0,0.4610591042726899
Server3_960,Server3_878,50.0,0.4610591042726899
Server3_878,Server3_1630,50.0,0.3812565768166314
Server3_1630,Server3_878,50.0,0.3812565768166314
Server3_878,Server3_171,50.0,0.4209940034043371
Server3_171,Server3_878,50.0,0.4209940034043371
Server3_878,Server3_1812,1.0,2000.0
Server3_1812,Server3_878,1.0,2000.0
Server3_1150,Server3_1455,50.0,0.3811700560947686
Server3_1455,Server3_1150,50.0,0.3811700560947686
Server3_1150,Server3_1239,50.0,0.3925900696405914
Server3_1239,Server3_1150,50.0,0.3925900696405914
Server3_1152,Server3_111,1.0,2000.0
Server3_111,Server3_1152,1.0,2000.0
Server3_1152,Server3_1758,50.0,0.3946100351299492
Server3_1758,Server3_1152,50.0,0.3946100351299492
Server3_973,Server3_1143,50.0,0.3322345538145786
Server3_1143,Server3_973,50.0,0.3322345538145786
Server3_973,Server3_916,50.0,0.3356664624547792
Server3_916,Server3_973,50.0,0.3356664624547792
Server3_973,Server3_95,50.0,0.344991386923074
Server3_95,Server3_973,50.0,0.344991386923074
Server3_973,Server3_682,50.0,0.3407010444934181
Server3_682,Server3_973,50.0,0.3407010444934181
Server3_821,Server3_1933,50.0,0.4614606230587563
Server3_1933,Server3_821,50.0,0.4614606230587563
Server3_821,Server3_684,50.0,0.4282142653447245
Server3_684,Server3_821,50.0,0.4282142653447245
Server3_1052,Server3_884,50.0,0.3923513474743211
Server3_884,Server3_1052,50.0,0.3923513474743211
Server3_830,Server3_1178,50.0,0.4066753153512976
Server3_1178,Server3_830,50.0,0.4066753153512976
Server3_833,Server3_743,50.0,0.4381948861112306
Server3_743,Server3_833,50.0,0.4381948861112306
Server3_833,Server3_1806,50.0,0.2901740024803584
Server3_1806,Server3_833,50.0,0.2901740024803584
Server3_833,Server3_1029,50.0,0.3829238668406958
Server3_1029,Server3_833,50.0,0.3829238668406958
Server3_1123,Server3_1902,50.0,0.3610428957522132
Server3_1902,Server3_1123,50.0,0.3610428957522132
Server3_1123,Server3_203,50.0,0.3819178726024651
Server3_203,Server3_1123,50.0,0.3819178726024651
Server3_756,Server3_1372,50.0,0.2870991934365138
Server3_1372,Server3_756,50.0,0.2870991934365138
Server3_756,Server3_1660,50.0,0.3128767046426496
Server3_1660,Server3_756,50.0,0.3128767046426496
Server3_200,Server3_86,50.0,0.368242458931042
Server3_86,Server3_200,50.0,0.368242458931042
Server3_200,Server3_683,50.0,0.3612482619267862
Server3_683,Server3_200,50.0,0.3612482619267862
Server3_651,Server3_1150,50.0,0.5070837488554771
Server3_1150,Server3_651,50.0,0.5070837488554771
Server3_651,Server3_621,50.0,0.4190656358971511
Server3_621,Server3_651,50.0,0.4190656358971511
Server3_136,Server3_511,50.0,0.4055663600053778
Server3_511,Server3_136,50.0,0.4055663600053778
Server3_136,Server3_1106,50.0,0.3235004078907115
Server3_1106,Server3_136,50.0,0.3235004078907115
Server3_136,Server3_1225,50.0,0.377421360750913
Server3_1225,Server3_136,50.0,0.377421360750913
Server3_136,Server3_624,50.0,0.3599796608043962
Server3_624,Server3_136,50.0,0.3599796608043962
Server3_1815,Server3_1713,50.0,0.3702268402706302
Server3_1713,Server3_1815,50.0,0.3702268402706302
Server3_1460,Server3_1877,50.0,0.4889980284895705
Server3_1877,Server3_1460,50.0,0.4889980284895705
Server3_634,Server3_527,50.0,0.3501558980083718
Server3_527,Server3_634,50.0,0.3501558980083718
Server3_634,Server3_451,50.0,0.4023287365677063
Server3_451,Server3_634,50.0,0.4023287365677063
Server3_634,Server3_1868,50.0,0.3684332765638528
Server3_1868,Server3_634,50.0,0.3684332765638528
Server3_634,Server3_1265,1.0,2000.0
Server3_1265,Server3_634,1.0,2000.0
Server3_615,Server3_1800,50.0,0.401450848309633
Server3_1800,Server3_615,50.0,0.401450848309633
Server3_615,Server3_1535,50.0,0.3724200411934563
Server3_1535,Server3_615,50.0,0.3724200411934563
Server3_183,Server3_1297,50.0,0.5362972016208377
Server3_1297,Server3_183,50.0,0.5362972016208377
Server3_183,Server3_1971,50.0,0.428471388039258
Server3_1971,Server3_183,50.0,0.428471388039258
Server3_1838,Server3_2,50.0,0.383438063340447
Server3_2,Server3_1838,50.0,0.383438063340447
Server3_1838,Server3_1484,50.0,0.3354538126261584
Server3_1484,Server3_1838,50.0,0.3354538126261584
Server3_945,Server3_72,50.0,0.4299169395247293
Server3_72,Server3_945,50.0,0.4299169395247293
Server3_945,Server3_1007,50.0,0.5407727382627706
Server3_1007,Server3_945,50.0,0.5407727382627706
Server3_945,Server3_1155,50.0,0.4430687976051403
Server3_1155,Server3_945,50.0,0.4430687976051403
Server3_591,Server3_1315,1.0,2000.0
Server3_1315,Server3_591,1.0,2000.0
Server3_591,Server3_1136,50.0,0.3372618829316762
Server3_1136,Server3_591,50.0,0.3372618829316762
Server3_1001,Server3_271,50.0,0.3674070379436538
Server3_271,Server3_1001,50.0,0.3674070379436538
Server3_1001,Server3_1466,50.0,0.3742365131265926
Server3_1466,Server3_1001,50.0,0.3742365131265926
Server3_1001,Server3_942,50.0,0.3188670424980806
Server3_942,Server3_1001,50.0,0.3188670424980806
Server3_1001,Server3_994,50.0,0.4165945304465088
Server3_994,Server3_1001,50.0,0.4165945304465088
Server3_225,Server3_940,50.0,0.3298855878735602
Server3_940,Server3_225,50.0,0.3298855878735602
Server3_225,Server3_130,50.0,0.3874203785672206
Server3_130,Server3_225,50.0,0.3874203785672206
Server3_1582,Server3_1820,50.0,0.3989392418967149
Server3_1820,Server3_1582,50.0,0.3989392418967149
Server3_845,Server3_130,50.0,0.3732644813436114
Server3_130,Server3_845,50.0,0.3732644813436114
Server3_845,Server3_885,50.0,0.3870189078765702
Server3_885,Server3_845,50.0,0.3870189078765702
Server3_845,Server3_782,50.0,0.4222905854855704
Server3_782,Server3_845,50.0,0.4222905854855704
Server3_845,Server3_1219,50.0,0.4200753896329818
Server3_1219,Server3_845,50.0,0.4200753896329818
Server3_453,Server3_1629,50.0,0.5242349138598423
Server3_1629,Server3_453,50.0,0.5242349138598423
Server3_453,Server3_1002,50.0,0.37951738351684
Server3_1002,Server3_453,50.0,0.37951738351684
Server3_453,Server3_1580,50.0,0.2894639708279438
Server3_1580,Server3_453,50.0,0.2894639708279438
Server3_453,Server3_1876,50.0,0.6470653375032157
Server3_1876,Server3_453,50.0,0.6470653375032157
Server3_447,Server3_555,50.0,0.362313963499875
Server3_555,Server3_447,50.0,0.362313963499875
Server3_487,Server3_1625,50.0,0.3650463939990104
Server3_1625,Server3_487,50.0,0.3650463939990104
Server3_1563,Server3_71,50.0,0.3490769023165134
Server3_71,Server3_1563,50.0,0.3490769023165134
Server3_520,Server3_866,50.0,0.6378243643195987
Server3_866,Server3_520,50.0,0.6378243643195987
Server3_1655,Server3_1113,50.0,0.399739683318957
Server3_1113,Server3_1655,50.0,0.399739683318957
Server3_1655,Server3_997,50.0,0.4186133513765064
Server3_997,Server3_1655,50.0,0.4186133513765064
Server3_1655,Server3_186,50.0,0.4445522709374571
Server3_186,Server3_1655,50.0,0.4445522709374571
Server3_1655,Server3_1892,1.0,2000.0
Server3_1892,Server3_1655,1.0,2000.0
Server3_1526,Server3_211,50.0,0.320026775862989
Server3_211,Server3_1526,50.0,0.320026775862989
Server3_1526,Server3_973,50.0,0.3119995374820596
Server3_973,Server3_1526,50.0,0.3119995374820596
Server3_1690,Server3_1976,50.0,0.3607799767616399
Server3_1976,Server3_1690,50.0,0.3607799767616399
Server3_1690,Server3_452,50.0,0.3560268837247885
Server3_452,Server3_1690,50.0,0.3560268837247885
Server3_1690,Server3_1709,50.0,0.3599218498635898
Server3_1709,Server3_1690,50.0,0.3599218498635898
Server3_1515,Server3_1625,50.0,0.4441848148407611
Server3_1625,Server3_1515,50.0,0.4441848148407611
Server3_1515,Server3_1557,1.0,2000.0
Server3_1557,Server3_1515,1.0,2000.0
Server3_1515,Server3_1920,50.0,0.4234288654247914
Server3_1920,Server3_1515,50.0,0.4234288654247914
Server3_1513,Server3_1997,50.0,0.3193262771356752
Server3_1997,Server3_1513,50.0,0.3193262771356752
Server3_1713,Server3_1811,50.0,0.4035279634819789
Server3_1811,Server3_1713,50.0,0.4035279634819789
Server3_1713,Server3_1086,50.0,0.354527771031539
Server3_1086,Server3_1713,50.0,0.354527771031539
Server3_556,Server3_1707,50.0,0.3535274855971055
Server3_1707,Server3_556,50.0,0.3535274855971055
Server3_556,Server3_1362,1.0,2000.0
Server3_1362,Server3_556,1.0,2000.0
Server3_1735,Server3_2000,50.0,0.5536621905528253
Server3_2000,Server3_1735,50.0,0.5536621905528253
Server3_1735,Server3_1376,50.0,0.5816466731989057
Server3_1376,Server3_1735,50.0,0.5816466731989057
Server3_1735,Server3_568,1.0,2000.0
Server3_568,Server3_1735,1.0,2000.0
Server3_1735,Server3_965,50.0,0.4944480059217827
Server3_965,Server3_1735,50.0,0.4944480059217827
Server3_779,Server3_715,50.0,0.419637974822273
Server3_715,Server3_779,50.0,0.419637974822273
Server3_779,Server3_1422,50.0,0.336617822427163
Server3_1422,Server3_779,50.0,0.336617822427163
Server3_779,Server3_28,50.0,0.345840773398636
Server3_28,Server3_779,50.0,0.345840773398636
Server3_779,Server3_1024,50.0,0.380274516213999
Server3_1024,Server3_779,50.0,0.380274516213999
Server3_996,Server3_942,50.0,0.2968888413429236
Server3_942,Server3_996,50.0,0.2968888413429236
Server3_996,Server3_1877,50.0,0.4086059816683908
Server3_1877,Server3_996,50.0,0.4086059816683908
Server3_233,Server3_1022,50.0,0.5742280288707626
Server3_1022,Server3_233,50.0,0.5742280288707626
Server3_233,Server3_390,50.0,0.5089094821211032
Server3_390,Server3_233,50.0,0.5089094821211032
Server3_233,Server3_1883,50.0,0.535775237057966
Server3_1883,Server3_233,50.0,0.535775237057966
Server3_129,Server3_985,50.0,0.3893056467798798
Server3_985,Server3_129,50.0,0.3893056467798798
Server3_129,Server3_818,50.0,0.4132681028024236
Server3_818,Server3_129,50.0,0.4132681028024236
Server3_129,Server3_1627,50.0,0.3042355801068292
Server3_1627,Server3_129,50.0,0.3042355801068292
Server3_842,Server3_893,50.0,0.3992487374947225
Server3_893,Server3_842,50.0,0.3992487374947225
Server3_842,Server3_1600,1.0,2000.0
Server3_1600,Server3_842,1.0,2000.0
Server3_842,Server3_784,50.0,0.3926408612828925
Server3_784,Server3_842,50.0,0.3926408612828925
Server3_1364,Server3_627,50.0,0.3792876622139686
Server3_627,Server3_1364,50.0,0.3792876622139686
Server3_1364,Server3_451,50.0,0.4516528363747148
Server3_451,Server3_1364,50.0,0.4516528363747148
Server3_1396,Server3_660,1.0,2000.0
Server3_660,Server3_1396,1.0,2000.0
Server3_1396,Server3_58,50.0,0.4236777557179582
Server3_58,Server3_1396,50.0,0.4236777557179582
Server3_1396,Server3_474,50.0,0.3975736622528517
Server3_474,Server3_1396,50.0,0.3975736622528517
Server3_1396,Server3_1437,50.0,0.4320914376175492
Server3_1437,Server3_1396,50.0,0.4320914376175492
Server3_76,Server3_1364,50.0,0.5303642252309384
Server3_1364,Server3_76,50.0,0.5303642252309384
Server3_76,Server3_558,50.0,0.3028098938549329
Server3_558,Server3_76,50.0,0.3028098938549329
Server3_76,Server3_505,1.0,2000.0
Server3_505,Server3_76,1.0,2000.0
Server3_76,Server3_61,50.0,0.437571270178703
Server3_61,Server3_76,50.0,0.437571270178703
Server3_1344,Server3_1302,1.0,2000.0
Server3_1302,Server3_1344,1.0,2000.0
Server3_125,Server3_530,1.0,2000.0
Server3_530,Server3_125,1.0,2000.0
Server3_125,Server3_185,50.0,0.3397491420873234
Server3_185,Server3_125,50.0,0.3397491420873234
Server3_125,Server3_535,50.0,0.3867558570671956
Server3_535,Server3_125,50.0,0.3867558570671956
Server3_666,Server3_653,1.0,2000.0
Server3_653,Server3_666,1.0,2000.0
Server3_413,Server3_1603,50.0,0.2924292536170844
Server3_1603,Server3_413,50.0,0.2924292536170844
Server3_854,Server3_79,50.0,0.323942175509867
Server3_79,Server3_854,50.0,0.323942175509867
Server3_854,Server3_991,50.0,0.2821746973440418
Server3_991,Server3_854,50.0,0.2821746973440418
Server3_942,Server3_1666,50.0,0.3637308377072661
Server3_1666,Server3_942,50.0,0.3637308377072661
Server3_942,Server3_355,50.0,0.353825784987816
Server3_355,Server3_942,50.0,0.353825784987816
Server3_422,Server3_1013,1.0,2000.0
Server3_1013,Server3_422,1.0,2000.0
Server3_422,Server3_35,50.0,0.3600459660538038
Server3_35,Server3_422,50.0,0.3600459660538038
Server3_1109,Server3_1409,50.0,0.363704058381548
Server3_1409,Server3_1109,50.0,0.363704058381548
Server3_1109,Server3_1623,50.0,0.3530505853311544
Server3_1623,Server3_1109,50.0,0.3530505853311544
Server3_1763,Server3_965,50.0,0.333963834068478
Server3_965,Server3_1763,50.0,0.333963834068478
Server3_1763,Server3_1853,50.0,0.4066311324924248
Server3_1853,Server3_1763,50.0,0.4066311324924248
Server3_1763,Server3_1477,50.0,0.4111213196137114
Server3_1477,Server3_1763,50.0,0.4111213196137114
Server3_1763,Server3_48,50.0,0.4585591386074822
Server3_48,Server3_1763,50.0,0.4585591386074822
Server3_592,Server3_1511,50.0,0.38531746934998
Server3_1511,Server3_592,50.0,0.38531746934998
Server3_592,Server3_1858,1.0,2000.0
Server3_1858,Server3_592,1.0,2000.0
Server3_592,Server3_1021,50.0,0.3298559006330129
Server3_1021,Server3_592,50.0,0.3298559006330129
Server3_592,Server3_364,50.0,0.3817396183540236
Server3_364,Server3_592,50.0,0.3817396183540236
Server3_96,Server3_106,50.0,0.368553152434923
Server3_106,Server3_96,50.0,0.368553152434923
Server3_96,Server3_986,50.0,0.4522132152176851
Server3_986,Server3_96,50.0,0.4522132152176851
Server3_96,Server3_1671,50.0,0.4533423652032914
Server3_1671,Server3_96,50.0,0.4533423652032914
Server3_1466,Server3_355,50.0,0.3563355456352576
Server3_355,Server3_1466,50.0,0.3563355456352576
Server3_1466,Server3_1387,50.0,0.3003093680992495
Server3_1387,Server3_1466,50.0,0.3003093680992495
Server3_191,Server3_159,50.0,0.3500789251908749
Server3_159,Server3_191,50.0,0.3500789251908749
Server3_191,Server3_521,50.0,0.3772762673386258
Server3_521,Server3_191,50.0,0.3772762673386258
Server3_112,Server3_1091,50.0,0.2797311153461346
Server3_1091,Server3_112,50.0,0.2797311153461346
Server3_112,Server3_1201,50.0,0.3406927994545895
Server3_1201,Server3_112,50.0,0.3406927994545895
Server3_112,Server3_859,1.0,2000.0
Server3_859,Server3_112,1.0,2000.0
Server3_112,Server3_399,50.0,0.4137435300256569
Server3_399,Server3_112,50.0,0.4137435300256569
Server3_1020,Server3_174,50.0,0.3969474800493886
Server3_174,Server3_1020,50.0,0.3969474800493886
Server3_1020,Server3_1404,50.0,0.5591979442554627
Server3_1404,Server3_1020,50.0,0.5591979442554627
Server3_1020,Server3_1846,50.0,0.4450264665130864
Server3_1846,Server3_1020,50.0,0.4450264665130864
Server3_773,Server3_1512,50.0,0.3799157972667836
Server3_1512,Server3_773,50.0,0.3799157972667836
Server3_773,Server3_18,50.0,0.2750813829887613
Server3_18,Server3_773,50.0,0.2750813829887613
Server3_424,Server3_264,50.0,0.3215915107173006
Server3_264,Server3_424,50.0,0.3215915107173006
Server3_1156,Server3_1892,1.0,2000.0
Server3_1892,Server3_1156,1.0,2000.0
Server3_1156,Server3_1230,50.0,0.4065546422372538
Server3_1230,Server3_1156,50.0,0.4065546422372538
Server3_1156,Server3_175,50.0,0.3417783753980054
Server3_175,Server3_1156,50.0,0.3417783753980054
Server3_1760,Server3_1118,50.0,0.3537608048731231
Server3_1118,Server3_1760,50.0,0.3537608048731231
Server3_401,Server3_1296,50.0,0.3625509199973446
Server3_1296,Server3_401,50.0,0.3625509199973446
Server3_401,Server3_466,50.0,0.3807814844934238
Server3_466,Server3_401,50.0,0.3807814844934238
Server3_401,Server3_789,50.0,0.3868152849822198
Server3_789,Server3_401,50.0,0.3868152849822198
Server3_401,Server3_1874,50.0,0.3362208202801273
Server3_1874,Server3_401,50.0,0.3362208202801273
Server3_59,Server3_543,50.0,0.3257948907309378
Server3_543,Server3_59,50.0,0.3257948907309378
Server3_59,Server3_1522,50.0,0.4140551738097335
Server3_1522,Server3_59,50.0,0.4140551738097335
Server3_59,Server3_669,50.0,0.365499380888001
Server3_669,Server3_59,50.0,0.365499380888001
Server3_59,Server3_1008,50.0,0.3624094040894413
Server3_1008,Server3_59,50.0,0.3624094040894413
Server3_1250,Server3_1036,50.0,0.3520593798141378
Server3_1036,Server3_1250,50.0,0.3520593798141378
Server3_1250,Server3_1806,50.0,0.3890859476764174
Server3_1806,Server3_1250,50.0,0.3890859476764174
Server3_1250,Server3_1787,50.0,0.3204994046586385
Server3_1787,Server3_1250,50.0,0.3204994046586385
Server3_1250,Server3_743,50.0,0.361059347127252
Server3_743,Server3_1250,50.0,0.361059347127252
Server3_1652,Server3_875,50.0,0.4899965729006809
Server3_875,Server3_1652,50.0,0.4899965729006809
Server3_1652,Server3_6,50.0,0.3625133074244881
Server3_6,Server3_1652,50.0,0.3625133074244881
Server3_1652,Server3_1563,50.0,0.3999340599543163
Server3_1563,Server3_1652,50.0,0.3999340599543163
Server3_1964,Server3_563,50.0,0.3517410617088747
Server3_563,Server3_1964,50.0,0.3517410617088747
Server3_1964,Server3_1463,1.0,2000.0
Server3_1463,Server3_1964,1.0,2000.0
Server3_551,Server3_239,50.0,0.447947435904565
Server3_239,Server3_551,50.0,0.447947435904565
Server3_551,Server3_212,50.0,0.3313927151001438
Server3_212,Server3_551,50.0,0.3313927151001438
Server3_689,Server3_477,50.0,0.3835879310833382
Server3_477,Server3_689,50.0,0.3835879310833382
Server3_689,Server3_1766,50.0,0.3714544443807964
Server3_1766,Server3_689,50.0,0.3714544443807964
Server3_1951,Server3_1719,1.0,2000.0
Server3_1719,Server3_1951,1.0,2000.0
Server3_1951,Server3_1212,50.0,0.4320930302818498
Server3_1212,Server3_1951,50.0,0.4320930302818498
Server3_1951,Server3_1427,50.0,0.434434900979884
Server3_1427,Server3_1951,50.0,0.434434900979884
Server3_385,Server3_901,50.0,0.342570573984048
Server3_901,Server3_385,50.0,0.342570573984048
Server3_385,Server3_210,1.0,2000.0
Server3_210,Server3_385,1.0,2000.0
Server3_385,Server3_1894,50.0,0.4209828390533966
Server3_1894,Server3_385,50.0,0.4209828390533966
Server3_1246,Server3_143,50.0,0.5309012031099715
Server3_143,Server3_1246,50.0,0.5309012031099715
Server3_1246,Server3_913,50.0,0.4838976191218957
Server3_913,Server3_1246,50.0,0.4838976191218957
Server3_529,Server3_432,1.0,2000.0
Server3_432,Server3_529,1.0,2000.0
Server3_529,Server3_367,50.0,0.3388239802737398
Server3_367,Server3_529,50.0,0.3388239802737398
Server3_354,Server3_1956,50.0,0.4604212431088995
Server3_1956,Server3_354,50.0,0.4604212431088995
Server3_1046,Server3_674,50.0,0.4885763109958671
Server3_674,Server3_1046,50.0,0.4885763109958671
Server3_1046,Server3_692,50.0,0.317007649451712
Server3_692,Server3_1046,50.0,0.317007649451712
Server3_1566,Server3_771,50.0,0.297537549939925
Server3_771,Server3_1566,50.0,0.297537549939925
Server3_1566,Server3_217,50.0,0.3282772547981755
Server3_217,Server3_1566,50.0,0.3282772547981755
Server3_367,Server3_1144,50.0,0.4000768759904551
Server3_1144,Server3_367,50.0,0.4000768759904551
Server3_367,Server3_1540,1.0,2000.0
Server3_1540,Server3_367,1.0,2000.0
Server3_847,Server3_605,50.0,0.3983744887346346
Server3_605,Server3_847,50.0,0.3983744887346346
Server3_847,Server3_1459,50.0,0.5515040101349947
Server3_1459,Server3_847,50.0,0.5515040101349947
Server3_847,Server3_774,50.0,0.4217203584279176
Server3_774,Server3_847,50.0,0.4217203584279176
Server3_1844,Server3_944,50.0,0.2657554605675748
Server3_944,Server3_1844,50.0,0.2657554605675748
Server3_1844,Server3_1918,50.0,0.3523837191946388
Server3_1918,Server3_1844,50.0,0.3523837191946388
Server3_1859,Server3_380,50.0,0.3868158919123327
Server3_380,Server3_1859,50.0,0.3868158919123327
Server3_1859,Server3_1051,50.0,0.4394824684112912
Server3_1051,Server3_1859,50.0,0.4394824684112912
Server3_633,Server3_1985,50.0,0.3788822916099579
Server3_1985,Server3_633,50.0,0.3788822916099579
Server3_633,Server3_1406,1.0,2000.0
Server3_1406,Server3_633,1.0,2000.0
Server3_633,Server3_487,50.0,0.4378444648795308
Server3_487,Server3_633,50.0,0.4378444648795308
Server3_163,Server3_1382,50.0,0.4238297451917166
Server3_1382,Server3_163,50.0,0.4238297451917166
Server3_163,Server3_987,50.0,0.3971516759417794
Server3_987,Server3_163,50.0,0.3971516759417794
Server3_749,Server3_1878,50.0,0.3428212794591058
Server3_1878,Server3_749,50.0,0.3428212794591058
Server3_749,Server3_22,50.0,0.4188594201614962
Server3_22,Server3_749,50.0,0.4188594201614962
Server3_749,Server3_589,50.0,0.3671892080598736
Server3_589,Server3_749,50.0,0.3671892080598736
Server3_437,Server3_947,1.0,2000.0
Server3_947,Server3_437,1.0,2000.0
Server3_437,Server3_205,50.0,0.35526806875997
Server3_205,Server3_437,50.0,0.35526806875997
Server3_1423,Server3_488,1.0,2000.0
Server3_488,Server3_1423,1.0,2000.0
Server3_1423,Server3_1340,50.0,0.4381496967598336
Server3_1340,Server3_1423,50.0,0.4381496967598336
Server3_1423,Server3_1994,50.0,0.4979740401645829
Server3_1994,Server3_1423,50.0,0.4979740401645829
Server3_1424,Server3_1956,50.0,0.5031187794545585
Server3_1956,Server3_1424,50.0,0.5031187794545585
Server3_1424,Server3_1036,50.0,0.5115770227728587
Server3_1036,Server3_1424,50.0,0.5115770227728587
Server3_1424,Server3_817,50.0,0.401706137099741
Server3_817,Server3_1424,50.0,0.401706137099741
Server3_1424,Server3_261,50.0,0.3909069052080036
Server3_261,Server3_1424,50.0,0.3909069052080036
Server3_1586,Server3_1394,50.0,0.2982635712901766
Server3_1394,Server3_1586,50.0,0.2982635712901766
Server3_1586,Server3_12,50.0,0.4342181641704077
Server3_12,Server3_1586,50.0,0.4342181641704077
Server3_1586,Server3_460,50.0,0.3395526344102474
Server3_460,Server3_1586,50.0,0.3395526344102474
Server3_1569,Server3_22,50.0,0.362643725954079
Server3_22,Server3_1569,50.0,0.362643725954079
Server3_1569,Server3_1633,50.0,0.2803733250570952
Server3_1633,Server3_1569,50.0,0.2803733250570952
Server3_1569,Server3_589,50.0,0.3282589799320682
Server3_589,Server3_1569,50.0,0.3282589799320682
Server3_1569,Server3_259,1.0,2000.0
Server3_259,Server3_1569,1.0,2000.0
Server3_1599,Server3_1063,50.0,0.2914268325553593
Server3_1063,Server3_1599,50.0,0.2914268325553593
Server3_1893,Server3_1893,50.0,0.390368872524774
Server3_1893,Server3_72,50.0,0.3381152623466642
Server3_72,Server3_1893,50.0,0.3381152623466642
Server3_1893,Server3_585,50.0,0.3138110445754415
Server3_585,Server3_1893,50.0,0.3138110445754415
Server3_486,Server3_267,50.0,0.5487309461345746
Server3_267,Server3_486,50.0,0.5487309461345746
Server3_486,Server3_1094,50.0,0.4607719181079068
Server3_1094,Server3_486,50.0,0.4607719181079068
Server3_139,Server3_816,50.0,0.4008289015783007
Server3_816,Server3_139,50.0,0.4008289015783007
Server3_139,Server3_226,50.0,0.3748047049033942
Server3_226,Server3_139,50.0,0.3748047049033942
Server3_139,Server3_1097,50.0,0.3036494545728574
Server3_1097,Server3_139,50.0,0.3036494545728574
Server3_139,Server3_1388,50.0,0.3363295355480358
Server3_1388,Server3_139,50.0,0.3363295355480358
Server3_1414,Server3_489,50.0,0.3914631587494123
Server3_489,Server3_1414,50.0,0.3914631587494123
Server3_1414,Server3_824,50.0,0.5194055073962518
Server3_824,Server3_1414,50.0,0.5194055073962518
Server3_1414,Server3_344,50.0,0.3773367188570002
Server3_344,Server3_1414,50.0,0.3773367188570002
Server3_115,Server3_479,50.0,0.4125629240896878
Server3_479,Server3_115,50.0,0.4125629240896878
Server3_115,Server3_1181,1.0,2000.0
Server3_1181,Server3_115,1.0,2000.0
Server3_115,Server3_723,50.0,0.376818290758627
Server3_723,Server3_115,50.0,0.376818290758627
Server3_115,Server3_792,50.0,0.416474418959344
Server3_792,Server3_115,50.0,0.416474418959344
Server3_637,Server3_758,50.0,0.350400834206674
Server3_758,Server3_637,50.0,0.350400834206674
Server3_637,Server3_792,50.0,0.4553854229026534
Server3_792,Server3_637,50.0,0.4553854229026534
Server3_864,Server3_1277,50.0,0.303834082753021
Server3_1277,Server3_864,50.0,0.303834082753021
Server3_864,Server3_1570,1.0,2000.0
Server3_1570,Server3_864,1.0,2000.0
Server3_137,Server3_1305,50.0,0.4087354481319538
Server3_1305,Server3_137,50.0,0.4087354481319538
Server3_137,Server3_1509,50.0,0.4011378779987202
Server3_1509,Server3_137,50.0,0.4011378779987202
Server3_137,Server3_1078,50.0,0.312409392739881
Server3_1078,Server3_137,50.0,0.312409392739881
Server3_137,Server3_885,50.0,0.4274448228995794
Server3_885,Server3_137,50.0,0.4274448228995794
Server3_911,Server3_1468,50.0,0.2962875786256656
Server3_1468,Server3_911,50.0,0.2962875786256656
Server3_911,Server3_1151,50.0,0.2995438666671594
Server3_1151,Server3_911,50.0,0.2995438666671594
Server3_1107,Server3_269,50.0,0.4312118339162422
Server3_269,Server3_1107,50.0,0.4312118339162422
Server3_1107,Server3_1202,50.0,0.3581038528135868
Server3_1202,Server3_1107,50.0,0.3581038528135868
Server3_1107,Server3_1669,1.0,2000.0
Server3_1669,Server3_1107,1.0,2000.0
Server3_1107,Server3_482,50.0,0.3920674383168553
Server3_482,Server3_1107,50.0,0.3920674383168553
Server3_1725,Server3_1638,50.0,0.3740641010628587
Server3_1638,Server3_1725,50.0,0.3740641010628587
Server3_1725,Server3_606,50.0,0.4585846100804799
Server3_606,Server3_1725,50.0,0.4585846100804799
Server3_1725,Server3_1166,1.0,2000.0
Server3_1166,Server3_1725,1.0,2000.0
Server3_1219,Server3_83,50.0,0.4501056353717862
Server3_83,Server3_1219,50.0,0.4501056353717862
Server3_1219,Server3_1186,50.0,0.4362022121503812
Server3_1186,Server3_1219,50.0,0.4362022121503812
Server3_1219,Server3_43,50.0,0.3751400007683618
Server3_43,Server3_1219,50.0,0.3751400007683618
Server3_1219,Server3_130,50.0,0.4060117636131168
Server3_130,Server3_1219,50.0,0.4060117636131168
Server3_54,Server3_875,50.0,0.454526605085004
Server3_875,Server3_54,50.0,0.454526605085004
Server3_54,Server3_522,1.0,2000.0
Server3_522,Server3_54,1.0,2000.0
Server3_54,Server3_550,50.0,0.5310263143995555
Server3_550,Server3_54,50.0,0.5310263143995555
Server3_54,Server3_433,50.0,0.5189071286895154
Server3_433,Server3_54,50.0,0.5189071286895154
Server3_669,Server3_1262,50.0,0.412888482121412
Server3_1262,Server3_669,50.0,0.412888482121412
Server3_669,Server3_1914,50.0,0.3735461628505102
Server3_1914,Server3_669,50.0,0.3735461628505102
Server3_410,Server3_585,50.0,0.2782960970258236
Server3_585,Server3_410,50.0,0.2782960970258236
Server3_410,Server3_1974,50.0,0.2927494911031886
Server3_1974,Server3_410,50.0,0.2927494911031886
Server3_28,Server3_615,50.0,0.3643206024688368
Server3_615,Server3_28,50.0,0.3643206024688368
Server3_28,Server3_72,50.0,0.4494072795133816
Server3_72,Server3_28,50.0,0.4494072795133816
Server3_276,Server3_214,50.0,0.4742352263859843
Server3_214,Server3_276,50.0,0.4742352263859843
Server3_276,Server3_1122,50.0,0.3649227920120742
Server3_1122,Server3_276,50.0,0.3649227920120742
Server3_276,Server3_963,50.0,0.3351050699234222
Server3_963,Server3_276,50.0,0.3351050699234222
Server3_276,Server3_770,50.0,0.3013796529806061
Server3_770,Server3_276,50.0,0.3013796529806061
Server3_1413,Server3_1683,50.0,0.3621556706482521
Server3_1683,Server3_1413,50.0,0.3621556706482521
Server3_1413,Server3_1261,50.0,0.404564979947582
Server3_1261,Server3_1413,50.0,0.404564979947582
Server3_1244,Server3_831,50.0,0.3818012768071284
Server3_831,Server3_1244,50.0,0.3818012768071284
Server3_1244,Server3_294,50.0,0.4009725458468908
Server3_294,Server3_1244,50.0,0.4009725458468908
Server3_185,Server3_449,50.0,0.5200940246132071
Server3_449,Server3_185,50.0,0.5200940246132071
Server3_185,Server3_1500,50.0,0.4044469709782349
Server3_1500,Server3_185,50.0,0.4044469709782349
Server3_1901,Server3_1122,50.0,0.3788440917138554
Server3_1122,Server3_1901,50.0,0.3788440917138554
Server3_1841,Server3_311,50.0,0.3528034782307418
Server3_311,Server3_1841,50.0,0.3528034782307418
Server3_1841,Server3_1059,50.0,0.4158926680751614
Server3_1059,Server3_1841,50.0,0.4158926680751614
Server3_1841,Server3_671,50.0,0.3057843309078605
Server3_671,Server3_1841,50.0,0.3057843309078605
Server3_1841,Server3_78,50.0,0.3590948819732449
Server3_78,Server3_1841,50.0,0.3590948819732449
Server3_1842,Server3_1371,50.0,0.3730047299194732
Server3_1371,Server3_1842,50.0,0.3730047299194732
Server3_964,Server3_203,50.0,0.450823562172207
Server3_203,Server3_964,50.0,0.450823562172207
Server3_964,Server3_1110,50.0,0.4277123932515957
Server3_1110,Server3_964,50.0,0.4277123932515957
Server3_964,Server3_1485,50.0,0.5099806143949664
Server3_1485,Server3_964,50.0,0.5099806143949664
Server3_107,Server3_1152,50.0,0.423399432043672
Server3_1152,Server3_107,50.0,0.423399432043672
Server3_107,Server3_1069,50.0,0.3706509818845106
Server3_1069,Server3_107,50.0,0.3706509818845106
Server3_107,Server3_248,50.0,0.4342930938577172
Server3_248,Server3_107,50.0,0.4342930938577172
Server3_1900,Server3_1103,50.0,0.4253605133685179
Server3_1103,Server3_1900,50.0,0.4253605133685179
Server3_1900,Server3_490,1.0,2000.0
Server3_490,Server3_1900,1.0,2000.0
Server3_1900,Server3_1762,50.0,0.3926439799136274
Server3_1762,Server3_1900,50.0,0.3926439799136274
Server3_593,Server3_1034,50.0,0.3650896301336988
Server3_1034,Server3_593,50.0,0.3650896301336988
Server3_593,Server3_1100,50.0,0.3628510335543985
Server3_1100,Server3_593,50.0,0.3628510335543985
Server3_1675,Server3_18,50.0,0.331209955753235
Server3_18,Server3_1675,50.0,0.331209955753235
Server3_1675,Server3_1579,50.0,0.5106617617988362
Server3_1579,Server3_1675,50.0,0.5106617617988362
Server3_1675,Server3_1512,50.0,0.3482726638753784
Server3_1512,Server3_1675,50.0,0.3482726638753784
Server3_1675,Server3_797,1.0,2000.0
Server3_797,Server3_1675,1.0,2000.0
Server3_81,Server3_1767,50.0,0.3484228179562026
Server3_1767,Server3_81,50.0,0.3484228179562026
Server3_81,Server3_1615,50.0,0.2900630385522382
Server3_1615,Server3_81,50.0,0.2900630385522382
Server3_1846,Server3_486,50.0,0.5529917992327443
Server3_486,Server3_1846,50.0,0.5529917992327443
Server3_1846,Server3_1404,50.0,0.3973387104329526
Server3_1404,Server3_1846,50.0,0.3973387104329526
Server3_1846,Server3_764,50.0,0.4561386280047761
Server3_764,Server3_1846,50.0,0.4561386280047761
Server3_1670,Server3_232,50.0,0.4002049185179824
Server3_232,Server3_1670,50.0,0.4002049185179824
Server3_1670,Server3_1353,1.0,2000.0
Server3_1353,Server3_1670,1.0,2000.0
Server3_1478,Server3_923,50.0,0.4294392544769166
Server3_923,Server3_1478,50.0,0.4294392544769166
Server3_1478,Server3_1105,50.0,0.4237581079201956
Server3_1105,Server3_1478,50.0,0.4237581079201956
Server3_1478,Server3_1653,50.0,0.3655766575336382
Server3_1653,Server3_1478,50.0,0.3655766575336382
Server3_1073,Server3_795,50.0,0.4694952508388459
Server3_795,Server3_1073,50.0,0.4694952508388459
Server3_1073,Server3_1390,1.0,2000.0
Server3_1390,Server3_1073,1.0,2000.0
Server3_350,Server3_350,50.0,0.3982157783983754
Server3_350,Server3_1028,50.0,0.3901701331043282
Server3_1028,Server3_350,50.0,0.3901701331043282
Server3_350,Server3_1287,50.0,0.2966069595419302
Server3_1287,Server3_350,50.0,0.2966069595419302
Server3_1630,Server3_937,50.0,0.3146396927933426
Server3_937,Server3_1630,50.0,0.3146396927933426
Server3_1630,Server3_143,50.0,0.5386768876492836
Server3_143,Server3_1630,50.0,0.5386768876492836
Server3_526,Server3_459,50.0,0.4194180533022136
Server3_459,Server3_526,50.0,0.4194180533022136
Server3_526,Server3_139,50.0,0.2900322266865994
Server3_139,Server3_526,50.0,0.2900322266865994
Server3_526,Server3_226,50.0,0.329363957676908
Server3_226,Server3_526,50.0,0.329363957676908
Server3_1663,Server3_1565,50.0,0.4087148940200561
Server3_1565,Server3_1663,50.0,0.4087148940200561
Server3_1663,Server3_1896,50.0,0.3029281360564698
Server3_1896,Server3_1663,50.0,0.3029281360564698
Server3_387,Server3_505,1.0,2000.0
Server3_505,Server3_387,1.0,2000.0
Server3_1567,Server3_1003,50.0,0.3154368615308584
Server3_1003,Server3_1567,50.0,0.3154368615308584
Server3_1567,Server3_1290,50.0,0.4387269077167549
Server3_1290,Server3_1567,50.0,0.4387269077167549
Server3_1567,Server3_1691,50.0,0.3540944520327538
Server3_1691,Server3_1567,50.0,0.3540944520327538
Server3_1567,Server3_471,1.0,2000.0
Server3_471,Server3_1567,1.0,2000.0
Server3_1290,Server3_554,50.0,0.3998979172086775
Server3_554,Server3_1290,50.0,0.3998979172086775
Server3_1290,Server3_1623,50.0,0.4146996308858493
Server3_1623,Server3_1290,50.0,0.4146996308858493
Server3_460,Server3_628,50.0,0.3528711428585999
Server3_628,Server3_460,50.0,0.3528711428585999
Server3_460,Server3_1653,50.0,0.3432169095399546
Server3_1653,Server3_460,50.0,0.3432169095399546
Server3_1990,Server3_1031,50.0,0.4087835005099126
Server3_1031,Server3_1990,50.0,0.4087835005099126
Server3_1990,Server3_42,50.0,0.4786703211904609
Server3_42,Server3_1990,50.0,0.4786703211904609
Server3_1597,Server3_438,50.0,0.4690131468899965
Server3_438,Server3_1597,50.0,0.4690131468899965
Server3_1597,Server3_992,50.0,0.4011459962931586
Server3_992,Server3_1597,50.0,0.4011459962931586
Server3_1050,Server3_1734,50.0,0.4236833924818767
Server3_1734,Server3_1050,50.0,0.4236833924818767
Server3_1050,Server3_419,50.0,0.4043149431713613
Server3_419,Server3_1050,50.0,0.4043149431713613
Server3_392,Server3_1950,50.0,0.3596467982381336
Server3_1950,Server3_392,50.0,0.3596467982381336
Server3_392,Server3_283,1.0,2000.0
Server3_283,Server3_392,1.0,2000.0
Server3_392,Server3_1070,50.0,0.4052431069885732
Server3_1070,Server3_392,50.0,0.4052431069885732
Server3_1642,Server3_1152,50.0,0.416886045341224
Server3_1152,Server3_1642,50.0,0.416886045341224
Server3_1642,Server3_1069,50.0,0.2966227375672822
Server3_1069,Server3_1642,50.0,0.2966227375672822
Server3_1642,Server3_1498,1.0,2000.0
Server3_1498,Server3_1642,1.0,2000.0
Server3_1642,Server3_1121,50.0,0.4517764404788281
Server3_1121,Server3_1642,50.0,0.4517764404788281
Server3_497,Server3_795,50.0,0.4646727642856554
Server3_795,Server3_497,50.0,0.4646727642856554
Server3_497,Server3_1313,50.0,0.4769097755878073
Server3_1313,Server3_497,50.0,0.4769097755878073
Server3_497,Server3_146,50.0,0.4103515134345798
Server3_146,Server3_497,50.0,0.4103515134345798
Server3_1627,Server3_818,50.0,0.4494126773939434
Server3_818,Server3_1627,50.0,0.4494126773939434
Server3_1627,Server3_1214,50.0,0.4280165261325492
Server3_1214,Server3_1627,50.0,0.4280165261325492
Server3_485,Server3_891,50.0,0.4776955920318366
Server3_891,Server3_485,50.0,0.4776955920318366
Server3_19,Server3_1312,1.0,2000.0
Server3_1312,Server3_19,1.0,2000.0
Server3_19,Server3_989,50.0,0.4081706921415556
Server3_989,Server3_19,50.0,0.4081706921415556
Server3_796,Server3_1303,50.0,0.3925250636455568
Server3_1303,Server3_796,50.0,0.3925250636455568
Server3_796,Server3_1271,50.0,0.3798251144055464
Server3_1271,Server3_796,50.0,0.3798251144055464
Server3_13,Server3_1768,50.0,0.367657810395945
Server3_1768,Server3_13,50.0,0.367657810395945
Server3_13,Server3_1548,50.0,0.288810599883383
Server3_1548,Server3_13,50.0,0.288810599883383
Server3_1003,Server3_1908,50.0,0.4178159850257728
Server3_1908,Server3_1003,50.0,0.4178159850257728
Server3_1003,Server3_149,1.0,2000.0
Server3_149,Server3_1003,1.0,2000.0
Server3_1003,Server3_554,50.0,0.4985926909633888
Server3_554,Server3_1003,50.0,0.4985926909633888
Server3_1474,Server3_1992,50.0,0.349962817770218
Server3_1992,Server3_1474,50.0,0.349962817770218
Server3_1474,Server3_1353,1.0,2000.0
Server3_1353,Server3_1474,1.0,2000.0
Server3_1474,Server3_1839,50.0,0.3313719325581574
Server3_1839,Server3_1474,50.0,0.3313719325581574
Server3_1474,Server3_46,50.0,0.3602112146721576
Server3_46,Server3_1474,50.0,0.3602112146721576
Server3_1523,Server3_694,50.0,0.4333147917246362
Server3_694,Server3_1523,50.0,0.4333147917246362
Server3_1523,Server3_1518,50.0,0.465282997818244
Server3_1518,Server3_1523,50.0,0.465282997818244
Server3_560,Server3_1815,50.0,0.378193863789025
Server3_1815,Server3_560,50.0,0.378193863789025
Server3_560,Server3_1130,50.0,0.368879222783578
Server3_1130,Server3_560,50.0,0.368879222783578
Server3_941,Server3_1021,50.0,0.362300630654107
Server3_1021,Server3_941,50.0,0.362300630654107
Server3_1773,Server3_1370,50.0,0.5315452563405195
Server3_1370,Server3_1773,50.0,0.5315452563405195
Server3_1773,Server3_1022,50.0,0.5896441668610031
Server3_1022,Server3_1773,50.0,0.5896441668610031
Server3_1773,Server3_9,50.0,0.5096107391446932
Server3_9,Server3_1773,50.0,0.5096107391446932
Server3_1025,Server3_193,50.0,0.4108230367414024
Server3_193,Server3_1025,50.0,0.4108230367414024
Server3_1025,Server3_360,50.0,0.291688556761087
Server3_360,Server3_1025,50.0,0.291688556761087
Server3_934,Server3_913,50.0,0.338454467232171
Server3_913,Server3_934,50.0,0.338454467232171
Server3_934,Server3_256,50.0,0.3522829373517064
Server3_256,Server3_934,50.0,0.3522829373517064
Server3_66,Server3_580,50.0,0.5013992215678875
Server3_580,Server3_66,50.0,0.5013992215678875
Server3_1803,Server3_1596,1.0,2000.0
Server3_1596,Server3_1803,1.0,2000.0
Server3_114,Server3_1434,50.0,0.294258852702912
Server3_1434,Server3_114,50.0,0.294258852702912
Server3_114,Server3_1381,50.0,0.3944991176681748
Server3_1381,Server3_114,50.0,0.3944991176681748
Server3_1193,Server3_539,50.0,0.3027937865267916
Server3_539,Server3_1193,50.0,0.3027937865267916
Server3_1193,Server3_1459,50.0,0.3437920139767304
Server3_1459,Server3_1193,50.0,0.3437920139767304
Server3_176,Server3_704,50.0,0.3118219883618281
Server3_704,Server3_176,50.0,0.3118219883618281
Server3_176,Server3_884,50.0,0.2809440461155774
Server3_884,Server3_176,50.0,0.2809440461155774
Server3_624,Server3_1272,50.0,0.2904160461731211
Server3_1272,Server3_624,50.0,0.2904160461731211
Server3_1853,Server3_375,50.0,0.4891443716330366
Server3_375,Server3_1853,50.0,0.4891443716330366
Server3_1853,Server3_48,50.0,0.3626322751591446
Server3_48,Server3_1853,50.0,0.3626322751591446
Server3_1853,Server3_3,50.0,0.3845026740556314
Server3_3,Server3_1853,50.0,0.3845026740556314
Server3_1853,Server3_1575,50.0,0.5812785484447103
Server3_1575,Server3_1853,50.0,0.5812785484447103
Server3_62,Server3_1131,50.0,0.3228726975506395
Server3_1131,Server3_62,50.0,0.3228726975506395
Server3_62,Server3_1175,50.0,0.3174123065950891
Server3_1175,Server3_62,50.0,0.3174123065950891
Server3_62,Server3_350,50.0,0.3247146817592152
Server3_350,Server3_62,50.0,0.3247146817592152
Server3_1120,Server3_264,50.0,0.3451643429065378
Server3_264,Server3_1120,50.0,0.3451643429065378
Server3_1120,Server3_1137,50.0,0.340155114073902
Server3_1137,Server3_1120,50.0,0.340155114073902
Server3_1120,Server3_925,50.0,0.3632974743467652
Server3_925,Server3_1120,50.0,0.3632974743467652
Server3_590,Server3_789,50.0,0.421121051701372
Server3_789,Server3_590,50.0,0.421121051701372
Server3_590,Server3_1350,50.0,0.4580136010601008
Server3_1350,Server3_590,50.0,0.4580136010601008
Server3_348,Server3_709,50.0,0.3984790816400908
Server3_709,Server3_348,50.0,0.3984790816400908
Server3_348,Server3_1802,50.0,0.3660268806366102
Server3_1802,Server3_348,50.0,0.3660268806366102
Server3_357,Server3_1391,1.0,2000.0
Server3_1391,Server3_357,1.0,2000.0
Server3_357,Server3_371,50.0,0.3523671193726798
Server3_371,Server3_357,50.0,0.3523671193726798
Server3_1506,Server3_1689,50.0,0.4559502505428645
Server3_1689,Server3_1506,50.0,0.4559502505428645
Server3_1506,Server3_212,50.0,0.4094388526034802
Server3_212,Server3_1506,50.0,0.4094388526034802
Server3_1506,Server3_110,50.0,0.5077325253235492
Server3_110,Server3_1506,50.0,0.5077325253235492
Server3_310,Server3_196,50.0,0.3975606033131674
Server3_196,Server3_310,50.0,0.3975606033131674
Server3_1029,Server3_1036,50.0,0.4143736254501024
Server3_1036,Server3_1029,50.0,0.4143736254501024
Server3_1435,Server3_820,50.0,0.2678520743529218
Server3_820,Server3_1435,50.0,0.2678520743529218
Server3_1435,Server3_1813,50.0,0.4045236390755355
Server3_1813,Server3_1435,50.0,0.4045236390755355
Server3_1126,Server3_44,50.0,0.3498728803200388
Server3_44,Server3_1126,50.0,0.3498728803200388
Server3_1126,Server3_1311,50.0,0.4053002099663232
Server3_1311,Server3_1126,50.0,0.4053002099663232
Server3_1126,Server3_1451,50.0,0.3166602170667614
Server3_1451,Server3_1126,50.0,0.3166602170667614
Server3_1952,Server3_1566,50.0,0.4377798064662025
Server3_1566,Server3_1952,50.0,0.4377798064662025
Server3_1952,Server3_1825,50.0,0.457456299732608
Server3_1825,Server3_1952,50.0,0.457456299732608
Server3_1105,Server3_1105,50.0,0.3867135849419134
Server3_1105,Server3_923,50.0,0.3452308108973483
Server3_923,Server3_1105,50.0,0.3452308108973483
Server3_1105,Server3_780,50.0,0.378934487726447
Server3_780,Server3_1105,50.0,0.378934487726447
Server3_1105,Server3_537,50.0,0.4027817967529126
Server3_537,Server3_1105,50.0,0.4027817967529126
Server3_1098,Server3_1206,50.0,0.5083743062927621
Server3_1206,Server3_1098,50.0,0.5083743062927621
Server3_1098,Server3_1006,1.0,2000.0
Server3_1006,Server3_1098,1.0,2000.0
Server3_1698,Server3_154,50.0,0.4376238180624457
Server3_154,Server3_1698,50.0,0.4376238180624457
Server3_1698,Server3_564,50.0,0.4920198234089109
Server3_564,Server3_1698,50.0,0.4920198234089109
Server3_1140,Server3_494,50.0,0.4290120300836882
Server3_494,Server3_1140,50.0,0.4290120300836882
Server3_1140,Server3_1531,50.0,0.3367898704456489
Server3_1531,Server3_1140,50.0,0.3367898704456489
Server3_987,Server3_1124,50.0,0.3966029576320694
Server3_1124,Server3_987,50.0,0.3966029576320694
Server3_987,Server3_1045,50.0,0.321496569682736
Server3_1045,Server3_987,50.0,0.321496569682736
Server3_987,Server3_1163,50.0,0.4058439785061607
Server3_1163,Server3_987,50.0,0.4058439785061607
Server3_1145,Server3_667,50.0,0.4547737930535697
Server3_667,Server3_1145,50.0,0.4547737930535697
Server3_146,Server3_1074,50.0,0.4186975928764309
Server3_1074,Server3_146,50.0,0.4186975928764309
Server3_146,Server3_629,50.0,0.4040759554701495
Server3_629,Server3_146,50.0,0.4040759554701495
Server3_146,Server3_1390,1.0,2000.0
Server3_1390,Server3_146,1.0,2000.0
Server3_146,Server3_1057,50.0,0.3110383460351178
Server3_1057,Server3_146,50.0,0.3110383460351178
Server3_172,Server3_1976,50.0,0.3469056484470946
Server3_1976,Server3_172,50.0,0.3469056484470946
Server3_172,Server3_604,50.0,0.3683015994362064
Server3_604,Server3_172,50.0,0.3683015994362064
Server3_172,Server3_577,50.0,0.4018717629875913
Server3_577,Server3_172,50.0,0.4018717629875913
Server3_1851,Server3_1488,50.0,0.3612005452440064
Server3_1488,Server3_1851,50.0,0.3612005452440064
Server3_1851,Server3_730,50.0,0.3289028155612342
Server3_730,Server3_1851,50.0,0.3289028155612342
Server3_1851,Server3_1056,50.0,0.315851036829568
Server3_1056,Server3_1851,50.0,0.315851036829568
Server3_1261,Server3_350,50.0,0.29119006578343
Server3_350,Server3_1261,50.0,0.29119006578343
Server3_1261,Server3_313,50.0,0.3193850761507614
Server3_313,Server3_1261,50.0,0.3193850761507614
Server3_1261,Server3_34,50.0,0.2860542150672127
Server3_34,Server3_1261,50.0,0.2860542150672127
Server3_1261,Server3_1095,50.0,0.3359416033997678
Server3_1095,Server3_1261,50.0,0.3359416033997678
Server3_1856,Server3_1595,50.0,0.326031983478603
Server3_1595,Server3_1856,50.0,0.326031983478603
Server3_1856,Server3_860,50.0,0.3995421394382158
Server3_860,Server3_1856,50.0,0.3995421394382158
Server3_1856,Server3_1033,50.0,0.4041181668421343
Server3_1033,Server3_1856,50.0,0.4041181668421343
Server3_272,Server3_65,1.0,2000.0
Server3_65,Server3_272,1.0,2000.0
Server3_272,Server3_1431,50.0,0.4081658481489765
Server3_1431,Server3_272,50.0,0.4081658481489765
Server3_272,Server3_1154,50.0,0.4197877618509504
Server3_1154,Server3_272,50.0,0.4197877618509504
Server3_1171,Server3_1739,50.0,0.4456964535450881
Server3_1739,Server3_1171,50.0,0.4456964535450881
Server3_1171,Server3_217,50.0,0.5418085593834396
Server3_217,Server3_1171,50.0,0.5418085593834396
Server3_1617,Server3_176,50.0,0.3921500448307406
Server3_176,Server3_1617,50.0,0.3921500448307406
Server3_1617,Server3_483,50.0,0.2727771746965462
Server3_483,Server3_1617,50.0,0.2727771746965462
Server3_1617,Server3_1052,50.0,0.3679445408540404
Server3_1052,Server3_1617,50.0,0.3679445408540404
Server3_1241,Server3_593,50.0,0.3452404919359874
Server3_593,Server3_1241,50.0,0.3452404919359874
Server3_1241,Server3_1179,50.0,0.3188938698311044
Server3_1179,Server3_1241,50.0,0.3188938698311044
Server3_874,Server3_735,50.0,0.4638243653783866
Server3_735,Server3_874,50.0,0.4638243653783866
Server3_874,Server3_1264,50.0,0.3950879293974108
Server3_1264,Server3_874,50.0,0.3950879293974108
Server3_874,Server3_142,50.0,0.376538778008707
Server3_142,Server3_874,50.0,0.376538778008707
Server3_378,Server3_166,50.0,0.3917798820761702
Server3_166,Server3_378,50.0,0.3917798820761702
Server3_378,Server3_606,50.0,0.3149535251222691
Server3_606,Server3_378,50.0,0.3149535251222691
Server3_378,Server3_1504,50.0,0.4999092869120401
Server3_1504,Server3_378,50.0,0.4999092869120401
Server3_378,Server3_314,50.0,0.4124619233702554
Server3_314,Server3_378,50.0,0.4124619233702554
Server3_1959,Server3_1767,50.0,0.4610138821678841
Server3_1767,Server3_1959,50.0,0.4610138821678841
Server3_1959,Server3_635,50.0,0.4014543866354598
Server3_635,Server3_1959,50.0,0.4014543866354598
Server3_1702,Server3_1437,50.0,0.5318935132947736
Server3_1437,Server3_1702,50.0,0.5318935132947736
Server3_1702,Server3_240,50.0,0.4813671138558825
Server3_240,Server3_1702,50.0,0.4813671138558825
Server3_37,Server3_580,50.0,0.4181800034852534
Server3_580,Server3_37,50.0,0.4181800034852534
Server3_37,Server3_832,50.0,0.3521637945691774
Server3_832,Server3_37,50.0,0.3521637945691774
Server3_37,Server3_466,50.0,0.4397445907350398
Server3_466,Server3_37,50.0,0.4397445907350398
Server3_37,Server3_1944,50.0,0.4046036809457642
Server3_1944,Server3_37,50.0,0.4046036809457642
Server3_1728,Server3_1817,1.0,2000.0
Server3_1817,Server3_1728,1.0,2000.0
Server3_1728,Server3_1772,50.0,0.3517218292249389
Server3_1772,Server3_1728,50.0,0.3517218292249389
Server3_1728,Server3_19,50.0,0.2945658410559384
Server3_19,Server3_1728,50.0,0.2945658410559384
Server3_899,Server3_1546,1.0,2000.0
Server3_1546,Server3_899,1.0,2000.0
Server3_284,Server3_1213,50.0,0.4703939258820355
Server3_1213,Server3_284,50.0,0.4703939258820355
Server3_284,Server3_1196,50.0,0.4562069185825255
Server3_1196,Server3_284,50.0,0.4562069185825255
Server3_284,Server3_1296,50.0,0.4137921899958981
Server3_1296,Server3_284,50.0,0.4137921899958981
Server3_284,Server3_789,50.0,0.5006585512700271
Server3_789,Server3_284,50.0,0.5006585512700271
Server3_1253,Server3_825,50.0,0.3412002671527132
Server3_825,Server3_1253,50.0,0.3412002671527132
Server3_1253,Server3_1246,50.0,0.3313716287203401
Server3_1246,Server3_1253,50.0,0.3313716287203401
Server3_280,Server3_352,50.0,0.3761941098972616
Server3_352,Server3_280,50.0,0.3761941098972616
Server3_280,Server3_1001,50.0,0.3629445617227627
Server3_1001,Server3_280,50.0,0.3629445617227627
Server3_280,Server3_1466,50.0,0.3311161725637446
Server3_1466,Server3_280,50.0,0.3311161725637446
Server3_1746,Server3_1326,1.0,2000.0
Server3_1326,Server3_1746,1.0,2000.0
Server3_1746,Server3_501,50.0,0.3072899630074836
Server3_501,Server3_1746,50.0,0.3072899630074836
Server3_1256,Server3_446,50.0,0.3758233979996549
Server3_446,Server3_1256,50.0,0.3758233979996549
Server3_1256,Server3_361,50.0,0.4375179518428186
Server3_361,Server3_1256,50.0,0.4375179518428186
Server3_1256,Server3_612,50.0,0.4419248281645999
Server3_612,Server3_1256,50.0,0.4419248281645999
Server3_1256,Server3_601,50.0,0.4493014689724923
Server3_601,Server3_1256,50.0,0.4493014689724923
Server3_1631,Server3_674,50.0,0.396870890678852
Server3_674,Server3_1631,50.0,0.396870890678852
Server3_1631,Server3_439,50.0,0.328670399921262
Server3_439,Server3_1631,50.0,0.328670399921262
Server3_1631,Server3_808,50.0,0.3909461055144448
Server3_808,Server3_1631,50.0,0.3909461055144448
Server3_1368,Server3_1125,50.0,0.3195182952054848
Server3_1125,Server3_1368,50.0,0.3195182952054848
Server3_1368,Server3_1271,50.0,0.2940080183454058
Server3_1271,Server3_1368,50.0,0.2940080183454058
Server3_1258,Server3_735,50.0,0.391459521112486
Server3_735,Server3_1258,50.0,0.391459521112486
Server3_1258,Server3_1669,1.0,2000.0
Server3_1669,Server3_1258,1.0,2000.0
Server3_246,Server3_634,50.0,0.5078167184214679
Server3_634,Server3_246,50.0,0.5078167184214679
Server3_1945,Server3_1427,50.0,0.3707424343628416
Server3_1427,Server3_1945,50.0,0.3707424343628416
Server3_1945,Server3_619,50.0,0.382905611956775
Server3_619,Server3_1945,50.0,0.382905611956775
Server3_1945,Server3_481,50.0,0.3811075469475906
Server3_481,Server3_1945,50.0,0.3811075469475906
Server3_1945,Server3_1755,50.0,0.3493064708531487
Server3_1755,Server3_1945,50.0,0.3493064708531487
Server3_1237,Server3_1728,50.0,0.3727783804138624
Server3_1728,Server3_1237,50.0,0.3727783804138624
Server3_1237,Server3_319,50.0,0.3398851936504066
Server3_319,Server3_1237,50.0,0.3398851936504066
Server3_547,Server3_1850,50.0,0.3662156651439241
Server3_1850,Server3_547,50.0,0.3662156651439241
Server3_547,Server3_1984,50.0,0.4593540150857
Server3_1984,Server3_547,50.0,0.4593540150857
Server3_547,Server3_937,50.0,0.394053589452785
Server3_937,Server3_547,50.0,0.394053589452785
Server3_547,Server3_1822,50.0,0.3641894106035012
Server3_1822,Server3_547,50.0,0.3641894106035012
Server3_670,Server3_683,50.0,0.3865358951486796
Server3_683,Server3_670,50.0,0.3865358951486796
Server3_670,Server3_1799,50.0,0.3297068204554992
Server3_1799,Server3_670,50.0,0.3297068204554992
Server3_1468,Server3_1787,50.0,0.3395794040860811
Server3_1787,Server3_1468,50.0,0.3395794040860811
Server3_1468,Server3_743,50.0,0.3972639249406489
Server3_743,Server3_1468,50.0,0.3972639249406489
Server3_1468,Server3_1011,50.0,0.3812924536698673
Server3_1011,Server3_1468,50.0,0.3812924536698673
Server3_1468,Server3_211,50.0,0.3705561733953303
Server3_211,Server3_1468,50.0,0.3705561733953303
Server3_1550,Server3_163,50.0,0.3781698811125195
Server3_163,Server3_1550,50.0,0.3781698811125195
Server3_677,Server3_378,50.0,0.4042951375783094
Server3_378,Server3_677,50.0,0.4042951375783094
Server3_677,Server3_1285,50.0,0.4480143213814236
Server3_1285,Server3_677,50.0,0.4480143213814236
Server3_507,Server3_1054,50.0,0.4061904032954586
Server3_1054,Server3_507,50.0,0.4061904032954586
Server3_507,Server3_272,50.0,0.2980158912747521
Server3_272,Server3_507,50.0,0.2980158912747521
Server3_507,Server3_940,50.0,0.3939286436528552
Server3_940,Server3_507,50.0,0.3939286436528552
Server3_507,Server3_530,1.0,2000.0
Server3_530,Server3_507,1.0,2000.0
Server3_1348,Server3_778,50.0,0.3458012452764906
Server3_778,Server3_1348,50.0,0.3458012452764906
Server3_1348,Server3_1736,50.0,0.3808545756639168
Server3_1736,Server3_1348,50.0,0.3808545756639168
Server3_632,Server3_1678,50.0,0.4288738477180367
Server3_1678,Server3_632,50.0,0.4288738477180367
Server3_840,Server3_1339,50.0,0.447845226258877
Server3_1339,Server3_840,50.0,0.447845226258877
Server3_675,Server3_933,50.0,0.3622944768875115
Server3_933,Server3_675,50.0,0.3622944768875115
Server3_675,Server3_887,50.0,0.4489682361097143
Server3_887,Server3_675,50.0,0.4489682361097143
Server3_675,Server3_822,50.0,0.4172988938327724
Server3_822,Server3_675,50.0,0.4172988938327724
Server3_1318,Server3_521,50.0,0.4057623759142794
Server3_521,Server3_1318,50.0,0.4057623759142794
Server3_1318,Server3_1778,50.0,0.5139755595305381
Server3_1778,Server3_1318,50.0,0.5139755595305381
Server3_1318,Server3_1612,50.0,0.3439269197610314
Server3_1612,Server3_1318,50.0,0.3439269197610314
Server3_1318,Server3_1702,50.0,0.420643127460365
Server3_1702,Server3_1318,50.0,0.420643127460365
Server3_1556,Server3_1026,50.0,0.3803946555718536
Server3_1026,Server3_1556,50.0,0.3803946555718536
Server3_1556,Server3_859,1.0,2000.0
Server3_859,Server3_1556,1.0,2000.0
Server3_1556,Server3_68,50.0,0.2790687022543033
Server3_68,Server3_1556,50.0,0.2790687022543033
Server3_774,Server3_229,50.0,0.4472433379726499
Server3_229,Server3_774,50.0,0.4472433379726499
Server3_774,Server3_1193,50.0,0.4629260904769283
Server3_1193,Server3_774,50.0,0.4629260904769283
Server3_774,Server3_777,50.0,0.4763155879684612
Server3_777,Server3_774,50.0,0.4763155879684612
Server3_605,Server3_867,50.0,0.4248689963773783
Server3_867,Server3_605,50.0,0.4248689963773783
Server3_605,Server3_293,50.0,0.4689248959831923
Server3_293,Server3_605,50.0,0.4689248959831923
Server3_184,Server3_1582,50.0,0.3462285711655202
Server3_1582,Server3_184,50.0,0.3462285711655202
Server3_1277,Server3_1745,1.0,2000.0
Server3_1745,Server3_1277,1.0,2000.0
Server3_668,Server3_1595,50.0,0.346777057715996
Server3_1595,Server3_668,50.0,0.346777057715996
Server3_668,Server3_630,50.0,0.3622412729179072
Server3_630,Server3_668,50.0,0.3622412729179072
Server3_668,Server3_556,50.0,0.2753058838426698
Server3_556,Server3_668,50.0,0.2753058838426698
Server3_173,Server3_214,50.0,0.3331092229839967
Server3_214,Server3_173,50.0,0.3331092229839967
Server3_173,Server3_1796,50.0,0.2912812941301174
Server3_1796,Server3_173,50.0,0.2912812941301174
Server3_173,Server3_14,50.0,0.4118895749138964
Server3_14,Server3_173,50.0,0.4118895749138964
Server3_860,Server3_1628,50.0,0.3633296535330212
Server3_1628,Server3_860,50.0,0.3633296535330212
Server3_860,Server3_1595,50.0,0.4234173577153848
Server3_1595,Server3_860,50.0,0.4234173577153848
Server3_860,Server3_1830,50.0,0.3155747386479368
Server3_1830,Server3_860,50.0,0.3155747386479368
Server3_778,Server3_1475,50.0,0.2714175634840064
Server3_1475,Server3_778,50.0,0.2714175634840064
Server3_778,Server3_1736,50.0,0.2924462435873253
Server3_1736,Server3_778,50.0,0.2924462435873253
Server3_1238,Server3_208,50.0,0.3353191833189978
Server3_208,Server3_1238,50.0,0.3353191833189978
Server3_1238,Server3_1302,1.0,2000.0
Server3_1302,Server3_1238,1.0,2000.0
Server3_1638,Server3_1164,50.0,0.4324898501110024
Server3_1164,Server3_1638,50.0,0.4324898501110024
Server3_827,Server3_818,50.0,0.4173251684126736
Server3_818,Server3_827,50.0,0.4173251684126736
Server3_827,Server3_129,50.0,0.33181232350637
Server3_129,Server3_827,50.0,0.33181232350637
Server3_827,Server3_1606,50.0,0.4713446903135328
Server3_1606,Server3_827,50.0,0.4713446903135328
Server3_804,Server3_1883,50.0,0.4834834810478564
Server3_1883,Server3_804,50.0,0.4834834810478564
Server3_804,Server3_1378,50.0,0.5041198823137862
Server3_1378,Server3_804,50.0,0.5041198823137862
Server3_1333,Server3_38,50.0,0.587122696334961
Server3_38,Server3_1333,50.0,0.587122696334961
Server3_1333,Server3_1173,50.0,0.5105611581124767
Server3_1173,Server3_1333,50.0,0.5105611581124767
Server3_394,Server3_1017,50.0,0.3516615047246031
Server3_1017,Server3_394,50.0,0.3516615047246031
Server3_394,Server3_1968,50.0,0.3859814711238454
Server3_1968,Server3_394,50.0,0.3859814711238454
Server3_394,Server3_701,50.0,0.4002770238391154
Server3_701,Server3_394,50.0,0.4002770238391154
Server3_304,Server3_1102,50.0,0.3246519305049278
Server3_1102,Server3_304,50.0,0.3246519305049278
Server3_304,Server3_1013,1.0,2000.0
Server3_1013,Server3_304,1.0,2000.0
Server3_627,Server3_1704,50.0,0.3783256015499823
Server3_1704,Server3_627,50.0,0.3783256015499823
Server3_627,Server3_76,50.0,0.5462486872375538
Server3_76,Server3_627,50.0,0.5462486872375538
Server3_1810,Server3_395,50.0,0.5056111781573043
Server3_395,Server3_1810,50.0,0.5056111781573043
Server3_1810,Server3_1202,50.0,0.4407742905683954
Server3_1202,Server3_1810,50.0,0.4407742905683954
Server3_1966,Server3_547,50.0,0.3798238051896052
Server3_547,Server3_1966,50.0,0.3798238051896052
Server3_1403,Server3_1107,50.0,0.4806692212103046
Server3_1107,Server3_1403,50.0,0.4806692212103046
Server3_1403,Server3_1202,50.0,0.3656599536808494
Server3_1202,Server3_1403,50.0,0.3656599536808494
Server3_866,Server3_90,50.0,0.5018124856143708
Server3_90,Server3_866,50.0,0.5018124856143708
Server3_866,Server3_1282,50.0,0.5430149004696259
Server3_1282,Server3_866,50.0,0.5430149004696259
Server3_552,Server3_1401,50.0,0.476179223142873
Server3_1401,Server3_552,50.0,0.476179223142873
Server3_552,Server3_832,50.0,0.4520333162898655
Server3_832,Server3_552,50.0,0.4520333162898655
Server3_552,Server3_1308,50.0,0.3896533136025638
Server3_1308,Server3_552,50.0,0.3896533136025638
Server3_896,Server3_924,50.0,0.3952938051184901
Server3_924,Server3_896,50.0,0.3952938051184901
Server3_896,Server3_981,50.0,0.3144614820843096
Server3_981,Server3_896,50.0,0.3144614820843096
Server3_896,Server3_461,50.0,0.3362974301053244
Server3_461,Server3_896,50.0,0.3362974301053244
Server3_896,Server3_1709,50.0,0.3663737507297658
Server3_1709,Server3_896,50.0,0.3663737507297658
Server3_730,Server3_1807,50.0,0.41991690161605
Server3_1807,Server3_730,50.0,0.41991690161605
Server3_730,Server3_430,50.0,0.3277865655594361
Server3_430,Server3_730,50.0,0.3277865655594361
Server3_730,Server3_1284,50.0,0.4097106637916096
Server3_1284,Server3_730,50.0,0.4097106637916096
Server3_788,Server3_1324,50.0,0.290179549651981
Server3_1324,Server3_788,50.0,0.290179549651981
Server3_788,Server3_736,50.0,0.2716112551924938
Server3_736,Server3_788,50.0,0.2716112551924938
Server3_807,Server3_402,50.0,0.3361943265823822
Server3_402,Server3_807,50.0,0.3361943265823822
Server3_807,Server3_915,50.0,0.5089667614646853
Server3_915,Server3_807,50.0,0.5089667614646853
Server3_1666,Server3_1001,50.0,0.4064400220183918
Server3_1001,Server3_1666,50.0,0.4064400220183918
Server3_1464,Server3_1830,50.0,0.3633558565188356
Server3_1830,Server3_1464,50.0,0.3633558565188356
Server3_1464,Server3_1149,50.0,0.3704259323737874
Server3_1149,Server3_1464,50.0,0.3704259323737874
Server3_584,Server3_908,50.0,0.406752489024203
Server3_908,Server3_584,50.0,0.406752489024203
Server3_584,Server3_1960,50.0,0.4099359849531428
Server3_1960,Server3_584,50.0,0.4099359849531428
Server3_110,Server3_439,50.0,0.3215196557656802
Server3_439,Server3_110,50.0,0.3215196557656802
Server3_110,Server3_1813,50.0,0.3749323099289114
Server3_1813,Server3_110,50.0,0.3749323099289114
Server3_110,Server3_1651,50.0,0.3531423641480384
Server3_1651,Server3_110,50.0,0.3531423641480384
Server3_720,Server3_1265,1.0,2000.0
Server3_1265,Server3_720,1.0,2000.0
Server3_720,Server3_1868,50.0,0.4923469974361504
Server3_1868,Server3_720,50.0,0.4923469974361504
Server3_720,Server3_1618,50.0,0.5917693472081895
Server3_1618,Server3_720,50.0,0.5917693472081895
Server3_1598,Server3_1503,50.0,0.3185227423500766
Server3_1503,Server3_1598,50.0,0.3185227423500766
Server3_1598,Server3_194,50.0,0.4250893755470834
Server3_194,Server3_1598,50.0,0.4250893755470834
Server3_1598,Server3_1182,50.0,0.3130651249167576
Server3_1182,Server3_1598,50.0,0.3130651249167576
Server3_740,Server3_600,50.0,0.3968362517850524
Server3_600,Server3_740,50.0,0.3968362517850524
Server3_740,Server3_33,50.0,0.3874730097663912
Server3_33,Server3_740,50.0,0.3874730097663912
Server3_997,Server3_186,50.0,0.5043723417515087
Server3_186,Server3_997,50.0,0.5043723417515087
Server3_997,Server3_1977,50.0,0.5139725054211141
Server3_1977,Server3_997,50.0,0.5139725054211141
Server3_997,Server3_64,50.0,0.3948702645790388
Server3_64,Server3_997,50.0,0.3948702645790388
Server3_1138,Server3_1468,50.0,0.3439191750904856
Server3_1468,Server3_1138,50.0,0.3439191750904856
Server3_1571,Server3_561,50.0,0.4015958986183398
Server3_561,Server3_1571,50.0,0.4015958986183398
Server3_1571,Server3_779,50.0,0.4321427551552454
Server3_779,Server3_1571,50.0,0.4321427551552454
Server3_86,Server3_1018,50.0,0.3709537187182115
Server3_1018,Server3_86,50.0,0.3709537187182115
Server3_86,Server3_820,50.0,0.4311976912354143
Server3_820,Server3_86,50.0,0.4311976912354143
Server3_86,Server3_1594,50.0,0.4400048698018072
Server3_1594,Server3_86,50.0,0.4400048698018072
Server3_1340,Server3_849,50.0,0.4994259517009779
Server3_849,Server3_1340,50.0,0.4994259517009779
Server3_1340,Server3_1207,50.0,0.2994314377219509
Server3_1207,Server3_1340,50.0,0.2994314377219509
Server3_426,Server3_1009,50.0,0.4312380572762814
Server3_1009,Server3_426,50.0,0.4312380572762814
Server3_1110,Server3_203,50.0,0.3595126761928068
Server3_203,Server3_1110,50.0,0.3595126761928068
Server3_1612,Server3_528,50.0,0.4627298568635572
Server3_528,Server3_1612,50.0,0.4627298568635572
Server3_1612,Server3_1135,50.0,0.4366043805397891
Server3_1135,Server3_1612,50.0,0.4366043805397891
Server3_1612,Server3_1702,50.0,0.4255642724415602
Server3_1702,Server3_1612,50.0,0.4255642724415602
Server3_1612,Server3_191,50.0,0.4656786719182849
Server3_191,Server3_1612,50.0,0.4656786719182849
Server3_1765,Server3_1562,50.0,0.4054946275031116
Server3_1562,Server3_1765,50.0,0.4054946275031116
Server3_1765,Server3_1337,50.0,0.3197612418227404
Server3_1337,Server3_1765,50.0,0.3197612418227404
Server3_930,Server3_241,50.0,0.4097826703710731
Server3_241,Server3_930,50.0,0.4097826703710731
Server3_930,Server3_1269,50.0,0.5009334426035594
Server3_1269,Server3_930,50.0,0.5009334426035594
Server3_78,Server3_713,50.0,0.3181739099607458
Server3_713,Server3_78,50.0,0.3181739099607458
Server3_78,Server3_30,50.0,0.3520056650442672
Server3_30,Server3_78,50.0,0.3520056650442672
Server3_78,Server3_1542,50.0,0.4150227156347888
Server3_1542,Server3_78,50.0,0.4150227156347888
Server3_78,Server3_315,50.0,0.3501244025792876
Server3_315,Server3_78,50.0,0.3501244025792876
Server3_1755,Server3_11,50.0,0.3107774972072372
Server3_11,Server3_1755,50.0,0.3107774972072372
Server3_1755,Server3_918,50.0,0.5045368855661057
Server3_918,Server3_1755,50.0,0.5045368855661057
Server3_1755,Server3_228,1.0,2000.0
Server3_228,Server3_1755,1.0,2000.0
Server3_151,Server3_1754,50.0,0.4403499795157514
Server3_1754,Server3_151,50.0,0.4403499795157514
Server3_1914,Server3_447,50.0,0.3728443274987458
Server3_447,Server3_1914,50.0,0.3728443274987458
Server3_1914,Server3_221,50.0,0.4892025800297761
Server3_221,Server3_1914,50.0,0.4892025800297761
Server3_989,Server3_319,50.0,0.3477634442587836
Server3_319,Server3_989,50.0,0.3477634442587836
Server3_989,Server3_1237,50.0,0.3259958838687066
Server3_1237,Server3_989,50.0,0.3259958838687066
Server3_989,Server3_1854,50.0,0.4398446128287901
Server3_1854,Server3_989,50.0,0.4398446128287901
Server3_989,Server3_1728,50.0,0.3586928676932518
Server3_1728,Server3_989,50.0,0.3586928676932518
Server3_1512,Server3_327,50.0,0.5323432759081261
Server3_327,Server3_1512,50.0,0.5323432759081261
Server3_1272,Server3_46,50.0,0.316871623459054
Server3_46,Server3_1272,50.0,0.316871623459054
Server3_1272,Server3_658,50.0,0.2900655242969888
Server3_658,Server3_1272,50.0,0.2900655242969888
Server3_1272,Server3_232,50.0,0.338915992182985
Server3_232,Server3_1272,50.0,0.338915992182985
Server3_479,Server3_966,50.0,0.4704747011243354
Server3_966,Server3_479,50.0,0.4704747011243354
Server3_479,Server3_925,50.0,0.4222339788758856
Server3_925,Server3_479,50.0,0.4222339788758856
Server3_479,Server3_792,50.0,0.4351986723435596
Server3_792,Server3_479,50.0,0.4351986723435596
Server3_1093,Server3_1453,50.0,0.4394852082213736
Server3_1453,Server3_1093,50.0,0.4394852082213736
Server3_1093,Server3_358,50.0,0.4502712834018235
Server3_358,Server3_1093,50.0,0.4502712834018235
Server3_1093,Server3_1963,50.0,0.5367816253786193
Server3_1963,Server3_1093,50.0,0.5367816253786193
Server3_1380,Server3_474,50.0,0.325243812058133
Server3_474,Server3_1380,50.0,0.325243812058133
Server3_1380,Server3_495,50.0,0.3405771429234258
Server3_495,Server3_1380,50.0,0.3405771429234258
Server3_1380,Server3_292,50.0,0.3380675026819272
Server3_292,Server3_1380,50.0,0.3380675026819272
Server3_1517,Server3_1142,50.0,0.3944723786334374
Server3_1142,Server3_1517,50.0,0.3944723786334374
Server3_1517,Server3_461,50.0,0.3324526325176561
Server3_461,Server3_1517,50.0,0.3324526325176561
Server3_1517,Server3_289,50.0,0.2962852305769796
Server3_289,Server3_1517,50.0,0.2962852305769796
Server3_891,Server3_91,50.0,0.3414894883540313
Server3_91,Server3_891,50.0,0.3414894883540313
Server3_891,Server3_707,1.0,2000.0
Server3_707,Server3_891,1.0,2000.0
Server3_1387,Server3_1666,50.0,0.3084870125575575
Server3_1666,Server3_1387,50.0,0.3084870125575575
Server3_1387,Server3_996,50.0,0.3017704305666058
Server3_996,Server3_1387,50.0,0.3017704305666058
Server3_1387,Server3_280,50.0,0.4228459540237147
Server3_280,Server3_1387,50.0,0.4228459540237147
Server3_789,Server3_1558,50.0,0.3877657040281778
Server3_1558,Server3_789,50.0,0.3877657040281778
Server3_1389,Server3_1944,50.0,0.5538229298072815
Server3_1944,Server3_1389,50.0,0.5538229298072815
Server3_1389,Server3_47,50.0,0.3820124013305858
Server3_47,Server3_1389,50.0,0.3820124013305858
Server3_1389,Server3_66,50.0,0.3961310428598186
Server3_66,Server3_1389,50.0,0.3961310428598186
Server3_545,Server3_1114,1.0,2000.0
Server3_1114,Server3_545,1.0,2000.0
Server3_545,Server3_92,50.0,0.440735215294737
Server3_92,Server3_545,50.0,0.440735215294737
Server3_1881,Server3_195,50.0,0.3377358539511328
Server3_195,Server3_1881,50.0,0.3377358539511328
Server3_1881,Server3_1428,50.0,0.3595236315142236
Server3_1428,Server3_1881,50.0,0.3595236315142236
Server3_371,Server3_1142,50.0,0.4270116038479756
Server3_1142,Server3_371,50.0,0.4270116038479756
Server3_371,Server3_1018,50.0,0.2952220251512388
Server3_1018,Server3_371,50.0,0.2952220251512388
Server3_869,Server3_1894,50.0,0.3616212621406492
Server3_1894,Server3_869,50.0,0.3616212621406492
Server3_869,Server3_1305,50.0,0.4282606576714517
Server3_1305,Server3_869,50.0,0.4282606576714517
Server3_869,Server3_885,50.0,0.3362542253487873
Server3_885,Server3_869,50.0,0.3362542253487873
Server3_1449,Server3_1933,50.0,0.3417302190714625
Server3_1933,Server3_1449,50.0,0.3417302190714625
Server3_1449,Server3_884,50.0,0.3552941519277001
Server3_884,Server3_1449,50.0,0.3552941519277001
Server3_1449,Server3_1533,50.0,0.4062671508010538
Server3_1533,Server3_1449,50.0,0.4062671508010538
Server3_1449,Server3_1052,50.0,0.3513714045250633
Server3_1052,Server3_1449,50.0,0.3513714045250633
Server3_1837,Server3_463,1.0,2000.0
Server3_463,Server3_1837,1.0,2000.0
Server3_1837,Server3_1405,50.0,0.4001643847354602
Server3_1405,Server3_1837,50.0,0.4001643847354602
Server3_482,Server3_1403,50.0,0.4877925984335511
Server3_1403,Server3_482,50.0,0.4877925984335511
Server3_482,Server3_1071,50.0,0.3245263306267278
Server3_1071,Server3_482,50.0,0.3245263306267278
Server3_1782,Server3_307,50.0,0.2741930843343626
Server3_307,Server3_1782,50.0,0.2741930843343626
Server3_1782,Server3_235,50.0,0.3526382441271076
Server3_235,Server3_1782,50.0,0.3526382441271076
Server3_9,Server3_1080,50.0,0.3445859821538444
Server3_1080,Server3_9,50.0,0.3445859821538444
Server3_9,Server3_882,50.0,0.4940603740427664
Server3_882,Server3_9,50.0,0.4940603740427664
Server3_1693,Server3_705,50.0,0.3415885931635374
Server3_705,Server3_1693,50.0,0.3415885931635374
Server3_1693,Server3_1160,1.0,2000.0
Server3_1160,Server3_1693,1.0,2000.0
Server3_1693,Server3_1354,50.0,0.4400504411196226
Server3_1354,Server3_1693,50.0,0.4400504411196226
Server3_882,Server3_1564,50.0,0.4914354412439872
Server3_1564,Server3_882,50.0,0.4914354412439872
Server3_882,Server3_448,50.0,0.5539902912154719
Server3_448,Server3_882,50.0,0.5539902912154719
Server3_175,Server3_1230,50.0,0.369750552924143
Server3_1230,Server3_175,50.0,0.369750552924143
Server3_1982,Server3_1137,50.0,0.26543306903687
Server3_1137,Server3_1982,50.0,0.26543306903687
Server3_1982,Server3_1715,1.0,2000.0
Server3_1715,Server3_1982,1.0,2000.0
Server3_1753,Server3_379,50.0,0.3456638372266732
Server3_379,Server3_1753,50.0,0.3456638372266732
Server3_1753,Server3_1147,50.0,0.3514085499367176
Server3_1147,Server3_1753,50.0,0.3514085499367176
Server3_910,Server3_30,50.0,0.2778213600224324
Server3_30,Server3_910,50.0,0.2778213600224324
Server3_910,Server3_1278,1.0,2000.0
Server3_1278,Server3_910,1.0,2000.0
Server3_910,Server3_78,50.0,0.3516106500288707
Server3_78,Server3_910,50.0,0.3516106500288707
Server3_495,Server3_1146,50.0,0.3446704438466942
Server3_1146,Server3_495,50.0,0.3446704438466942
Server3_495,Server3_1245,50.0,0.4356190101783064
Server3_1245,Server3_495,50.0,0.4356190101783064
Server3_501,Server3_1677,50.0,0.3497671254949628
Server3_1677,Server3_501,50.0,0.3497671254949628
Server3_501,Server3_162,50.0,0.3719963101148118
Server3_162,Server3_501,50.0,0.3719963101148118
Server3_229,Server3_586,50.0,0.3554589124795126
Server3_586,Server3_229,50.0,0.3554589124795126
Server3_852,Server3_983,50.0,0.2689448820746022
Server3_983,Server3_852,50.0,0.2689448820746022
Server3_852,Server3_189,50.0,0.3694255886574266
Server3_189,Server3_852,50.0,0.3694255886574266
Server3_1401,Server3_1554,50.0,0.4863961035550233
Server3_1554,Server3_1401,50.0,0.4863961035550233
Server3_1401,Server3_1679,50.0,0.3446726272810649
Server3_1679,Server3_1401,50.0,0.3446726272810649
Server3_399,Server3_87,50.0,0.3131327382496354
Server3_87,Server3_399,50.0,0.3131327382496354
Server3_399,Server3_898,50.0,0.2930076966297077
Server3_898,Server3_399,50.0,0.2930076966297077
Server3_1078,Server3_1305,50.0,0.3333518773353639
Server3_1305,Server3_1078,50.0,0.3333518773353639
Server3_1078,Server3_1837,50.0,0.3661861009342402
Server3_1837,Server3_1078,50.0,0.3661861009342402
Server3_1078,Server3_1186,50.0,0.3795753491358636
Server3_1186,Server3_1078,50.0,0.3795753491358636
Server3_1078,Server3_83,50.0,0.3331274580147943
Server3_83,Server3_1078,50.0,0.3331274580147943
Server3_861,Server3_1746,50.0,0.4233673990275997
Server3_1746,Server3_861,50.0,0.4233673990275997
Server3_861,Server3_1326,1.0,2000.0
Server3_1326,Server3_861,1.0,2000.0
Server3_1336,Server3_348,50.0,0.4106109041765953
Server3_348,Server3_1336,50.0,0.4106109041765953
Server3_1336,Server3_1031,50.0,0.5000300345059348
Server3_1031,Server3_1336,50.0,0.5000300345059348
Server3_1545,Server3_1988,50.0,0.4073545690841825
Server3_1988,Server3_1545,50.0,0.4073545690841825
Server3_1545,Server3_415,50.0,0.3085607934353908
Server3_415,Server3_1545,50.0,0.3085607934353908
Server3_1545,Server3_1051,50.0,0.4000668895812878
Server3_1051,Server3_1545,50.0,0.4000668895812878
Server3_1545,Server3_1306,50.0,0.4163223905842996
Server3_1306,Server3_1545,50.0,0.4163223905842996
Server3_731,Server3_562,50.0,0.3229142995846368
Server3_562,Server3_731,50.0,0.3229142995846368
Server3_731,Server3_1092,50.0,0.463609882242119
Server3_1092,Server3_731,50.0,0.463609882242119
Server3_731,Server3_1108,50.0,0.5627987618723548
Server3_1108,Server3_731,50.0,0.5627987618723548
Server3_731,Server3_1527,50.0,0.4838501443634149
Server3_1527,Server3_731,50.0,0.4838501443634149
Server3_755,Server3_13,50.0,0.4182201717756331
Server3_13,Server3_755,50.0,0.4182201717756331
Server3_755,Server3_1525,50.0,0.3643771309133372
Server3_1525,Server3_755,50.0,0.3643771309133372
Server3_755,Server3_118,50.0,0.3083158139065134
Server3_118,Server3_755,50.0,0.3083158139065134
Server3_525,Server3_807,50.0,0.3242463428541477
Server3_807,Server3_525,50.0,0.3242463428541477
Server3_525,Server3_915,50.0,0.4201021443263912
Server3_915,Server3_525,50.0,0.4201021443263912
Server3_1535,Server3_1831,50.0,0.3282728304114451
Server3_1831,Server3_1535,50.0,0.3282728304114451
Server3_1535,Server3_63,50.0,0.318259232977571
Server3_63,Server3_1535,50.0,0.318259232977571
Server3_1535,Server3_1007,50.0,0.307880647210508
Server3_1007,Server3_1535,50.0,0.307880647210508
Server3_1965,Server3_980,50.0,0.4545861069556371
Server3_980,Server3_1965,50.0,0.4545861069556371
Server3_1965,Server3_1218,50.0,0.4607676145169992
Server3_1218,Server3_1965,50.0,0.4607676145169992
Server3_1965,Server3_240,50.0,0.4029281816616
Server3_240,Server3_1965,50.0,0.4029281816616
Server3_1965,Server3_1337,50.0,0.3964743697631223
Server3_1337,Server3_1965,50.0,0.3964743697631223
Server3_1542,Server3_760,50.0,0.3386251329062099
Server3_760,Server3_1542,50.0,0.3386251329062099
Server3_1542,Server3_162,50.0,0.4072005755245144
Server3_162,Server3_1542,50.0,0.4072005755245144
Server3_166,Server3_606,50.0,0.4111086086209248
Server3_606,Server3_166,50.0,0.4111086086209248
Server3_166,Server3_389,50.0,0.438661200516011
Server3_389,Server3_166,50.0,0.438661200516011
Server3_1907,Server3_1953,50.0,0.3021430533609694
Server3_1953,Server3_1907,50.0,0.3021430533609694
Server3_1907,Server3_979,50.0,0.4305822295564508
Server3_979,Server3_1907,50.0,0.4305822295564508
Server3_1907,Server3_640,50.0,0.3968028686475519
Server3_640,Server3_1907,50.0,0.3968028686475519
Server3_727,Server3_1423,50.0,0.4090104866080992
Server3_1423,Server3_727,50.0,0.4090104866080992
Server3_727,Server3_996,50.0,0.448724887664942
Server3_996,Server3_727,50.0,0.448724887664942
Server3_727,Server3_1877,50.0,0.4896784514533261
Server3_1877,Server3_727,50.0,0.4896784514533261
Server3_261,Server3_1072,50.0,0.5466711276806819
Server3_1072,Server3_261,50.0,0.5466711276806819
Server3_261,Server3_278,50.0,0.5168176473278293
Server3_278,Server3_261,50.0,0.5168176473278293
Server3_261,Server3_1648,50.0,0.5004926974734157
Server3_1648,Server3_261,50.0,0.5004926974734157
Server3_1814,Server3_1486,50.0,0.6858336976558903
Server3_1486,Server3_1814,50.0,0.6858336976558903
Server3_1814,Server3_1667,50.0,0.363244450896074
Server3_1667,Server3_1814,50.0,0.363244450896074
Server3_1814,Server3_1276,50.0,0.4292761045112498
Server3_1276,Server3_1814,50.0,0.4292761045112498
Server3_1913,Server3_761,1.0,2000.0
Server3_761,Server3_1913,1.0,2000.0
Server3_1913,Server3_1322,50.0,0.4229890378417976
Server3_1322,Server3_1913,50.0,0.4229890378417976
Server3_214,Server3_1771,50.0,0.3254097062638556
Server3_1771,Server3_214,50.0,0.3254097062638556
Server3_214,Server3_710,50.0,0.2883545492320103
Server3_710,Server3_214,50.0,0.2883545492320103
Server3_214,Server3_1889,50.0,0.2947029434617934
Server3_1889,Server3_214,50.0,0.2947029434617934
Server3_214,Server3_1593,50.0,0.3036469446419766
Server3_1593,Server3_214,50.0,0.3036469446419766
Server3_1802,Server3_1089,50.0,0.3560677692498654
Server3_1089,Server3_1802,50.0,0.3560677692498654
Server3_1802,Server3_1336,50.0,0.3918809187865024
Server3_1336,Server3_1802,50.0,0.3918809187865024
Server3_271,Server3_1466,50.0,0.4047591080402043
Server3_1466,Server3_271,50.0,0.4047591080402043
Server3_271,Server3_1997,50.0,0.4117443425028074
Server3_1997,Server3_271,50.0,0.4117443425028074
Server3_186,Server3_1337,50.0,0.3163517139914014
Server3_1337,Server3_186,50.0,0.3163517139914014
Server3_186,Server3_141,50.0,0.3050838518566154
Server3_141,Server3_186,50.0,0.3050838518566154
Server3_186,Server3_230,50.0,0.290131100864297
Server3_230,Server3_186,50.0,0.290131100864297
Server3_186,Server3_1562,50.0,0.3820322208666006
Server3_1562,Server3_186,50.0,0.3820322208666006
Server3_1806,Server3_1029,50.0,0.3013884952238599
Server3_1029,Server3_1806,50.0,0.3013884952238599
Server3_1806,Server3_509,50.0,0.394748386687136
Server3_509,Server3_1806,50.0,0.394748386687136
Server3_1398,Server3_1990,50.0,0.4680274444561298
Server3_1990,Server3_1398,50.0,0.4680274444561298
Server3_1398,Server3_218,50.0,0.376925398043252
Server3_218,Server3_1398,50.0,0.376925398043252
Server3_79,Server3_1680,50.0,0.2991266382480024
Server3_1680,Server3_79,50.0,0.2991266382480024
Server3_79,Server3_784,50.0,0.3829482124662863
Server3_784,Server3_79,50.0,0.3829482124662863
Server3_95,Server3_511,50.0,0.3659508565285278
Server3_511,Server3_95,50.0,0.3659508565285278
Server3_95,Server3_753,50.0,0.382924909652798
Server3_753,Server3_95,50.0,0.382924909652798
Server3_95,Server3_1934,50.0,0.3268914758020252
Server3_1934,Server3_95,50.0,0.3268914758020252
Server3_1941,Server3_1766,50.0,0.349612291077634
Server3_1766,Server3_1941,50.0,0.349612291077634
Server3_1941,Server3_908,50.0,0.2982700544429299
Server3_908,Server3_1941,50.0,0.2982700544429299
Server3_1941,Server3_294,50.0,0.3551384304650353
Server3_294,Server3_1941,50.0,0.3551384304650353
Server3_1941,Server3_214,50.0,0.3304350005501683
Server3_214,Server3_1941,50.0,0.3304350005501683
Server3_792,Server3_1344,50.0,0.4713998607868549
Server3_1344,Server3_792,50.0,0.4713998607868549
Server3_792,Server3_1112,50.0,0.3865699987438368
Server3_1112,Server3_792,50.0,0.3865699987438368
Server3_792,Server3_1075,50.0,0.3684804489466743
Server3_1075,Server3_792,50.0,0.3684804489466743
Server3_792,Server3_409,50.0,0.36656223130509
Server3_409,Server3_792,50.0,0.36656223130509
Server3_1509,Server3_1186,50.0,0.267947147875426
Server3_1186,Server3_1509,50.0,0.267947147875426
Server3_1509,Server3_1119,50.0,0.3525033088790596
Server3_1119,Server3_1509,50.0,0.3525033088790596
Server3_182,Server3_1348,50.0,0.3791711387759412
Server3_1348,Server3_182,50.0,0.3791711387759412
Server3_182,Server3_329,1.0,2000.0
Server3_329,Server3_182,1.0,2000.0
Server3_1733,Server3_548,50.0,0.3983697729151972
Server3_548,Server3_1733,50.0,0.3983697729151972
Server3_1685,Server3_322,1.0,2000.0
Server3_322,Server3_1685,1.0,2000.0
Server3_1685,Server3_1097,50.0,0.3401605780045954
Server3_1097,Server3_1685,50.0,0.3401605780045954
Server3_1685,Server3_526,50.0,0.3321817538135459
Server3_526,Server3_1685,50.0,0.3321817538135459
Server3_2,Server3_1028,50.0,0.3652770043108181
Server3_1028,Server3_2,50.0,0.3652770043108181
Server3_2,Server3_222,50.0,0.36785215402743
Server3_222,Server3_2,50.0,0.36785215402743
Server3_2,Server3_1484,50.0,0.4191895176052228
Server3_1484,Server3_2,50.0,0.4191895176052228
Server3_1245,Server3_1547,50.0,0.3622521179267252
Server3_1547,Server3_1245,50.0,0.3622521179267252
Server3_1446,Server3_537,50.0,0.3603949152493729
Server3_537,Server3_1446,50.0,0.3603949152493729
Server3_1446,Server3_1955,50.0,0.4066979233937429
Server3_1955,Server3_1446,50.0,0.4066979233937429
Server3_155,Server3_1948,50.0,0.4120286688506058
Server3_1948,Server3_155,50.0,0.4120286688506058
Server3_155,Server3_1111,50.0,0.3297974545661366
Server3_1111,Server3_155,50.0,0.3297974545661366
Server3_155,Server3_921,50.0,0.3384678019502882
Server3_921,Server3_155,50.0,0.3384678019502882
Server3_376,Server3_1370,50.0,0.3413469873405264
Server3_1370,Server3_376,50.0,0.3413469873405264
Server3_421,Server3_1147,50.0,0.3374300065817432
Server3_1147,Server3_421,50.0,0.3374300065817432
Server3_421,Server3_120,50.0,0.2750278915488122
Server3_120,Server3_421,50.0,0.2750278915488122
Server3_1149,Server3_1399,50.0,0.3925760208331241
Server3_1399,Server3_1149,50.0,0.3925760208331241
Server3_1149,Server3_445,1.0,2000.0
Server3_445,Server3_1149,1.0,2000.0
Server3_1149,Server3_756,50.0,0.3132234387109792
Server3_756,Server3_1149,50.0,0.3132234387109792
Server3_1345,Server3_308,50.0,0.422626453725759
Server3_308,Server3_1345,50.0,0.422626453725759
Server3_1345,Server3_613,50.0,0.4702261154979686
Server3_613,Server3_1345,50.0,0.4702261154979686
Server3_489,Server3_1091,50.0,0.3197714715781662
Server3_1091,Server3_489,50.0,0.3197714715781662
Server3_489,Server3_835,1.0,2000.0
Server3_835,Server3_489,1.0,2000.0
Server3_489,Server3_1064,50.0,0.3588034847328972
Server3_1064,Server3_489,50.0,0.3588034847328972
Server3_489,Server3_593,50.0,0.4241171975263668
Server3_593,Server3_489,50.0,0.4241171975263668
Server3_639,Server3_628,50.0,0.4047124980833236
Server3_628,Server3_639,50.0,0.4047124980833236
Server3_639,Server3_1037,1.0,2000.0
Server3_1037,Server3_639,1.0,2000.0
Server3_639,Server3_12,50.0,0.3326278074527738
Server3_12,Server3_639,50.0,0.3326278074527738
Server3_612,Server3_1795,50.0,0.3507897486421122
Server3_1795,Server3_612,50.0,0.3507897486421122
Server3_612,Server3_1952,50.0,0.3592766371248626
Server3_1952,Server3_612,50.0,0.3592766371248626
Server3_612,Server3_621,50.0,0.3490535434831799
Server3_621,Server3_612,50.0,0.3490535434831799
Server3_147,Server3_359,50.0,0.4035366236946345
Server3_359,Server3_147,50.0,0.4035366236946345
Server3_147,Server3_1701,50.0,0.302074436226931
Server3_1701,Server3_147,50.0,0.302074436226931
Server3_147,Server3_1015,1.0,2000.0
Server3_1015,Server3_147,1.0,2000.0
Server3_147,Server3_131,50.0,0.3550675480019093
Server3_131,Server3_147,50.0,0.3550675480019093
Server3_762,Server3_1062,50.0,0.3817815040881939
Server3_1062,Server3_762,50.0,0.3817815040881939
Server3_1453,Server3_275,50.0,0.3472006965387672
Server3_275,Server3_1453,50.0,0.3472006965387672
Server3_1874,Server3_1758,50.0,0.2955615586386087
Server3_1758,Server3_1874,50.0,0.2955615586386087
Server3_1874,Server3_1923,50.0,0.3618937495375967
Server3_1923,Server3_1874,50.0,0.3618937495375967
Server3_1874,Server3_1134,1.0,2000.0
Server3_1134,Server3_1874,1.0,2000.0
Server3_466,Server3_1874,50.0,0.4299503997559539
Server3_1874,Server3_466,50.0,0.4299503997559539
Server3_466,Server3_1558,50.0,0.3990174879260556
Server3_1558,Server3_466,50.0,0.3990174879260556
Server3_1879,Server3_1713,50.0,0.3261163902196451
Server3_1713,Server3_1879,50.0,0.3261163902196451
Server3_1879,Server3_1829,50.0,0.3046727566933796
Server3_1829,Server3_1879,50.0,0.3046727566933796
Server3_1879,Server3_1800,50.0,0.3696517963907633
Server3_1800,Server3_1879,50.0,0.3696517963907633
Server3_1879,Server3_1589,50.0,0.384233541091538
Server3_1589,Server3_1879,50.0,0.384233541091538
Server3_1090,Server3_222,50.0,0.4569591618911152
Server3_222,Server3_1090,50.0,0.4569591618911152
Server3_1090,Server3_275,50.0,0.4747229657616272
Server3_275,Server3_1090,50.0,0.4747229657616272
Server3_30,Server3_315,50.0,0.4137657815256116
Server3_315,Server3_30,50.0,0.4137657815256116
Server3_30,Server3_736,50.0,0.3732243973094316
Server3_736,Server3_30,50.0,0.3732243973094316
Server3_30,Server3_162,50.0,0.4357036001433244
Server3_162,Server3_30,50.0,0.4357036001433244
Server3_1115,Server3_1484,50.0,0.3016453208727472
Server3_1484,Server3_1115,50.0,0.3016453208727472
Server3_1115,Server3_313,50.0,0.3780214115854614
Server3_313,Server3_1115,50.0,0.3780214115854614
Server3_713,Server3_1677,50.0,0.4100085310977055
Server3_1677,Server3_713,50.0,0.4100085310977055
Server3_713,Server3_736,50.0,0.2938438323239963
Server3_736,Server3_713,50.0,0.2938438323239963
Server3_713,Server3_7,1.0,2000.0
Server3_7,Server3_713,1.0,2000.0
Server3_713,Server3_501,50.0,0.3141830881416902
Server3_501,Server3_713,50.0,0.3141830881416902
Server3_1257,Server3_53,50.0,0.3629299614869638
Server3_53,Server3_1257,50.0,0.3629299614869638
Server3_1257,Server3_500,50.0,0.5321194654553314
Server3_500,Server3_1257,50.0,0.5321194654553314
Server3_1257,Server3_1537,50.0,0.3828330752588838
Server3_1537,Server3_1257,50.0,0.3828330752588838
Server3_157,Server3_1126,50.0,0.3707758192758702
Server3_1126,Server3_157,50.0,0.3707758192758702
Server3_157,Server3_659,1.0,2000.0
Server3_659,Server3_157,1.0,2000.0
Server3_157,Server3_1311,50.0,0.3885408569315498
Server3_1311,Server3_157,50.0,0.3885408569315498
Server3_157,Server3_1738,50.0,0.2812093622920078
Server3_1738,Server3_157,50.0,0.2812093622920078
Server3_1632,Server3_1474,50.0,0.3956784569350195
Server3_1474,Server3_1632,50.0,0.3956784569350195
Server3_24,Server3_1464,50.0,0.4021114444009814
Server3_1464,Server3_24,50.0,0.4021114444009814
Server3_24,Server3_50,50.0,0.3319814914319266
Server3_50,Server3_24,50.0,0.3319814914319266
Server3_875,Server3_1741,50.0,0.336433891556704
Server3_1741,Server3_875,50.0,0.336433891556704
Server3_875,Server3_1563,50.0,0.2989045963968476
Server3_1563,Server3_875,50.0,0.2989045963968476
Server3_875,Server3_1272,50.0,0.3121067316213008
Server3_1272,Server3_875,50.0,0.3121067316213008
Server3_875,Server3_131,50.0,0.3011991385714438
Server3_131,Server3_875,50.0,0.3011991385714438
Server3_1000,Server3_182,50.0,0.3470260053801633
Server3_182,Server3_1000,50.0,0.3470260053801633
Server3_1000,Server3_1343,50.0,0.3982910615264753
Server3_1343,Server3_1000,50.0,0.3982910615264753
Server3_1000,Server3_703,50.0,0.329623818070812
Server3_703,Server3_1000,50.0,0.329623818070812
Server3_1000,Server3_1789,50.0,0.3099656386394034
Server3_1789,Server3_1000,50.0,0.3099656386394034
Server3_105,Server3_774,50.0,0.4475241882576597
Server3_774,Server3_105,50.0,0.4475241882576597
Server3_105,Server3_864,50.0,0.4769791846789478
Server3_864,Server3_105,50.0,0.4769791846789478
Server3_1616,Server3_871,50.0,0.3430502513055839
Server3_871,Server3_1616,50.0,0.3430502513055839
Server3_1437,Server3_474,50.0,0.36514594005886
Server3_474,Server3_1437,50.0,0.36514594005886
Server3_1437,Server3_1027,50.0,0.3969489956013208
Server3_1027,Server3_1437,50.0,0.3969489956013208
Server3_1437,Server3_734,50.0,0.3845566820394424
Server3_734,Server3_1437,50.0,0.3845566820394424
Server3_1486,Server3_632,50.0,0.5238445435874937
Server3_632,Server3_1486,50.0,0.5238445435874937
Server3_1486,Server3_1541,50.0,0.4249423147509873
Server3_1541,Server3_1486,50.0,0.4249423147509873
Server3_1929,Server3_1915,50.0,0.3139706444960646
Server3_1915,Server3_1929,50.0,0.3139706444960646
Server3_1929,Server3_1470,50.0,0.2755588923429138
Server3_1470,Server3_1929,50.0,0.2755588923429138
Server3_1370,Server3_872,1.0,2000.0
Server3_872,Server3_1370,1.0,2000.0
Server3_446,Server3_361,50.0,0.4484008244026018
Server3_361,Server3_446,50.0,0.4484008244026018
Server3_1477,Server3_48,50.0,0.406929584603118
Server3_48,Server3_1477,50.0,0.406929584603118
Server3_1477,Server3_242,1.0,2000.0
Server3_242,Server3_1477,1.0,2000.0
Server3_1477,Server3_693,50.0,0.4479958649700268
Server3_693,Server3_1477,50.0,0.4479958649700268
Server3_251,Server3_1147,50.0,0.4797975572127536
Server3_1147,Server3_251,50.0,0.4797975572127536
Server3_251,Server3_427,50.0,0.3103493972249354
Server3_427,Server3_251,50.0,0.3103493972249354
Server3_251,Server3_1445,50.0,0.3663760804317096
Server3_1445,Server3_251,50.0,0.3663760804317096
Server3_937,Server3_1850,50.0,0.4804775444293753
Server3_1850,Server3_937,50.0,0.4804775444293753
Server3_937,Server3_143,50.0,0.5231443534636834
Server3_143,Server3_937,50.0,0.5231443534636834
Server3_937,Server3_295,50.0,0.3975554565703655
Server3_295,Server3_937,50.0,0.3975554565703655
Server3_1580,Server3_256,50.0,0.5495254130086016
Server3_256,Server3_1580,50.0,0.5495254130086016
Server3_1783,Server3_281,50.0,0.378526703395926
Server3_281,Server3_1783,50.0,0.378526703395926
Server3_1783,Server3_1351,50.0,0.4057827596840266
Server3_1351,Server3_1783,50.0,0.4057827596840266
Server3_913,Server3_825,50.0,0.366479540632691
Server3_825,Server3_913,50.0,0.366479540632691
Server3_25,Server3_267,50.0,0.4072603642782855
Server3_267,Server3_25,50.0,0.4072603642782855
Server3_25,Server3_1191,50.0,0.3637645329907855
Server3_1191,Server3_25,50.0,0.3637645329907855
Server3_25,Server3_1872,50.0,0.3961347560366008
Server3_1872,Server3_25,50.0,0.3961347560366008
Server3_693,Server3_3,50.0,0.4335105430084782
Server3_3,Server3_693,50.0,0.4335105430084782
Server3_693,Server3_1763,50.0,0.501521386217079
Server3_1763,Server3_693,50.0,0.501521386217079
Server3_1153,Server3_1999,1.0,2000.0
Server3_1999,Server3_1153,1.0,2000.0
Server3_1153,Server3_1973,1.0,2000.0
Server3_1973,Server3_1153,1.0,2000.0
Server3_1153,Server3_814,1.0,2000.0
Server3_814,Server3_1153,1.0,2000.0
Server3_1898,Server3_526,50.0,0.3935993636820063
Server3_526,Server3_1898,50.0,0.3935993636820063
Server3_1898,Server3_762,50.0,0.4139063235521426
Server3_762,Server3_1898,50.0,0.4139063235521426
Server3_1408,Server3_1026,50.0,0.3816522667111754
Server3_1026,Server3_1408,50.0,0.3816522667111754
Server3_1408,Server3_852,50.0,0.293216115596249
Server3_852,Server3_1408,50.0,0.293216115596249
Server3_1408,Server3_728,50.0,0.3198249278482369
Server3_728,Server3_1408,50.0,0.3198249278482369
Server3_1829,Server3_1893,50.0,0.3529223842585852
Server3_1893,Server3_1829,50.0,0.3529223842585852
Server3_663,Server3_1742,50.0,0.3110553640031494
Server3_1742,Server3_663,50.0,0.3110553640031494
Server3_663,Server3_1378,50.0,0.5506077546246819
Server3_1378,Server3_663,50.0,0.5506077546246819
Server3_663,Server3_101,50.0,0.5960528415053734
Server3_101,Server3_663,50.0,0.5960528415053734
Server3_544,Server3_917,50.0,0.3967471366938538
Server3_917,Server3_544,50.0,0.3967471366938538
Server3_544,Server3_1569,50.0,0.3265154079248884
Server3_1569,Server3_544,50.0,0.3265154079248884
Server3_881,Server3_1967,50.0,0.3394326813265518
Server3_1967,Server3_881,50.0,0.3394326813265518
Server3_881,Server3_1721,50.0,0.5081422516410534
Server3_1721,Server3_881,50.0,0.5081422516410534
Server3_1955,Server3_1998,50.0,0.3396311786280302
Server3_1998,Server3_1955,50.0,0.3396311786280302
Server3_1955,Server3_537,50.0,0.3967191814541371
Server3_537,Server3_1955,50.0,0.3967191814541371
Server3_1099,Server3_1522,50.0,0.4182591982669132
Server3_1522,Server3_1099,50.0,0.4182591982669132
Server3_1099,Server3_688,50.0,0.3327677300631965
Server3_688,Server3_1099,50.0,0.3327677300631965
Server3_1028,Server3_34,50.0,0.3667917692277014
Server3_34,Server3_1028,50.0,0.3667917692277014
Server3_554,Server3_1841,50.0,0.4189899296532116
Server3_1841,Server3_554,50.0,0.4189899296532116
Server3_554,Server3_830,50.0,0.4776674744256444
Server3_830,Server3_554,50.0,0.4776674744256444
Server3_554,Server3_671,50.0,0.4756232892898576
Server3_671,Server3_554,50.0,0.4756232892898576
Server3_1674,Server3_1519,50.0,0.3990960087280866
Server3_1519,Server3_1674,50.0,0.3990960087280866
Server3_1674,Server3_1693,50.0,0.5056763726461707
Server3_1693,Server3_1674,50.0,0.5056763726461707
Server3_1674,Server3_1139,50.0,0.4176936741565236
Server3_1139,Server3_1674,50.0,0.4176936741565236
Server3_364,Server3_1858,1.0,2000.0
Server3_1858,Server3_364,1.0,2000.0
Server3_41,Server3_1411,50.0,0.4972424038131592
Server3_1411,Server3_41,50.0,0.4972424038131592
Server3_41,Server3_1414,50.0,0.3645648257051332
Server3_1414,Server3_41,50.0,0.3645648257051332
Server3_41,Server3_1266,50.0,0.4172505370339047
Server3_1266,Server3_41,50.0,0.4172505370339047
Server3_813,Server3_369,50.0,0.4198949994705835
Server3_369,Server3_813,50.0,0.4198949994705835
Server3_813,Server3_853,50.0,0.4194808496658568
Server3_853,Server3_813,50.0,0.4194808496658568
Server3_165,Server3_1668,50.0,0.4198836067576895
Server3_1668,Server3_165,50.0,0.4198836067576895
Server3_165,Server3_1643,50.0,0.5035540407435395
Server3_1643,Server3_165,50.0,0.5035540407435395
Server3_1428,Server3_1987,50.0,0.3121068525522018
Server3_1987,Server3_1428,50.0,0.3121068525522018
Server3_1428,Server3_1488,50.0,0.4360117052296794
Server3_1488,Server3_1428,50.0,0.4360117052296794
Server3_1428,Server3_1863,50.0,0.414787053444181
Server3_1863,Server3_1428,50.0,0.414787053444181
Server3_1428,Server3_518,50.0,0.4112868849013785
Server3_518,Server3_1428,50.0,0.4112868849013785
Server3_1155,Server3_291,50.0,0.3078186756981666
Server3_291,Server3_1155,50.0,0.3078186756981666
Server3_1155,Server3_1873,50.0,0.3916074028096908
Server3_1873,Server3_1155,50.0,0.3916074028096908
Server3_1155,Server3_1815,50.0,0.4123761089083233
Server3_1815,Server3_1155,50.0,0.4123761089083233
Server3_1116,Server3_641,50.0,0.4156900559915117
Server3_641,Server3_1116,50.0,0.4156900559915117
Server3_1116,Server3_1548,50.0,0.3596338817321396
Server3_1548,Server3_1116,50.0,0.3596338817321396
Server3_1808,Server3_1689,50.0,0.442175620771421
Server3_1689,Server3_1808,50.0,0.442175620771421
Server3_1808,Server3_1631,50.0,0.4166176930725377
Server3_1631,Server3_1808,50.0,0.4166176930725377
Server3_128,Server3_310,50.0,0.4144399071462598
Server3_310,Server3_128,50.0,0.4144399071462598
Server3_128,Server3_1447,50.0,0.5256018008187294
Server3_1447,Server3_128,50.0,0.5256018008187294
Server3_958,Server3_1903,50.0,0.3814569999375102
Server3_1903,Server3_958,50.0,0.3814569999375102
Server3_958,Server3_519,50.0,0.4512764484550361
Server3_519,Server3_958,50.0,0.4512764484550361
Server3_958,Server3_1742,50.0,0.4387871756329462
Server3_1742,Server3_958,50.0,0.4387871756329462
Server3_1813,Server3_1040,50.0,0.4082485992808811
Server3_1040,Server3_1813,50.0,0.4082485992808811
Server3_1813,Server3_1764,50.0,0.3858489715135534
Server3_1764,Server3_1813,50.0,0.3858489715135534
Server3_1813,Server3_1833,50.0,0.3035320084578127
Server3_1833,Server3_1813,50.0,0.3035320084578127
Server3_1813,Server3_808,50.0,0.4379809448766368
Server3_808,Server3_1813,50.0,0.4379809448766368
Server3_1820,Server3_400,50.0,0.3550047239972437
Server3_400,Server3_1820,50.0,0.3550047239972437
Server3_1820,Server3_178,50.0,0.3358743656932578
Server3_178,Server3_1820,50.0,0.3358743656932578
Server3_1820,Server3_44,50.0,0.3216961581900738
Server3_44,Server3_1820,50.0,0.3216961581900738
Server3_1867,Server3_1609,50.0,0.3644285321241789
Server3_1609,Server3_1867,50.0,0.3644285321241789
Server3_1867,Server3_1192,50.0,0.3964931520047064
Server3_1192,Server3_1867,50.0,0.3964931520047064
Server3_1867,Server3_1116,50.0,0.3007136590991894
Server3_1116,Server3_1867,50.0,0.3007136590991894
Server3_1342,Server3_441,50.0,0.5354016164079954
Server3_441,Server3_1342,50.0,0.5354016164079954
Server3_1342,Server3_1148,1.0,2000.0
Server3_1148,Server3_1342,1.0,2000.0
Server3_1342,Server3_993,50.0,0.4080687164570032
Server3_993,Server3_1342,50.0,0.4080687164570032
Server3_1825,Server3_771,50.0,0.420761847462365
Server3_771,Server3_1825,50.0,0.420761847462365
Server3_1341,Server3_1064,50.0,0.3244897178951024
Server3_1064,Server3_1341,50.0,0.3244897178951024
Server3_1341,Server3_593,50.0,0.387040996605651
Server3_593,Server3_1341,50.0,0.387040996605651
Server3_218,Server3_1418,50.0,0.4820286666669157
Server3_1418,Server3_218,50.0,0.4820286666669157
Server3_218,Server3_644,50.0,0.3559139469340933
Server3_644,Server3_218,50.0,0.3559139469340933
Server3_1008,Server3_1311,50.0,0.4125232417537186
Server3_1311,Server3_1008,50.0,0.4125232417537186
Server3_1008,Server3_1522,50.0,0.3896090177243308
Server3_1522,Server3_1008,50.0,0.3896090177243308
Server3_1008,Server3_1451,50.0,0.3293424064936528
Server3_1451,Server3_1008,50.0,0.3293424064936528
Server3_1848,Server3_1961,50.0,0.488086049764501
Server3_1961,Server3_1848,50.0,0.488086049764501
Server3_1848,Server3_1090,50.0,0.3464165967509029
Server3_1090,Server3_1848,50.0,0.3464165967509029
Server3_1848,Server3_1441,1.0,2000.0
Server3_1441,Server3_1848,1.0,2000.0
Server3_1848,Server3_275,50.0,0.4109537296385639
Server3_275,Server3_1848,50.0,0.4109537296385639
Server3_1404,Server3_1648,50.0,0.4059616473306244
Server3_1648,Server3_1404,50.0,0.4059616473306244
Server3_1404,Server3_1869,1.0,2000.0
Server3_1869,Server3_1404,1.0,2000.0
Server3_1328,Server3_1659,50.0,0.4902264656702416
Server3_1659,Server3_1328,50.0,0.4902264656702416
Server3_759,Server3_1661,50.0,0.2914923595266374
Server3_1661,Server3_759,50.0,0.2914923595266374
Server3_1173,Server3_1356,50.0,0.3466029818246863
Server3_1356,Server3_1173,50.0,0.3466029818246863
Server3_1173,Server3_132,50.0,0.3626912545675461
Server3_132,Server3_1173,50.0,0.3626912545675461
Server3_1270,Server3_1318,50.0,0.4187571262195743
Server3_1318,Server3_1270,50.0,0.4187571262195743
Server3_1883,Server3_1969,50.0,0.3231264988375994
Server3_1969,Server3_1883,50.0,0.3231264988375994
Server3_1883,Server3_101,50.0,0.3297833007503246
Server3_101,Server3_1883,50.0,0.3297833007503246
Server3_726,Server3_931,50.0,0.3483597840430404
Server3_931,Server3_726,50.0,0.3483597840430404
Server3_47,Server3_1296,50.0,0.4776835825837641
Server3_1296,Server3_47,50.0,0.4776835825837641
Server3_47,Server3_538,50.0,0.4558263268399246
Server3_538,Server3_47,50.0,0.4558263268399246
Server3_47,Server3_1350,50.0,0.3011459213676775
Server3_1350,Server3_47,50.0,0.3011459213676775
Server3_47,Server3_66,50.0,0.4401058053700171
Server3_66,Server3_47,50.0,0.4401058053700171
Server3_561,Server3_1501,50.0,0.3175782953773705
Server3_1501,Server3_561,50.0,0.3175782953773705
Server3_561,Server3_1574,50.0,0.456718408309576
Server3_1574,Server3_561,50.0,0.456718408309576
Server3_561,Server3_920,50.0,0.397583656670004
Server3_920,Server3_561,50.0,0.397583656670004
Server3_898,Server3_23,50.0,0.3821404644289064
Server3_23,Server3_898,50.0,0.3821404644289064
Server3_898,Server3_534,50.0,0.3733429299600147
Server3_534,Server3_898,50.0,0.3733429299600147
Server3_302,Server3_356,50.0,0.439852226061564
Server3_356,Server3_302,50.0,0.439852226061564
Server3_302,Server3_1397,1.0,2000.0
Server3_1397,Server3_302,1.0,2000.0
Server3_737,Server3_371,50.0,0.39511204586637
Server3_371,Server3_737,50.0,0.39511204586637
Server3_737,Server3_1420,50.0,0.4392854827620532
Server3_1420,Server3_737,50.0,0.4392854827620532
Server3_737,Server3_1764,50.0,0.3765323001032272
Server3_1764,Server3_737,50.0,0.3765323001032272
Server3_1727,Server3_1173,50.0,0.3649809381264848
Server3_1173,Server3_1727,50.0,0.3649809381264848
Server3_1636,Server3_1384,50.0,0.5908160434764909
Server3_1384,Server3_1636,50.0,0.5908160434764909
Server3_894,Server3_356,50.0,0.4344186451225748
Server3_356,Server3_894,50.0,0.4344186451225748
Server3_894,Server3_1379,50.0,0.4123332502581732
Server3_1379,Server3_894,50.0,0.4123332502581732
Server3_1717,Server3_1915,50.0,0.3137040092846196
Server3_1915,Server3_1717,50.0,0.3137040092846196
Server3_1717,Server3_1470,50.0,0.419347924790915
Server3_1470,Server3_1717,50.0,0.419347924790915
Server3_1717,Server3_1331,50.0,0.3677982276375875
Server3_1331,Server3_1717,50.0,0.3677982276375875
Server3_1717,Server3_407,1.0,2000.0
Server3_407,Server3_1717,1.0,2000.0
Server3_1641,Server3_944,50.0,0.3672330140320141
Server3_944,Server3_1641,50.0,0.3672330140320141
Server3_884,Server3_548,50.0,0.3068207273548108
Server3_548,Server3_884,50.0,0.3068207273548108
Server3_884,Server3_1988,50.0,0.3993135197986072
Server3_1988,Server3_884,50.0,0.3993135197986072
Server3_884,Server3_1617,50.0,0.3904117421314005
Server3_1617,Server3_884,50.0,0.3904117421314005
Server3_1976,Server3_1319,50.0,0.3488648726970512
Server3_1319,Server3_1976,50.0,0.3488648726970512
Server3_1976,Server3_577,50.0,0.321987795319241
Server3_577,Server3_1976,50.0,0.321987795319241
Server3_826,Server3_1035,50.0,0.4236211504809592
Server3_1035,Server3_826,50.0,0.4236211504809592
Server3_826,Server3_1258,50.0,0.4191423186665428
Server3_1258,Server3_826,50.0,0.4191423186665428
Server3_384,Server3_82,1.0,2000.0
Server3_82,Server3_384,1.0,2000.0
Server3_384,Server3_1710,50.0,0.3949450361001324
Server3_1710,Server3_384,50.0,0.3949450361001324
Server3_384,Server3_1454,50.0,0.4193935543376701
Server3_1454,Server3_384,50.0,0.4193935543376701
Server3_384,Server3_1922,50.0,0.3457471441881164
Server3_1922,Server3_384,50.0,0.3457471441881164
Server3_1661,Server3_1960,50.0,0.3266839161322874
Server3_1960,Server3_1661,50.0,0.3266839161322874
Server3_1661,Server3_546,50.0,0.3841746491778786
Server3_546,Server3_1661,50.0,0.3841746491778786
Server3_1661,Server3_421,50.0,0.3732245143136574
Server3_421,Server3_1661,50.0,0.3732245143136574
Server3_1703,Server3_1773,50.0,0.5865738221178002
Server3_1773,Server3_1703,50.0,0.5865738221178002
Server3_1703,Server3_809,50.0,0.5879410017893035
Server3_809,Server3_1703,50.0,0.5879410017893035
Server3_88,Server3_137,50.0,0.326655498258775
Server3_137,Server3_88,50.0,0.326655498258775
Server3_88,Server3_1824,1.0,2000.0
Server3_1824,Server3_88,1.0,2000.0
Server3_88,Server3_510,50.0,0.3936168684020646
Server3_510,Server3_88,50.0,0.3936168684020646
Server3_1662,Server3_1682,50.0,0.4258842542277896
Server3_1682,Server3_1662,50.0,0.4258842542277896
Server3_1359,Server3_944,50.0,0.3021768441188978
Server3_944,Server3_1359,50.0,0.3021768441188978
Server3_1695,Server3_1192,50.0,0.3414187754379575
Server3_1192,Server3_1695,50.0,0.3414187754379575
Server3_1695,Server3_1929,50.0,0.3827617647659892
Server3_1929,Server3_1695,50.0,0.3827617647659892
Server3_1695,Server3_1470,50.0,0.314636545861874
Server3_1470,Server3_1695,50.0,0.314636545861874
Server3_1695,Server3_1303,50.0,0.4433654748309556
Server3_1303,Server3_1695,50.0,0.4433654748309556
Server3_540,Server3_414,50.0,0.3261031832281982
Server3_414,Server3_540,50.0,0.3261031832281982
Server3_540,Server3_1923,50.0,0.406222703176742
Server3_1923,Server3_540,50.0,0.406222703176742
Server3_540,Server3_1296,50.0,0.3956544869929956
Server3_1296,Server3_540,50.0,0.3956544869929956
Server3_1207,Server3_1220,50.0,0.367794939584418
Server3_1220,Server3_1207,50.0,0.367794939584418
Server3_1620,Server3_20,50.0,0.4570611967077924
Server3_20,Server3_1620,50.0,0.4570611967077924
Server3_1620,Server3_1057,50.0,0.4849229877027522
Server3_1057,Server3_1620,50.0,0.4849229877027522
Server3_1620,Server3_146,50.0,0.4012761838165048
Server3_146,Server3_1620,50.0,0.4012761838165048
Server3_1489,Server3_1135,50.0,0.5266740630491042
Server3_1135,Server3_1489,50.0,0.5266740630491042
Server3_1489,Server3_66,50.0,0.4591089993596474
Server3_66,Server3_1489,50.0,0.4591089993596474
Server3_1489,Server3_590,50.0,0.5457550545620153
Server3_590,Server3_1489,50.0,0.5457550545620153
Server3_1749,Server3_1578,50.0,0.3524935846806674
Server3_1578,Server3_1749,50.0,0.3524935846806674
Server3_1749,Server3_1136,50.0,0.314683564169161
Server3_1136,Server3_1749,50.0,0.314683564169161
Server3_1777,Server3_113,50.0,0.3754795295097311
Server3_113,Server3_1777,50.0,0.3754795295097311
Server3_1777,Server3_775,50.0,0.3960911911507475
Server3_775,Server3_1777,50.0,0.3960911911507475
Server3_1777,Server3_650,50.0,0.4300088163759227
Server3_650,Server3_1777,50.0,0.4300088163759227
Server3_1777,Server3_1045,50.0,0.4489658954805862
Server3_1045,Server3_1777,50.0,0.4489658954805862
Server3_1774,Server3_645,50.0,0.5301304222933491
Server3_645,Server3_1774,50.0,0.5301304222933491
Server3_1774,Server3_766,50.0,0.4636568430917721
Server3_766,Server3_1774,50.0,0.4636568430917721
Server3_1774,Server3_867,50.0,0.3882148753163968
Server3_867,Server3_1774,50.0,0.3882148753163968
Server3_1774,Server3_435,50.0,0.4025456861083737
Server3_435,Server3_1774,50.0,0.4025456861083737
Server3_577,Server3_536,50.0,0.4060083932033594
Server3_536,Server3_577,50.0,0.4060083932033594
Server3_577,Server3_1319,50.0,0.3561072670303742
Server3_1319,Server3_577,50.0,0.3561072670303742
Server3_577,Server3_452,50.0,0.3645949813627554
Server3_452,Server3_577,50.0,0.3645949813627554
Server3_844,Server3_1672,50.0,0.4460711093535832
Server3_1672,Server3_844,50.0,0.4460711093535832
Server3_844,Server3_156,50.0,0.4558161839876783
Server3_156,Server3_844,50.0,0.4558161839876783
Server3_267,Server3_1872,50.0,0.3506383539615236
Server3_1872,Server3_267,50.0,0.3506383539615236
Server3_576,Server3_509,50.0,0.4778673605836542
Server3_509,Server3_576,50.0,0.4778673605836542
Server3_576,Server3_842,50.0,0.422007689490151
Server3_842,Server3_576,50.0,0.422007689490151
Server3_1993,Server3_380,50.0,0.3673573336128151
Server3_380,Server3_1993,50.0,0.3673573336128151
Server3_1993,Server3_1781,1.0,2000.0
Server3_1781,Server3_1993,1.0,2000.0
Server3_1993,Server3_484,50.0,0.3312399212958372
Server3_484,Server3_1993,50.0,0.3312399212958372
Server3_1933,Server3_704,50.0,0.3979391912780467
Server3_704,Server3_1933,50.0,0.3979391912780467
Server3_1933,Server3_1030,50.0,0.3179270228048942
Server3_1030,Server3_1933,50.0,0.3179270228048942
Server3_795,Server3_1416,50.0,0.3843171333538358
Server3_1416,Server3_795,50.0,0.3843171333538358
Server3_714,Server3_1346,50.0,0.4685246251206993
Server3_1346,Server3_714,50.0,0.4685246251206993
Server3_714,Server3_551,50.0,0.3128077735210064
Server3_551,Server3_714,50.0,0.3128077735210064
Server3_69,Server3_1545,50.0,0.3507408693552946
Server3_1545,Server3_69,50.0,0.3507408693552946
Server3_69,Server3_1993,50.0,0.401564388028709
Server3_1993,Server3_69,50.0,0.401564388028709
Server3_1564,Server3_448,50.0,0.5497222388660926
Server3_448,Server3_1564,50.0,0.5497222388660926
Server3_1564,Server3_336,50.0,0.3305056847531302
Server3_336,Server3_1564,50.0,0.3305056847531302
Server3_1564,Server3_470,50.0,0.5935567522054075
Server3_470,Server3_1564,50.0,0.5935567522054075
Server3_68,Server3_534,50.0,0.3259522887177675
Server3_534,Server3_68,50.0,0.3259522887177675
Server3_1938,Server3_806,50.0,0.3375294050823352
Server3_806,Server3_1938,50.0,0.3375294050823352
Server3_1938,Server3_845,50.0,0.343607494807189
Server3_845,Server3_1938,50.0,0.343607494807189
Server3_1981,Server3_1093,50.0,0.5178468367553832
Server3_1093,Server3_1981,50.0,0.5178468367553832
Server3_1981,Server3_1965,50.0,0.4896706887814765
Server3_1965,Server3_1981,50.0,0.4896706887814765
Server3_1981,Server3_1785,50.0,0.5531282335941292
Server3_1785,Server3_1981,50.0,0.5531282335941292
Server3_1589,Server3_72,50.0,0.3691846198306038
Server3_72,Server3_1589,50.0,0.3691846198306038
Server3_1589,Server3_585,50.0,0.3849632093108542
Server3_585,Server3_1589,50.0,0.3849632093108542
Server3_1589,Server3_1831,50.0,0.3235880260895597
Server3_1831,Server3_1589,50.0,0.3235880260895597
Server3_803,Server3_1197,50.0,0.422925291923406
Server3_1197,Server3_803,50.0,0.422925291923406
Server3_803,Server3_1381,50.0,0.3632157776146982
Server3_1381,Server3_803,50.0,0.3632157776146982
Server3_477,Server3_1766,50.0,0.3331516727570648
Server3_1766,Server3_477,50.0,0.3331516727570648
Server3_534,Server3_572,1.0,2000.0
Server3_572,Server3_534,1.0,2000.0
Server3_534,Server3_1201,50.0,0.286402579842836
Server3_1201,Server3_534,50.0,0.286402579842836
Server3_534,Server3_1034,50.0,0.4076195950382952
Server3_1034,Server3_534,50.0,0.4076195950382952
Server3_806,Server3_1119,50.0,0.4132899700183806
Server3_1119,Server3_806,50.0,0.4132899700183806
Server3_806,Server3_885,50.0,0.3426114922758828
Server3_885,Server3_806,50.0,0.3426114922758828
Server3_806,Server3_1837,50.0,0.2897371011744672
Server3_1837,Server3_806,50.0,0.2897371011744672
Server3_1619,Server3_1033,50.0,0.4303023313661882
Server3_1033,Server3_1619,50.0,0.4303023313661882
Server3_1619,Server3_1483,50.0,0.3655977742056784
Server3_1483,Server3_1619,50.0,0.3655977742056784
Server3_1619,Server3_1595,50.0,0.318301351170314
Server3_1595,Server3_1619,50.0,0.318301351170314
Server3_470,Server3_1932,1.0,2000.0
Server3_1932,Server3_470,1.0,2000.0
Server3_470,Server3_1252,50.0,0.5258719604131624
Server3_1252,Server3_470,50.0,0.5258719604131624
Server3_470,Server3_332,1.0,2000.0
Server3_332,Server3_470,1.0,2000.0
Server3_811,Server3_1361,50.0,0.4254883941357176
Server3_1361,Server3_811,50.0,0.4254883941357176
Server3_1607,Server3_56,50.0,0.3732796800785429
Server3_56,Server3_1607,50.0,0.3732796800785429
Server3_1607,Server3_1913,50.0,0.4023924843902056
Server3_1913,Server3_1607,50.0,0.4023924843902056
Server3_850,Server3_1311,50.0,0.2986912751276027
Server3_1311,Server3_850,50.0,0.2986912751276027
Server3_850,Server3_1126,50.0,0.3795731448240205
Server3_1126,Server3_850,50.0,0.3795731448240205
Server3_981,Server3_924,50.0,0.297989562210211
Server3_924,Server3_981,50.0,0.297989562210211
Server3_1994,Server3_1313,50.0,0.4002286105920242
Server3_1313,Server3_1994,50.0,0.4002286105920242
Server3_1994,Server3_1834,50.0,0.422188832236158
Server3_1834,Server3_1994,50.0,0.422188832236158
Server3_1275,Server3_878,50.0,0.5222438240121173
Server3_878,Server3_1275,50.0,0.5222438240121173
Server3_1275,Server3_1984,50.0,0.3771787277866622
Server3_1984,Server3_1275,50.0,0.3771787277866622
Server3_1275,Server3_1220,50.0,0.4346803056461748
Server3_1220,Server3_1275,50.0,0.4346803056461748
Server3_414,Server3_580,50.0,0.4190559329016134
Server3_580,Server3_414,50.0,0.4190559329016134
Server3_414,Server3_1560,1.0,2000.0
Server3_1560,Server3_414,1.0,2000.0
Server3_1875,Server3_730,50.0,0.4125946626225392
Server3_730,Server3_1875,50.0,0.4125946626225392
Server3_1875,Server3_1730,50.0,0.3051465028954864
Server3_1730,Server3_1875,50.0,0.3051465028954864
Server3_1875,Server3_794,50.0,0.3939890140861946
Server3_794,Server3_1875,50.0,0.3939890140861946
Server3_1146,Server3_1688,50.0,0.3957396484955386
Server3_1688,Server3_1146,50.0,0.3957396484955386
Server3_1146,Server3_734,50.0,0.4377076162706196
Server3_734,Server3_1146,50.0,0.4377076162706196
Server3_16,Server3_481,50.0,0.3303014074657034
Server3_481,Server3_16,50.0,0.3303014074657034
Server3_16,Server3_1719,1.0,2000.0
Server3_1719,Server3_16,1.0,2000.0
Server3_940,Server3_1154,50.0,0.3603853893599958
Server3_1154,Server3_940,50.0,0.3603853893599958
Server3_940,Server3_1818,50.0,0.3544087151297358
Server3_1818,Server3_940,50.0,0.3544087151297358
Server3_1303,Server3_1331,50.0,0.4184666106661527
Server3_1331,Server3_1303,50.0,0.4184666106661527
Server3_1303,Server3_892,50.0,0.3493278551384042
Server3_892,Server3_1303,50.0,0.3493278551384042
Server3_967,Server3_1968,50.0,0.3156445936822309
Server3_1968,Server3_967,50.0,0.3156445936822309
Server3_967,Server3_32,50.0,0.3474971045149027
Server3_32,Server3_967,50.0,0.3474971045149027
Server3_967,Server3_799,50.0,0.3232080519228494
Server3_799,Server3_967,50.0,0.3232080519228494
Server3_1175,Server3_34,50.0,0.3906163721969152
Server3_34,Server3_1175,50.0,0.3906163721969152
Server3_258,Server3_1257,50.0,0.4533772068513754
Server3_1257,Server3_258,50.0,0.4533772068513754
Server3_258,Server3_1693,50.0,0.3746809680076158
Server3_1693,Server3_258,50.0,0.3746809680076158
Server3_258,Server3_1603,50.0,0.3839864233489481
Server3_1603,Server3_258,50.0,0.3839864233489481
Server3_586,Server3_1774,50.0,0.3171009019805905
Server3_1774,Server3_586,50.0,0.3171009019805905
Server3_586,Server3_1633,50.0,0.443210680285579
Server3_1633,Server3_586,50.0,0.443210680285579
Server3_929,Server3_1868,50.0,0.4110422296814322
Server3_1868,Server3_929,50.0,0.4110422296814322
Server3_929,Server3_642,50.0,0.4131138007905183
Server3_642,Server3_929,50.0,0.4131138007905183
Server3_929,Server3_1604,50.0,0.3914909717031042
Server3_1604,Server3_929,50.0,0.3914909717031042
Server3_923,Server3_365,50.0,0.3949014717824788
Server3_365,Server3_923,50.0,0.3949014717824788
Server3_918,Server3_1945,50.0,0.389159373881031
Server3_1945,Server3_918,50.0,0.389159373881031
Server3_671,Server3_1798,50.0,0.290060592509026
Server3_1798,Server3_671,50.0,0.290060592509026
Server3_671,Server3_1278,1.0,2000.0
Server3_1278,Server3_671,1.0,2000.0
Server3_1910,Server3_1223,50.0,0.5651756247380537
Server3_1223,Server3_1910,50.0,0.5651756247380537
Server3_1910,Server3_870,1.0,2000.0
Server3_870,Server3_1910,1.0,2000.0
Server3_1910,Server3_1124,50.0,0.5566246625293781
Server3_1124,Server3_1910,50.0,0.5566246625293781
Server3_207,Server3_88,50.0,0.4200259631748586
Server3_88,Server3_207,50.0,0.4200259631748586
Server3_207,Server3_279,1.0,2000.0
Server3_279,Server3_207,1.0,2000.0
Server3_1495,Server3_247,50.0,0.2881106288095182
Server3_247,Server3_1495,50.0,0.2881106288095182
Server3_1495,Server3_795,50.0,0.3933010211572171
Server3_795,Server3_1495,50.0,0.3933010211572171
Server3_285,Server3_1509,50.0,0.4172915211269745
Server3_1509,Server3_285,50.0,0.4172915211269745
Server3_285,Server3_1305,50.0,0.3679982554980394
Server3_1305,Server3_285,50.0,0.3679982554980394
Server3_285,Server3_440,50.0,0.2875205700773374
Server3_440,Server3_285,50.0,0.2875205700773374
Server3_202,Server3_72,50.0,0.3619081054440539
Server3_72,Server3_202,50.0,0.3619081054440539
Server3_202,Server3_1713,50.0,0.3886560095002114
Server3_1713,Server3_202,50.0,0.3886560095002114
Server3_202,Server3_615,50.0,0.3940536683542829
Server3_615,Server3_202,50.0,0.3940536683542829
Server3_202,Server3_1893,50.0,0.395082049312638
Server3_1893,Server3_202,50.0,0.395082049312638
Server3_900,Server3_874,50.0,0.4019605796859214
Server3_874,Server3_900,50.0,0.4019605796859214
Server3_900,Server3_831,50.0,0.5154686744417181
Server3_831,Server3_900,50.0,0.5154686744417181
Server3_351,Server3_114,50.0,0.3721435646875578
Server3_114,Server3_351,50.0,0.3721435646875578
Server3_351,Server3_1503,50.0,0.3060816638009488
Server3_1503,Server3_351,50.0,0.3060816638009488
Server3_351,Server3_742,50.0,0.3368991282458838
Server3_742,Server3_351,50.0,0.3368991282458838
Server3_351,Server3_419,50.0,0.3478088984965792
Server3_419,Server3_351,50.0,0.3478088984965792
Server3_1707,Server3_1483,50.0,0.3083122253389424
Server3_1483,Server3_1707,50.0,0.3083122253389424
Server3_1707,Server3_24,50.0,0.3550949914308382
Server3_24,Server3_1707,50.0,0.3550949914308382
Server3_1707,Server3_1628,50.0,0.372335481133779
Server3_1628,Server3_1707,50.0,0.372335481133779
Server3_609,Server3_623,50.0,0.3741445541080333
Server3_623,Server3_609,50.0,0.3741445541080333
Server3_1691,Server3_1290,50.0,0.5821274418760858
Server3_1290,Server3_1691,50.0,0.5821274418760858
Server3_1691,Server3_1070,50.0,0.5531985592226312
Server3_1070,Server3_1691,50.0,0.5531985592226312
Server3_1691,Server3_1590,50.0,0.4879669540073941
Server3_1590,Server3_1691,50.0,0.4879669540073941
Server3_1518,Server3_1079,50.0,0.3916861766287862
Server3_1079,Server3_1518,50.0,0.3916861766287862
Server3_1518,Server3_752,50.0,0.4097666350054938
Server3_752,Server3_1518,50.0,0.4097666350054938
Server3_1518,Server3_1304,50.0,0.4915718435428644
Server3_1304,Server3_1518,50.0,0.4915718435428644
Server3_1518,Server3_1923,50.0,0.5952763103609223
Server3_1923,Server3_1518,50.0,0.5952763103609223
Server3_1308,Server3_1,50.0,0.3707863999614188
Server3_1,Server3_1308,50.0,0.3707863999614188
Server3_1308,Server3_1962,50.0,0.344656096014739
Server3_1962,Server3_1308,50.0,0.344656096014739
Server3_1308,Server3_1196,50.0,0.4664138386794784
Server3_1196,Server3_1308,50.0,0.4664138386794784
Server3_1308,Server3_580,50.0,0.4685958774407168
Server3_580,Server3_1308,50.0,0.4685958774407168
Server3_1834,Server3_1315,1.0,2000.0
Server3_1315,Server3_1834,1.0,2000.0
Server3_1834,Server3_591,50.0,0.3933219895678128
Server3_591,Server3_1834,50.0,0.3933219895678128
Server3_1709,Server3_1568,50.0,0.3576405707626458
Server3_1568,Server3_1709,50.0,0.3576405707626458
Server3_1709,Server3_329,1.0,2000.0
Server3_329,Server3_1709,1.0,2000.0
Server3_1709,Server3_981,50.0,0.3401512817316743
Server3_981,Server3_1709,50.0,0.3401512817316743
Server3_1709,Server3_454,50.0,0.3257796074077749
Server3_454,Server3_1709,50.0,0.3257796074077749
Server3_343,Server3_624,50.0,0.3846507812461428
Server3_624,Server3_343,50.0,0.3846507812461428
Server3_343,Server3_136,50.0,0.3903562344541808
Server3_136,Server3_343,50.0,0.3903562344541808
Server3_1064,Server3_1026,50.0,0.3074263930898231
Server3_1026,Server3_1064,50.0,0.3074263930898231
Server3_1064,Server3_1201,50.0,0.3852793627770232
Server3_1201,Server3_1064,50.0,0.3852793627770232
Server3_1064,Server3_1684,50.0,0.2833611920754311
Server3_1684,Server3_1064,50.0,0.2833611920754311
Server3_1064,Server3_112,50.0,0.2897817539515651
Server3_112,Server3_1064,50.0,0.2897817539515651
Server3_665,Server3_38,50.0,0.280589532907005
Server3_38,Server3_665,50.0,0.280589532907005
Server3_665,Server3_132,50.0,0.3832365596363702
Server3_132,Server3_665,50.0,0.3832365596363702
Server3_665,Server3_268,50.0,0.3213412588127816
Server3_268,Server3_665,50.0,0.3213412588127816
Server3_665,Server3_1440,50.0,0.3977102761871406
Server3_1440,Server3_665,50.0,0.3977102761871406
Server3_1997,Server3_1170,50.0,0.3827869338686218
Server3_1170,Server3_1997,50.0,0.3827869338686218
Server3_1997,Server3_1129,50.0,0.3171132750206509
Server3_1129,Server3_1997,50.0,0.3171132750206509
Server3_1997,Server3_1096,50.0,0.2732013738352766
Server3_1096,Server3_1997,50.0,0.2732013738352766
Server3_1931,Server3_1244,50.0,0.4301785822694054
Server3_1244,Server3_1931,50.0,0.4301785822694054
Server3_1931,Server3_874,50.0,0.3043461270009523
Server3_874,Server3_1931,50.0,0.3043461270009523
Server3_1388,Server3_599,50.0,0.3892811118531482
Server3_599,Server3_1388,50.0,0.3892811118531482
Server3_1388,Server3_697,50.0,0.4699396064700983
Server3_697,Server3_1388,50.0,0.4699396064700983
Server3_1388,Server3_1097,50.0,0.402875510465013
Server3_1097,Server3_1388,50.0,0.402875510465013
Server3_1992,Server3_232,50.0,0.403844741579136
Server3_232,Server3_1992,50.0,0.403844741579136
Server3_1057,Server3_1495,50.0,0.310995695185415
Server3_1495,Server3_1057,50.0,0.310995695185415
Server3_685,Server3_609,50.0,0.3900211224894108
Server3_609,Server3_685,50.0,0.3900211224894108
Server3_685,Server3_1937,1.0,2000.0
Server3_1937,Server3_685,1.0,2000.0
Server3_685,Server3_147,50.0,0.3539915929395374
Server3_147,Server3_685,50.0,0.3539915929395374
Server3_697,Server3_226,50.0,0.3700688081556704
Server3_226,Server3_697,50.0,0.3700688081556704
Server3_697,Server3_322,1.0,2000.0
Server3_322,Server3_697,1.0,2000.0
Server3_697,Server3_496,50.0,0.3903301994445326
Server3_496,Server3_697,50.0,0.3903301994445326
Server3_1946,Server3_190,1.0,2000.0
Server3_190,Server3_1946,1.0,2000.0
Server3_1946,Server3_1053,50.0,0.3878893156472052
Server3_1053,Server3_1946,50.0,0.3878893156472052
Server3_1352,Server3_1050,50.0,0.3339664311834108
Server3_1050,Server3_1352,50.0,0.3339664311834108
Server3_688,Server3_102,50.0,0.4267132098670774
Server3_102,Server3_688,50.0,0.4267132098670774
Server3_688,Server3_863,50.0,0.4040220857859151
Server3_863,Server3_688,50.0,0.4040220857859151
Server3_63,Server3_72,50.0,0.3634866561108541
Server3_72,Server3_63,50.0,0.3634866561108541
Server3_63,Server3_1589,50.0,0.3878963788748795
Server3_1589,Server3_63,50.0,0.3878963788748795
Server3_1953,Server3_476,50.0,0.3142311648474014
Server3_476,Server3_1953,50.0,0.3142311648474014
Server3_1953,Server3_979,50.0,0.393711272668642
Server3_979,Server3_1953,50.0,0.393711272668642
Server3_1984,Server3_937,50.0,0.429666041115661
Server3_937,Server3_1984,50.0,0.429666041115661
Server3_1984,Server3_1966,50.0,0.4674383787525207
Server3_1966,Server3_1984,50.0,0.4674383787525207
Server3_1984,Server3_1358,50.0,0.570572530850686
Server3_1358,Server3_1984,50.0,0.570572530850686
Server3_1905,Server3_1852,50.0,0.3100777367366962
Server3_1852,Server3_1905,50.0,0.3100777367366962
Server3_1905,Server3_829,50.0,0.403558783381657
Server3_829,Server3_1905,50.0,0.403558783381657
Server3_1905,Server3_60,50.0,0.3853935969918904
Server3_60,Server3_1905,50.0,0.3853935969918904
Server3_752,Server3_614,50.0,0.5729135038936013
Server3_614,Server3_752,50.0,0.5729135038936013
Server3_725,Server3_411,50.0,0.3724915581614804
Server3_411,Server3_725,50.0,0.3724915581614804
Server3_725,Server3_1894,50.0,0.5096120203323397
Server3_1894,Server3_725,50.0,0.5096120203323397
Server3_573,Server3_960,50.0,0.3626513814745786
Server3_960,Server3_573,50.0,0.3626513814745786
Server3_573,Server3_1630,50.0,0.3405546069420331
Server3_1630,Server3_573,50.0,0.3405546069420331
Server3_573,Server3_639,50.0,0.4543195466466962
Server3_639,Server3_573,50.0,0.4543195466466962
Server3_1577,Server3_1466,50.0,0.3386270978966648
Server3_1466,Server3_1577,50.0,0.3386270978966648
Server3_1577,Server3_942,50.0,0.3993891294620727
Server3_942,Server3_1577,50.0,0.3993891294620727
Server3_1577,Server3_1900,50.0,0.4238299325737386
Server3_1900,Server3_1577,50.0,0.4238299325737386
Server3_1558,Server3_1560,1.0,2000.0
Server3_1560,Server3_1558,1.0,2000.0
Server3_1558,Server3_401,50.0,0.4274139318397374
Server3_401,Server3_1558,50.0,0.4274139318397374
Server3_944,Server3_513,50.0,0.3200592648634582
Server3_513,Server3_944,50.0,0.3200592648634582
Server3_944,Server3_1299,1.0,2000.0
Server3_1299,Server3_944,1.0,2000.0
Server3_794,Server3_1450,1.0,2000.0
Server3_1450,Server3_794,1.0,2000.0
Server3_1233,Server3_979,50.0,0.3842164401542102
Server3_979,Server3_1233,50.0,0.3842164401542102
Server3_1233,Server3_1402,50.0,0.4268320938073473
Server3_1402,Server3_1233,50.0,0.4268320938073473
Server3_1700,Server3_1492,50.0,0.5051202556731696
Server3_1492,Server3_1700,50.0,0.5051202556731696
Server3_1254,Server3_1782,50.0,0.3253117139873007
Server3_1782,Server3_1254,50.0,0.3253117139873007
Server3_1254,Server3_1641,50.0,0.4309110881971675
Server3_1641,Server3_1254,50.0,0.4309110881971675
Server3_1488,Server3_1807,50.0,0.359574027874665
Server3_1807,Server3_1488,50.0,0.359574027874665
Server3_1488,Server3_794,50.0,0.2872321413668553
Server3_794,Server3_1488,50.0,0.2872321413668553
Server3_1488,Server3_1200,50.0,0.3266629746305792
Server3_1200,Server3_1488,50.0,0.3266629746305792
Server3_358,Server3_1287,50.0,0.3231026559257566
Server3_1287,Server3_358,50.0,0.3231026559257566
Server3_358,Server3_1261,50.0,0.3353578815911943
Server3_1261,Server3_358,50.0,0.3353578815911943
Server3_358,Server3_1115,50.0,0.3225246611344703
Server3_1115,Server3_358,50.0,0.3225246611344703
Server3_1595,Server3_1065,50.0,0.3888186795191979
Server3_1065,Server3_1595,50.0,0.3888186795191979
Server3_1595,Server3_1608,50.0,0.3709713678553017
Server3_1608,Server3_1595,50.0,0.3709713678553017
Server3_1595,Server3_1362,1.0,2000.0
Server3_1362,Server3_1595,1.0,2000.0
Server3_454,Server3_1499,50.0,0.3285471193880093
Server3_1499,Server3_454,50.0,0.3285471193880093
Server3_454,Server3_924,50.0,0.3388310779242042
Server3_924,Server3_454,50.0,0.3388310779242042
Server3_454,Server3_896,50.0,0.2853698399902861
Server3_896,Server3_454,50.0,0.2853698399902861
Server3_454,Server3_1440,50.0,0.3702362810003309
Server3_1440,Server3_454,50.0,0.3702362810003309
Server3_1196,Server3_1255,50.0,0.3245076974602357
Server3_1255,Server3_1196,50.0,0.3245076974602357
Server3_1196,Server3_580,50.0,0.4018908784375191
Server3_580,Server3_1196,50.0,0.4018908784375191
Server3_1196,Server3_744,50.0,0.3468812715219397
Server3_744,Server3_1196,50.0,0.3468812715219397
Server3_1196,Server3_789,50.0,0.4079324378620518
Server3_789,Server3_1196,50.0,0.4079324378620518
Server3_400,Server3_659,1.0,2000.0
Server3_659,Server3_400,1.0,2000.0
Server3_400,Server3_760,50.0,0.3175518588146689
Server3_760,Server3_400,50.0,0.3175518588146689
Server3_400,Server3_1582,50.0,0.3604942924448522
Server3_1582,Server3_400,50.0,0.3604942924448522
Server3_400,Server3_178,50.0,0.293787600798775
Server3_178,Server3_400,50.0,0.293787600798775
Server3_1830,Server3_756,50.0,0.2915471849889325
Server3_756,Server3_1830,50.0,0.2915471849889325
Server3_374,Server3_1997,50.0,0.3070910715977444
Server3_1997,Server3_374,50.0,0.3070910715977444
Server3_374,Server3_355,50.0,0.4051644320547616
Server3_355,Server3_374,50.0,0.4051644320547616
Server3_374,Server3_1466,50.0,0.3781261853625862
Server3_1466,Server3_374,50.0,0.3781261853625862
Server3_374,Server3_1129,50.0,0.3614516835045372
Server3_1129,Server3_374,50.0,0.3614516835045372
Server3_415,Server3_884,50.0,0.3531857367485687
Server3_884,Server3_415,50.0,0.3531857367485687
Server3_415,Server3_1617,50.0,0.3083876023926595
Server3_1617,Server3_415,50.0,0.3083876023926595
Server3_415,Server3_305,50.0,0.4038153452080455
Server3_305,Server3_415,50.0,0.4038153452080455
Server3_1334,Server3_810,50.0,0.4594013758249137
Server3_810,Server3_1334,50.0,0.4594013758249137
Server3_1334,Server3_601,50.0,0.4465342410666532
Server3_601,Server3_1334,50.0,0.4465342410666532
Server3_1334,Server3_515,50.0,0.5919125900324995
Server3_515,Server3_1334,50.0,0.5919125900324995
Server3_1648,Server3_25,50.0,0.4935404748525518
Server3_25,Server3_1648,50.0,0.4935404748525518
Server3_1648,Server3_323,50.0,0.5176148502037963
Server3_323,Server3_1648,50.0,0.5176148502037963
Server3_1426,Server3_1540,1.0,2000.0
Server3_1540,Server3_1426,1.0,2000.0
Server3_1426,Server3_1553,50.0,0.4271019321606718
Server3_1553,Server3_1426,50.0,0.4271019321606718
Server3_1426,Server3_1750,50.0,0.4602947802502607
Server3_1750,Server3_1426,50.0,0.4602947802502607
Server3_390,Server3_522,1.0,2000.0
Server3_522,Server3_390,1.0,2000.0
Server3_390,Server3_953,50.0,0.4771371734371981
Server3_953,Server3_390,50.0,0.4771371734371981
Server3_389,Server3_1587,50.0,0.5039989139069017
Server3_1587,Server3_389,50.0,0.5039989139069017
Server3_389,Server3_677,50.0,0.4102565998736344
Server3_677,Server3_389,50.0,0.4102565998736344
Server3_389,Server3_378,50.0,0.3773392719406906
Server3_378,Server3_389,50.0,0.3773392719406906
Server3_389,Server3_1361,50.0,0.4263147062425471
Server3_1361,Server3_389,50.0,0.4263147062425471
Server3_1861,Server3_246,50.0,0.3012861007681244
Server3_246,Server3_1861,50.0,0.3012861007681244
Server3_1861,Server3_451,50.0,0.514714379594582
Server3_451,Server3_1861,50.0,0.514714379594582
Server3_607,Server3_1443,50.0,0.458442581741725
Server3_1443,Server3_607,50.0,0.458442581741725
Server3_607,Server3_1031,50.0,0.3852818573307431
Server3_1031,Server3_607,50.0,0.3852818573307431
Server3_303,Server3_899,50.0,0.3769974778151242
Server3_899,Server3_303,50.0,0.3769974778151242
Server3_303,Server3_1954,50.0,0.3672819027888542
Server3_1954,Server3_303,50.0,0.3672819027888542
Server3_865,Server3_1858,1.0,2000.0
Server3_1858,Server3_865,1.0,2000.0
Server3_865,Server3_941,50.0,0.4292392047420274
Server3_941,Server3_865,50.0,0.4292392047420274
Server3_865,Server3_302,50.0,0.458935777587458
Server3_302,Server3_865,50.0,0.458935777587458
Server3_808,Server3_86,50.0,0.3621868239407121
Server3_86,Server3_808,50.0,0.3621868239407121
Server3_808,Server3_326,50.0,0.3797887311339204
Server3_326,Server3_808,50.0,0.3797887311339204
Server3_808,Server3_1197,50.0,0.41990071872659
Server3_1197,Server3_808,50.0,0.41990071872659
Server3_1195,Server3_1842,50.0,0.3669023606487898
Server3_1842,Server3_1195,50.0,0.3669023606487898
Server3_608,Server3_327,50.0,0.3581662997536584
Server3_327,Server3_608,50.0,0.3581662997536584
Server3_608,Server3_423,50.0,0.3334306896941996
Server3_423,Server3_608,50.0,0.3334306896941996
Server3_608,Server3_1066,50.0,0.3492774352410706
Server3_1066,Server3_608,50.0,0.3492774352410706
Server3_571,Server3_1605,1.0,2000.0
Server3_1605,Server3_571,1.0,2000.0
Server3_571,Server3_398,50.0,0.318694484852285
Server3_398,Server3_571,50.0,0.318694484852285
Server3_571,Server3_1712,50.0,0.3725212616752906
Server3_1712,Server3_571,50.0,0.3725212616752906
Server3_571,Server3_198,50.0,0.4200318649940718
Server3_198,Server3_571,50.0,0.4200318649940718
Server3_1555,Server3_423,50.0,0.4658860028780867
Server3_423,Server3_1555,50.0,0.4658860028780867
Server3_1555,Server3_979,50.0,0.3128947551682222
Server3_979,Server3_1555,50.0,0.3128947551682222
Server3_828,Server3_397,50.0,0.4018975515346508
Server3_397,Server3_828,50.0,0.4018975515346508
Server3_828,Server3_1061,50.0,0.4632966846465407
Server3_1061,Server3_828,50.0,0.4632966846465407
Server3_828,Server3_807,50.0,0.4095142738553509
Server3_807,Server3_828,50.0,0.4095142738553509
Server3_903,Server3_224,50.0,0.3930563800986515
Server3_224,Server3_903,50.0,0.3930563800986515
Server3_903,Server3_695,50.0,0.5093733158009102
Server3_695,Server3_903,50.0,0.5093733158009102
Server3_903,Server3_1937,1.0,2000.0
Server3_1937,Server3_903,1.0,2000.0
Server3_1499,Server3_721,50.0,0.3767699459288386
Server3_721,Server3_1499,50.0,0.3767699459288386
Server3_1499,Server3_289,50.0,0.3154737487924684
Server3_289,Server3_1499,50.0,0.3154737487924684
Server3_1499,Server3_1517,50.0,0.2915532302729676
Server3_1517,Server3_1499,50.0,0.2915532302729676
Server3_313,Server3_1963,50.0,0.2754594874094294
Server3_1963,Server3_313,50.0,0.2754594874094294
Server3_888,Server3_1977,50.0,0.30890637578391
Server3_1977,Server3_888,50.0,0.30890637578391
Server3_888,Server3_1544,50.0,0.3779434053182105
Server3_1544,Server3_888,50.0,0.3779434053182105
Server3_888,Server3_1043,50.0,0.418618937927455
Server3_1043,Server3_888,50.0,0.418618937927455
Server3_337,Server3_598,50.0,0.4050786906359761
Server3_598,Server3_337,50.0,0.4050786906359761
Server3_1708,Server3_1006,1.0,2000.0
Server3_1006,Server3_1708,1.0,2000.0
Server3_1708,Server3_1098,50.0,0.4733314676146151
Server3_1098,Server3_1708,50.0,0.4733314676146151
Server3_690,Server3_138,50.0,0.5132185658806798
Server3_138,Server3_690,50.0,0.5132185658806798
Server3_690,Server3_1377,50.0,0.5068542866028903
Server3_1377,Server3_690,50.0,0.5068542866028903
Server3_690,Server3_564,50.0,0.5866432383916728
Server3_564,Server3_690,50.0,0.5866432383916728
Server3_1383,Server3_1660,50.0,0.3244468659273862
Server3_1660,Server3_1383,50.0,0.3244468659273862
Server3_1383,Server3_1362,1.0,2000.0
Server3_1362,Server3_1383,1.0,2000.0
Server3_1383,Server3_1628,50.0,0.3181216215200116
Server3_1628,Server3_1383,50.0,0.3181216215200116
Server3_1688,Server3_1094,50.0,0.3465032202126022
Server3_1094,Server3_1688,50.0,0.3465032202126022
Server3_1688,Server3_1380,50.0,0.4854473610803898
Server3_1380,Server3_1688,50.0,0.4854473610803898
Server3_1688,Server3_495,50.0,0.3351571442998596
Server3_495,Server3_1688,50.0,0.3351571442998596
Server3_1677,Server3_736,50.0,0.359159211421275
Server3_736,Server3_1677,50.0,0.359159211421275
Server3_1677,Server3_995,50.0,0.3880859524734908
Server3_995,Server3_1677,50.0,0.3880859524734908
Server3_1677,Server3_1770,50.0,0.281482063357815
Server3_1770,Server3_1677,50.0,0.281482063357815
Server3_375,Server3_1579,50.0,0.5013653638491757
Server3_1579,Server3_375,50.0,0.5013653638491757
Server3_375,Server3_3,50.0,0.551371365968605
Server3_3,Server3_375,50.0,0.551371365968605
Server3_375,Server3_1986,50.0,0.3680108257475395
Server3_1986,Server3_375,50.0,0.3680108257475395
Server3_1668,Server3_769,50.0,0.5138021045408174
Server3_769,Server3_1668,50.0,0.5138021045408174
Server3_1668,Server3_1643,50.0,0.331989421765286
Server3_1643,Server3_1668,50.0,0.331989421765286
Server3_1038,Server3_1389,50.0,0.3668843033674083
Server3_1389,Server3_1038,50.0,0.3668843033674083
Server3_1038,Server3_1560,1.0,2000.0
Server3_1560,Server3_1038,1.0,2000.0
Server3_1038,Server3_434,50.0,0.4445696722686568
Server3_434,Server3_1038,50.0,0.4445696722686568
Server3_84,Server3_1393,50.0,0.3896966954988721
Server3_1393,Server3_84,50.0,0.3896966954988721
Server3_84,Server3_1164,50.0,0.3237611177386634
Server3_1164,Server3_84,50.0,0.3237611177386634
Server3_84,Server3_1725,50.0,0.3976955725238484
Server3_1725,Server3_84,50.0,0.3976955725238484
Server3_1758,Server3_414,50.0,0.4351972178046066
Server3_414,Server3_1758,50.0,0.4351972178046066
Server3_1758,Server3_540,50.0,0.319688085422846
Server3_540,Server3_1758,50.0,0.319688085422846
Server3_226,Server3_322,1.0,2000.0
Server3_322,Server3_226,1.0,2000.0
Server3_226,Server3_1097,50.0,0.3312863144250614
Server3_1097,Server3_226,50.0,0.3312863144250614
Server3_1585,Server3_1704,50.0,0.5203067901071975
Server3_1704,Server3_1585,50.0,0.5203067901071975
Server3_1585,Server3_1221,50.0,0.4149403229729744
Server3_1221,Server3_1585,50.0,0.4149403229729744
Server3_1585,Server3_1868,50.0,0.4145115968236534
Server3_1868,Server3_1585,50.0,0.4145115968236534
Server3_1585,Server3_1327,50.0,0.4021684521872164
Server3_1327,Server3_1585,50.0,0.4021684521872164
Server3_1868,Server3_77,50.0,0.3274024214764394
Server3_77,Server3_1868,50.0,0.3274024214764394
Server3_1433,Server3_1611,50.0,0.5042873036926216
Server3_1611,Server3_1433,50.0,0.5042873036926216
Server3_1433,Server3_543,50.0,0.2990783357990787
Server3_543,Server3_1433,50.0,0.2990783357990787
Server3_1433,Server3_1596,1.0,2000.0
Server3_1596,Server3_1433,1.0,2000.0
Server3_1445,Server3_81,50.0,0.3392700448901812
Server3_81,Server3_1445,50.0,0.3392700448901812
Server3_10,Server3_1183,50.0,0.4473653134979989
Server3_1183,Server3_10,50.0,0.4473653134979989
Server3_10,Server3_81,50.0,0.5955178707416402
Server3_81,Server3_10,50.0,0.5955178707416402
Server3_10,Server3_1417,1.0,2000.0
Server3_1417,Server3_10,1.0,2000.0
Server3_10,Server3_388,50.0,0.3850955853799494
Server3_388,Server3_10,50.0,0.3850955853799494
Server3_181,Server3_380,50.0,0.3486041814851085
Server3_380,Server3_181,50.0,0.3486041814851085
Server3_181,Server3_1993,50.0,0.3283118907315418
Server3_1993,Server3_181,50.0,0.3283118907315418
Server3_181,Server3_968,50.0,0.291869929173129
Server3_968,Server3_181,50.0,0.291869929173129
Server3_181,Server3_1754,50.0,0.3497079242129948
Server3_1754,Server3_181,50.0,0.3497079242129948
Server3_604,Server3_536,50.0,0.3599188853146342
Server3_536,Server3_604,50.0,0.3599188853146342
Server3_205,Server3_1224,50.0,0.29497635915114
Server3_1224,Server3_205,50.0,0.29497635915114
Server3_205,Server3_130,50.0,0.3146834346515564
Server3_130,Server3_205,50.0,0.3146834346515564
Server3_205,Server3_1788,50.0,0.353353213044426
Server3_1788,Server3_205,50.0,0.353353213044426
Server3_851,Server3_222,50.0,0.4402439697053046
Server3_222,Server3_851,50.0,0.4402439697053046
Server3_1801,Server3_358,50.0,0.3233563113841093
Server3_358,Server3_1801,50.0,0.3233563113841093
Server3_1801,Server3_34,50.0,0.3265478223663324
Server3_34,Server3_1801,50.0,0.3265478223663324
Server3_925,Server3_1543,50.0,0.3496280457128461
Server3_1543,Server3_925,50.0,0.3496280457128461
Server3_950,Server3_323,50.0,0.5070643152463779
Server3_323,Server3_950,50.0,0.5070643152463779
Server3_950,Server3_1917,1.0,2000.0
Server3_1917,Server3_950,1.0,2000.0
Server3_770,Server3_1593,50.0,0.3912872203950266
Server3_1593,Server3_770,50.0,0.3912872203950266
Server3_770,Server3_1232,1.0,2000.0
Server3_1232,Server3_770,1.0,2000.0
Server3_213,Server3_1384,50.0,0.4231435786418226
Server3_1384,Server3_213,50.0,0.4231435786418226
Server3_213,Server3_278,50.0,0.4591720053080165
Server3_278,Server3_213,50.0,0.4591720053080165
Server3_213,Server3_354,50.0,0.439886166878369
Server3_354,Server3_213,50.0,0.439886166878369
Server3_1176,Server3_1902,50.0,0.4391149099251036
Server3_1902,Server3_1176,50.0,0.4391149099251036
Server3_928,Server3_424,50.0,0.31770856481746
Server3_424,Server3_928,50.0,0.31770856481746
Server3_928,Server3_785,1.0,2000.0
Server3_785,Server3_928,1.0,2000.0
Server3_928,Server3_1899,50.0,0.3807561715431844
Server3_1899,Server3_928,50.0,0.3807561715431844
Server3_706,Server3_1911,50.0,0.3999540565088547
Server3_1911,Server3_706,50.0,0.3999540565088547
Server3_706,Server3_1070,50.0,0.3833040486444466
Server3_1070,Server3_706,50.0,0.3833040486444466
Server3_706,Server3_1755,50.0,0.3966721510561216
Server3_1755,Server3_706,50.0,0.3966721510561216
Server3_1779,Server3_364,50.0,0.4777002267019499
Server3_364,Server3_1779,50.0,0.4777002267019499
Server3_1779,Server3_472,50.0,0.3376315693053756
Server3_472,Server3_1779,50.0,0.3376315693053756
Server3_1779,Server3_1021,50.0,0.3910663279287568
Server3_1021,Server3_1779,50.0,0.3910663279287568
Server3_1779,Server3_592,50.0,0.3982030751556136
Server3_592,Server3_1779,50.0,0.3982030751556136
Server3_418,Server3_523,50.0,0.2705069851930652
Server3_523,Server3_418,50.0,0.2705069851930652
Server3_418,Server3_1645,50.0,0.3532073321427464
Server3_1645,Server3_418,50.0,0.3532073321427464
Server3_831,Server3_1870,50.0,0.3549280742233538
Server3_1870,Server3_831,50.0,0.3549280742233538
Server3_831,Server3_857,50.0,0.4187830815383918
Server3_857,Server3_831,50.0,0.4187830815383918
Server3_831,Server3_173,50.0,0.3261482110412982
Server3_173,Server3_831,50.0,0.3261482110412982
Server3_585,Server3_1831,50.0,0.3570251997078667
Server3_1831,Server3_585,50.0,0.3570251997078667
Server3_585,Server3_63,50.0,0.4114871272688722
Server3_63,Server3_585,50.0,0.4114871272688722
Server3_1919,Server3_592,50.0,0.3629939116290142
Server3_592,Server3_1919,50.0,0.3629939116290142
Server3_1919,Server3_1511,50.0,0.3200423705181872
Server3_1511,Server3_1919,50.0,0.3200423705181872
Server3_1080,Server3_90,50.0,0.4497285877905783
Server3_90,Server3_1080,50.0,0.4497285877905783
Server3_1080,Server3_448,50.0,0.4197109131046084
Server3_448,Server3_1080,50.0,0.4197109131046084
Server3_1248,Server3_1505,50.0,0.3533275575000942
Server3_1505,Server3_1248,50.0,0.3533275575000942
Server3_1248,Server3_968,50.0,0.3593820486112066
Server3_968,Server3_1248,50.0,0.3593820486112066
Server3_1248,Server3_1859,50.0,0.322067095924838
Server3_1859,Server3_1248,50.0,0.322067095924838
Server3_1248,Server3_99,1.0,2000.0
Server3_99,Server3_1248,1.0,2000.0
Server3_1264,Server3_735,50.0,0.3452260499041042
Server3_735,Server3_1264,50.0,0.3452260499041042
Server3_1264,Server3_1931,50.0,0.5089592362728902
Server3_1931,Server3_1264,50.0,0.5089592362728902
Server3_1054,Server3_130,50.0,0.3893310253928232
Server3_130,Server3_1054,50.0,0.3893310253928232
Server3_1054,Server3_951,50.0,0.3875861352291645
Server3_951,Server3_1054,50.0,0.3875861352291645
Server3_481,Server3_493,50.0,0.2763058400398495
Server3_493,Server3_481,50.0,0.2763058400398495
Server3_481,Server3_11,50.0,0.3320869227308787
Server3_11,Server3_481,50.0,0.3320869227308787
Server3_429,Server3_469,50.0,0.399673319886854
Server3_469,Server3_429,50.0,0.399673319886854
Server3_429,Server3_373,50.0,0.3156580981112808
Server3_373,Server3_429,50.0,0.3156580981112808
Server3_429,Server3_98,50.0,0.3437095658928162
Server3_98,Server3_429,50.0,0.3437095658928162
Server3_412,Server3_229,50.0,0.2919763458207551
Server3_229,Server3_412,50.0,0.2919763458207551
Server3_412,Server3_1657,50.0,0.3892215265834212
Server3_1657,Server3_412,50.0,0.3892215265834212
Server3_1974,Server3_585,50.0,0.403493238877797
Server3_585,Server3_1974,50.0,0.403493238877797
Server3_1974,Server3_1007,50.0,0.3529375666961739
Server3_1007,Server3_1974,50.0,0.3529375666961739
Server3_1996,Server3_875,50.0,0.3347691544083392
Server3_875,Server3_1996,50.0,0.3347691544083392
Server3_1996,Server3_1741,50.0,0.3840741159756768
Server3_1741,Server3_1996,50.0,0.3840741159756768
Server3_1996,Server3_955,50.0,0.3303491944073713
Server3_955,Server3_1996,50.0,0.3303491944073713
Server3_1375,Server3_559,50.0,0.3716073943586068
Server3_559,Server3_1375,50.0,0.3716073943586068
Server3_1375,Server3_1266,50.0,0.4678224220289406
Server3_1266,Server3_1375,50.0,0.4678224220289406
Server3_1271,Server3_377,50.0,0.3007733318811956
Server3_377,Server3_1271,50.0,0.3007733318811956
Server3_1271,Server3_321,1.0,2000.0
Server3_321,Server3_1271,1.0,2000.0
Server3_1081,Server3_79,50.0,0.3412328314488454
Server3_79,Server3_1081,50.0,0.3412328314488454
Server3_1081,Server3_408,50.0,0.378204795149701
Server3_408,Server3_1081,50.0,0.378204795149701
Server3_1081,Server3_1151,50.0,0.4349925457244195
Server3_1151,Server3_1081,50.0,0.4349925457244195
Server3_1625,Server3_1557,1.0,2000.0
Server3_1557,Server3_1625,1.0,2000.0
Server3_992,Server3_244,50.0,0.5257840855288911
Server3_244,Server3_992,50.0,0.5257840855288911
Server3_992,Server3_1295,50.0,0.359454254733445
Server3_1295,Server3_992,50.0,0.359454254733445
Server3_515,Server3_810,50.0,0.4401240267415751
Server3_810,Server3_515,50.0,0.4401240267415751
Server3_515,Server3_919,50.0,0.3669388892018048
Server3_919,Server3_515,50.0,0.3669388892018048
Server3_515,Server3_1566,50.0,0.3380092362476832
Server3_1566,Server3_515,50.0,0.3380092362476832
Server3_817,Server3_1492,50.0,0.3541922815086651
Server3_1492,Server3_817,50.0,0.3541922815086651
Server3_817,Server3_164,50.0,0.4157213416041894
Server3_164,Server3_817,50.0,0.4157213416041894
Server3_817,Server3_862,50.0,0.4383262885712687
Server3_862,Server3_817,50.0,0.4383262885712687
Server3_1887,Server3_1486,50.0,0.467081865035617
Server3_1486,Server3_1887,50.0,0.467081865035617
Server3_1438,Server3_947,1.0,2000.0
Server3_947,Server3_1438,1.0,2000.0
Server3_170,Server3_334,50.0,0.3377777460764649
Server3_334,Server3_170,50.0,0.3377777460764649
Server3_170,Server3_786,50.0,0.3968677662799933
Server3_786,Server3_170,50.0,0.3968677662799933
Server3_170,Server3_1371,50.0,0.2858478488571247
Server3_1371,Server3_170,50.0,0.2858478488571247
Server3_170,Server3_1561,50.0,0.4406067139889282
Server3_1561,Server3_170,50.0,0.4406067139889282
Server3_1455,Server3_308,50.0,0.3871873282856474
Server3_308,Server3_1455,50.0,0.3871873282856474
Server3_1455,Server3_417,1.0,2000.0
Server3_417,Server3_1455,1.0,2000.0
Server3_1455,Server3_1504,50.0,0.3980929409856442
Server3_1504,Server3_1455,50.0,0.3980929409856442
Server3_1119,Server3_1405,50.0,0.3206617543847378
Server3_1405,Server3_1119,50.0,0.3206617543847378
Server3_1119,Server3_1430,50.0,0.3087815429668036
Server3_1430,Server3_1119,50.0,0.3087815429668036
Server3_748,Server3_86,50.0,0.371430279424413
Server3_86,Server3_748,50.0,0.371430279424413
Server3_748,Server3_1699,50.0,0.4234585435935624
Server3_1699,Server3_748,50.0,0.4234585435935624
Server3_748,Server3_820,50.0,0.3736483474042828
Server3_820,Server3_748,50.0,0.3736483474042828
Server3_1325,Server3_701,50.0,0.4068471974831668
Server3_701,Server3_1325,50.0,0.4068471974831668
Server3_1325,Server3_394,50.0,0.389704316867329
Server3_394,Server3_1325,50.0,0.389704316867329
Server3_1325,Server3_967,50.0,0.4056648526259732
Server3_967,Server3_1325,50.0,0.4056648526259732
Server3_1325,Server3_471,1.0,2000.0
Server3_471,Server3_1325,1.0,2000.0
Server3_965,Server3_1376,50.0,0.3972286935686955
Server3_1376,Server3_965,50.0,0.3972286935686955
Server3_965,Server3_2000,50.0,0.4785455129851749
Server3_2000,Server3_965,50.0,0.4785455129851749
Server3_1324,Server3_1410,50.0,0.3801196736669189
Server3_1410,Server3_1324,50.0,0.3801196736669189
Server3_596,Server3_1913,50.0,0.375285667829156
Server3_1913,Server3_596,50.0,0.375285667829156
Server3_596,Server3_761,1.0,2000.0
Server3_761,Server3_596,1.0,2000.0
Server3_1804,Server3_955,50.0,0.3477533640331175
Server3_955,Server3_1804,50.0,0.3477533640331175
Server3_1472,Server3_547,50.0,0.4170743187114662
Server3_547,Server3_1472,50.0,0.4170743187114662
Server3_1472,Server3_937,50.0,0.3513962877094386
Server3_937,Server3_1472,50.0,0.3513962877094386
Server3_1583,Server3_1925,50.0,0.3366260654444956
Server3_1925,Server3_1583,50.0,0.3366260654444956
Server3_1583,Server3_1609,50.0,0.380129451265556
Server3_1609,Server3_1583,50.0,0.380129451265556
Server3_1583,Server3_204,50.0,0.3023302135597774
Server3_204,Server3_1583,50.0,0.3023302135597774
Server3_747,Server3_1318,50.0,0.3774723299168264
Server3_1318,Server3_747,50.0,0.3774723299168264
Server3_747,Server3_159,50.0,0.4809525944965746
Server3_159,Server3_747,50.0,0.4809525944965746
Server3_747,Server3_191,50.0,0.3874739770884975
Server3_191,Server3_747,50.0,0.3874739770884975
Server3_747,Server3_1780,50.0,0.5535806040499088
Server3_1780,Server3_747,50.0,0.5535806040499088
Server3_240,Server3_532,50.0,0.3448850406697991
Server3_532,Server3_240,50.0,0.3448850406697991
Server3_240,Server3_495,50.0,0.4559795024579817
Server3_495,Server3_240,50.0,0.4559795024579817
Server3_240,Server3_187,1.0,2000.0
Server3_187,Server3_240,1.0,2000.0
Server3_1925,Server3_1493,50.0,0.364297362949758
Server3_1493,Server3_1925,50.0,0.364297362949758
Server3_1925,Server3_407,1.0,2000.0
Server3_407,Server3_1925,1.0,2000.0
Server3_936,Server3_913,50.0,0.5183150840382559
Server3_913,Server3_936,50.0,0.5183150840382559
Server3_936,Server3_1580,50.0,0.4443137270416152
Server3_1580,Server3_936,50.0,0.4443137270416152
Server3_936,Server3_1002,50.0,0.5613795552753164
Server3_1002,Server3_936,50.0,0.5613795552753164
Server3_252,Server3_578,50.0,0.3498042545762814
Server3_578,Server3_252,50.0,0.3498042545762814
Server3_277,Server3_46,50.0,0.375940302921057
Server3_46,Server3_277,50.0,0.375940302921057
Server3_277,Server3_1670,50.0,0.3215462393225662
Server3_1670,Server3_277,50.0,0.3215462393225662
Server3_1737,Server3_432,1.0,2000.0
Server3_432,Server3_1737,1.0,2000.0
Server3_1737,Server3_53,50.0,0.304586147348819
Server3_53,Server3_1737,50.0,0.304586147348819
Server3_1737,Server3_367,50.0,0.3484078457183306
Server3_367,Server3_1737,50.0,0.3484078457183306
Server3_1737,Server3_1144,50.0,0.4988100673022248
Server3_1144,Server3_1737,50.0,0.4988100673022248
Server3_1310,Server3_847,50.0,0.4360540548959542
Server3_847,Server3_1310,50.0,0.4360540548959542
Server3_1310,Server3_1267,50.0,0.3815793231154051
Server3_1267,Server3_1310,50.0,0.3815793231154051
Server3_132,Server3_610,50.0,0.4301094266715284
Server3_610,Server3_132,50.0,0.4301094266715284
Server3_132,Server3_1727,50.0,0.4233313378576203
Server3_1727,Server3_132,50.0,0.4233313378576203
Server3_1689,Server3_212,50.0,0.3172895443971378
Server3_212,Server3_1689,50.0,0.3172895443971378
Server3_1689,Server3_1322,50.0,0.4661497495768033
Server3_1322,Server3_1689,50.0,0.4661497495768033
Server3_1689,Server3_998,1.0,2000.0
Server3_998,Server3_1689,1.0,2000.0
Server3_1039,Server3_323,50.0,0.4524624475403548
Server3_323,Server3_1039,50.0,0.4524624475403548
Server3_1039,Server3_956,1.0,2000.0
Server3_956,Server3_1039,1.0,2000.0
Server3_1039,Server3_930,50.0,0.397892217986674
Server3_930,Server3_1039,50.0,0.397892217986674
Server3_1097,Server3_816,50.0,0.2905612209151619
Server3_816,Server3_1097,50.0,0.2905612209151619
Server3_1097,Server3_381,50.0,0.3901854905328618
Server3_381,Server3_1097,50.0,0.3901854905328618
Server3_1097,Server3_119,50.0,0.3715550000682061
Server3_119,Server3_1097,50.0,0.3715550000682061
Server3_379,Server3_812,50.0,0.3660303266221738
Server3_812,Server3_379,50.0,0.3660303266221738
Server3_1322,Server3_998,1.0,2000.0
Server3_998,Server3_1322,1.0,2000.0
Server3_1322,Server3_1009,50.0,0.4441618091779098
Server3_1009,Server3_1322,50.0,0.4441618091779098
