ServerID,Longitude,Latitude,LinkBandwidth,ComputationCapacity,StorageCapacity,TrafficRate,ClusterID,OriginalID,NormalizedCompute
Server3_859,11.5335,48.129,50,59,21,31,Server3,26251050,1.0
Server3_1114,10.0014,53.6876,50,59,36,46,Server3,2793002,1.0
Server3_1181,12.4583,51.0307,50,59,23,42,Server3,50116363,1.0
Server3_471,10.1894,48.597,50,59,22,25,Server3,1098,1.0
Server3_836,12.5652,48.9249,50,59,26,20,Server3,44314121,1.0
Server3_1317,12.2157,51.7249,50,59,37,44,Server3,7956995,1.0
Server3_1719,10.2281,49.7312,50,59,27,35,Server3,46096898,1.0
Server3_417,7.2385,50.5717,50,59,31,28,Server3,28840708,1.0
Server3_1613,12.2129,54.2039,50,59,22,28,Server3,41155328,1.0
Server3_1265,10.9637,48.3999,50,59,35,25,Server3,30405128,1.0
Server3_1323,13.407,52.4991,50,59,29,25,Server3,42456832,1.0
Server3_1326,9.146,48.9117,50,59,27,32,Server3,30301198,1.0
Server3_1932,12.8267,54.0894,50,59,20,33,Server3,3254787,1.0
Server3_707,12.1946,50.4912,50,59,30,21,Server3,29952257,1.0
Server3_761,8.3135,49.466,50,59,36,43,Server3,33952270,1.0
Server3_1463,7.267,51.3155,50,59,36,31,Server3,770,1.0
Server3_74,9.765,48.5186,50,59,24,43,Server3,23944489,1.0
Server3_1298,10.6206,48.4103,50,59,19,44,Server3,44566802,1.0
Server3_1390,10.9363,49.9078,50,59,20,41,Server3,20945161,1.0
Server3_984,13.2091,52.1174,50,59,32,28,Server3,6646039,1.0
Server3_1600,13.4054,52.5676,50,59,30,20,Server3,28973589,1.0
Server3_739,10.9639,51.0149,50,59,29,44,Server3,7903783,1.0
Server3_835,11.3588,48.117,50,59,19,45,Server3,26061339,1.0
Server3_227,6.8908,50.3365,50,59,21,26,Server3,33650,1.0
Server3_1177,11.0271,49.4203,50,59,26,31,Server3,45162241,1.0
Server3_616,6.4734,50.829,50,59,19,20,Server3,54514,1.0
Server3_1530,9.9868,53.6261,50,59,17,44,Server3,5936393,1.0
Server3_1067,9.475,54.805,50,59,22,44,Server3,11494,1.0
Server3_290,13.4859,51.1701,50,59,24,26,Server3,29200649,1.0
Server3_741,10.1312,54.3162,50,59,22,41,Server3,26712075,1.0
Server3_745,6.1583,50.7605,50,59,22,25,Server3,64731,1.0
Server3_1781,8.6504,49.4121,50,59,22,43,Server3,27500806,1.0
Server3_1374,9.3961,48.655,50,59,30,35,Server3,11771,1.0
Server3_622,13.2282,53.3632,50,59,34,34,Server3,50108160,1.0
Server3_1083,6.1495,51.1397,50,59,22,39,Server3,11714817,1.0
Server3_1169,14.3974,51.187,50,59,27,41,Server3,34102016,1.0
Server3_1715,11.6619,50.9549,50,59,26,24,Server3,1457,1.0
Server3_855,8.1011,47.8775,50,59,19,31,Server3,102756865,1.0
Server3_283,9.7531,49.6557,50,59,18,30,Server3,18324265,1.0
Server3_167,13.0918,52.558,50,59,25,40,Server3,5229315,1.0
Server3_1417,14.1117,51.2826,50,58,31,43,Server3,8487955,0.9830508474576272
Server3_1406,7.2876,49.3,50,58,20,41,Server3,18247938,0.9830508474576272
Server3_70,10.2302,53.1969,50,58,18,37,Server3,3062293,0.9830508474576272
Server3_648,6.9996,49.5941,50,58,17,42,Server3,44675335,0.9830508474576272
Server3_1441,9.6455,53.8109,50,58,28,33,Server3,6520,0.9830508474576272
Server3_947,6.5179,51.2823,50,58,31,38,Server3,51245833,0.9830508474576272
Server3_1299,6.1006,50.8208,50,58,15,28,Server3,15373611,0.9830508474576272
Server3_977,9.1895,48.8016,50,58,29,39,Server3,62286,0.9830508474576272
Server3_659,9.1757,48.773,50,58,23,33,Server3,24145963,0.9830508474576272
Server3_814,7.5416,51.5529,50,58,21,43,Server3,12874003,0.9830508474576272
Server3_757,12.4639,50.9839,50,58,37,32,Server3,36675584,0.9830508474576272
Server3_117,13.716,50.9676,50,58,22,26,Server3,8589825,0.9830508474576272
Server3_1669,12.9341,50.8852,50,58,29,37,Server3,29903104,0.9830508474576272
Server3_406,13.3101,51.038,50,58,27,42,Server3,7782676,0.9830508474576272
Server3_1621,8.1149,47.9058,50,58,32,42,Server3,23379261,0.9830508474576272
Server3_785,11.4301,50.9021,50,58,31,24,Server3,32419854,0.9830508474576272
Server3_407,8.8199,53.0808,50,58,30,20,Server3,14,0.9830508474576272
Server3_1927,6.0858,50.7711,50,58,26,30,Server3,10519828,0.9830508474576272
Server3_1450,7.1391,50.7131,50,58,15,34,Server3,15580954,0.9830508474576272
Server3_1805,9.0841,48.8291,50,58,31,21,Server3,23057686,0.9830508474576272
Server3_1939,11.8229,50.6102,50,58,24,26,Server3,8164372,0.9830508474576272
Server3_909,7.826,49.9249,50,58,19,21,Server3,15420674,0.9830508474576272
Server3_732,7.4224,51.0541,50,58,26,22,Server3,29797905,0.9830508474576272
Server3_463,6.7724,51.459,50,58,28,32,Server3,27347216,0.9830508474576272
Server3_329,8.6933,50.0619,50,58,28,31,Server3,3791,0.9830508474576272
Server3_1273,13.3376,52.516,50,58,19,40,Server3,2838549,0.9830508474576272
Server3_242,7.7561,53.2623,50,58,37,47,Server3,26149890,0.9830508474576272
Server3_1973,7.5212,51.3725,50,58,21,23,Server3,13749033,0.9830508474576272
Server3_1315,11.4927,49.7233,50,58,23,42,Server3,40263433,0.9830508474576272
Server3_1369,7.5833,51.464,50,58,27,23,Server3,32083968,0.9830508474576272
Server3_1979,11.183,51.4612,50,58,25,39,Server3,33412878,0.9830508474576272
Server3_872,13.5435,52.6099,50,58,35,44,Server3,5261099,0.9830508474576272
Server3_490,11.0076,49.4867,50,58,29,32,Server3,20913962,0.9830508474576272
Server3_1560,8.471,51.9064,50,58,26,45,Server3,31218944,0.9830508474576272
Server3_870,9.7315,50.5231,50,58,30,46,Server3,15718913,0.9830508474576272
Server3_1557,6.7045,49.3442,50,58,36,41,Server3,44667138,0.9830508474576272
Server3_1540,10.6759,50.6576,50,58,27,45,Server3,51570440,0.9830508474576272
Server3_322,9.2237,49.1725,50,58,18,45,Server3,28542465,0.9830508474576272
Server3_7,9.2467,48.8149,50,58,32,46,Server3,19264031,0.9830508474576272
Server3_1259,6.9795,50.8148,50,58,28,21,Server3,29742082,0.9830508474576272
Server3_1588,8.6566,49.8067,50,58,35,25,Server3,45584400,0.9830508474576272
Server3_1013,13.3538,52.4506,50,58,35,22,Server3,33844736,0.9830508474576272
Server3_902,11.386,53.3837,50,58,31,39,Server3,26755848,0.9830508474576272
Server3_1869,11.6473,52.1128,50,58,20,38,Server3,30210059,0.9830508474576272
Server3_1947,7.7679,47.6423,50,58,17,20,Server3,52401685,0.9830508474576272
Server3_1687,7.293,52.3386,50,58,22,38,Server3,34782,0.9830508474576272
Server3_1692,10.5863,51.5447,50,58,17,38,Server3,7731989,0.9830508474576272
Server3_190,11.6134,48.1012,50,58,25,41,Server3,64906,0.9830508474576272
Server3_1165,8.7002,50.0088,50,58,23,45,Server3,18096435,0.9830508474576272
Server3_1860,6.9988,51.486,50,58,37,47,Server3,13953588,0.9830508474576272
Server3_1596,9.006,48.668,50,58,33,32,Server3,8037367950,0.9830508474576272
Server3_1228,13.4082,52.5634,50,57,35,28,Server3,5809433,0.9661016949152542
Server3_1711,5.957,51.0144,50,57,24,42,Server3,42214405,0.9661016949152542
Server3_321,9.0806,53.061,50,57,33,42,Server3,36158501,0.9661016949152542
Server3_1397,12.3875,51.3772,50,57,17,25,Server3,51816724,0.9661016949152542
Server3_1166,8.1614,50.7608,50,57,28,40,Server3,36900609,0.9661016949152542
Server3_1251,8.6337,49.5603,50,57,32,32,Server3,48843807,0.9661016949152542
Server3_1249,13.8739,50.9761,50,57,21,38,Server3,33893133,0.9661016949152542
Server3_1664,10.8861,51.8334,50,57,15,22,Server3,27748353,0.9661016949152542
Server3_1280,13.4533,52.4296,50,57,35,32,Server3,102468883,0.9661016949152542
Server3_1391,8.5126,50.0937,50,57,19,22,Server3,15672596,0.9661016949152542
Server3_846,11.4595,48.7651,50,57,28,26,Server3,20553001,0.9661016949152542
Server3_660,10.6078,52.5779,50,57,20,28,Server3,5234976,0.9661016949152542
Server3_299,8.4511,49.0372,50,57,27,31,Server3,23325225,0.9661016949152542
Server3_149,10.165,48.4601,50,57,33,41,Server3,17938438,0.9661016949152542
Server3_1236,11.6085,48.0956,50,57,34,42,Server3,23472,0.9661016949152542
Server3_1365,12.2527,53.8969,50,57,24,38,Server3,33433093,0.9661016949152542
Server3_332,13.2002,54.3066,50,57,35,29,Server3,39384843,0.9661016949152542
Server3_1892,9.5353,52.5862,50,57,15,35,Server3,10991875,0.9661016949152542
Server3_1745,11.8777,47.6602,50,57,22,26,Server3,25863190,0.9661016949152542
Server3_1141,8.5546,49.1262,50,57,36,29,Server3,12432,0.9661016949152542
Server3_568,7.5703,53.0323,50,57,21,30,Server3,5193491,0.9661016949152542
Server3_265,7.0077,51.4482,50,57,26,40,Server3,39174145,0.9661016949152542
Server3_1006,10.4513,51.629,50,57,25,30,Server3,41280000,0.9661016949152542
Server3_1482,7.2012,51.5622,50,57,28,46,Server3,26937091,0.9661016949152542
Server3_581,7.2272,51.1549,50,57,32,45,Server3,41720076,0.9661016949152542
Server3_1794,8.2075,53.1336,50,57,36,43,Server3,6178067,0.9661016949152542
Server3_998,7.9308,49.9454,50,57,23,26,Server3,53244436,0.9661016949152542
Server3_1476,10.7918,52.1167,50,57,36,47,Server3,29212944,0.9661016949152542
Server3_65,6.7988,51.2468,50,57,29,27,Server3,10695444,0.9661016949152542
Server3_530,6.5737,51.3381,50,57,35,38,Server3,11197705,0.9661016949152542
Server3_1133,10.9335,52.2741,50,57,24,33,Server3,25622035,0.9661016949152542
Server3_1570,12.3194,47.7583,50,57,27,39,Server3,44042753,0.9661016949152542
Server3_1469,13.4498,52.5477,50,57,16,21,Server3,7041853,0.9661016949152542
Server3_765,13.6386,51.0736,50,57,30,34,Server3,27750412,0.9661016949152542
Server3_1546,8.4307,49.0064,50,57,35,24,Server3,23312407,0.9661016949152542
Server3_210,7.1928,51.5785,50,57,26,44,Server3,13120537,0.9661016949152542
Server3_1158,7.3396,52.3296,50,57,33,47,Server3,13995541,0.9661016949152542
Server3_502,6.4194,51.7991,50,57,16,30,Server3,13141762,0.9661016949152542
Server3_216,11.503,51.7713,50,57,23,22,Server3,7763487,0.9661016949152542
Server3_1917,11.7737,52.3697,50,57,21,43,Server3,5815071,0.9661016949152542
Server3_790,12.6649,50.8148,50,57,24,22,Server3,8578563,0.9661016949152542
Server3_815,13.3602,52.4252,50,57,36,35,Server3,6067242,0.9661016949152542
Server3_488,11.5733,49.1988,50,56,19,35,Server3,21785887,0.9491525423728814
Server3_1817,8.2999,49.0918,50,56,29,43,Server3,31538945,0.9491525423728814
Server3_1824,7.1156,51.4424,50,56,17,23,Server3,13925940,0.9491525423728814
Server3_1498,7.7706,51.6338,50,56,26,34,Server3,39387149,0.9491525423728814
Server3_848,12.4332,49.2072,50,56,17,22,Server3,20564227,0.9491525423728814
Server3_1858,12.3818,51.3457,50,56,21,28,Server3,8067882,0.9491525423728814
Server3_1068,11.2872,49.0912,50,56,24,31,Server3,54917,0.9491525423728814
Server3_1037,11.3324,49.0542,50,56,18,20,Server3,44595465,0.9491525423728814
Server3_541,8.5472,49.412,50,56,37,22,Server3,18109211,0.9491525423728814
Server3_1302,12.5057,50.4692,50,56,16,34,Server3,33120512,0.9491525423728814
Server3_1999,7.6184,51.3627,50,56,19,39,Server3,42556418,0.9491525423728814
Server3_1836,11.1013,51.4132,50,56,29,37,Server3,8873474,0.9491525423728814
Server3_259,11.7856,48.1555,50,56,31,43,Server3,20686849,0.9491525423728814
Server3_1016,9.8135,53.984,50,56,28,33,Server3,5954057,0.9491525423728814
Server3_522,13.7663,52.3697,50,56,26,34,Server3,33345537,0.9491525423728814
Server3_1983,10.8911,49.9786,50,56,35,31,Server3,44058890,0.9491525423728814
Server3_1909,7.2393,50.7873,50,56,29,24,Server3,15606571,0.9491525423728814
Server3_1160,10.6935,50.611,50,56,18,32,Server3,2778,0.9491525423728814
Server3_49,6.7897,50.8098,50,56,17,38,Server3,15427359,0.9491525423728814
Server3_617,9.6923,52.4209,50,56,19,26,Server3,10444595,0.9491525423728814
Server3_82,13.4271,52.585,50,56,29,33,Server3,35997198,0.9491525423728814
Server3_1461,6.5677,51.6238,50,56,34,26,Server3,13290537,0.9491525423728814
Server3_122,8.8086,48.2445,50,56,32,31,Server3,23190313,0.9491525423728814
Server3_279,7.2829,51.4555,50,56,37,36,Server3,14352662,0.9491525423728814
Server3_1937,13.5925,52.5384,50,56,32,43,Server3,5382425,0.9491525423728814
Server3_718,6.0552,50.7937,50,56,15,46,Server3,30006536,0.9491525423728814
Server3_912,9.5591,49.8233,50,56,19,39,Server3,46090271,0.9491525423728814
Server3_961,11.5092,48.5103,50,56,21,25,Server3,33762563,0.9491525423728814
Server3_99,8.55,49.4863,50,56,20,24,Server3,30139910,0.9491525423728814
Server3_1353,13.4763,52.5364,50,56,36,41,Server3,6429491,0.9491525423728814
Server3_445,6.9229,50.8961,50,56,32,43,Server3,51574274,0.9491525423728814
Server3_956,11.4514,51.6222,50,56,25,29,Server3,25834598,0.9491525423728814
Server3_579,8.6658,50.1089,50,56,33,34,Server3,15539731,0.9491525423728814
Server3_111,7.9319,51.6653,50,56,17,25,Server3,48804,0.9491525423728814
Server3_353,6.7433,51.2301,50,56,21,45,Server3,15618337,0.9491525423728814
Server3_1385,6.9287,50.9545,50,56,15,26,Server3,26591755,0.9491525423728814
Server3_805,13.644,51.8314,50,56,34,46,Server3,41557009,0.9491525423728814
Server3_254,8.9683,49.5356,50,55,28,24,Server3,46773264,0.9322033898305084
Server3_1312,8.2197,48.8632,50,55,28,33,Server3,47499265,0.9322033898305084
Server3_1355,12.1399,48.5548,50,55,32,34,Server3,26410774,0.9322033898305084
Server3_1278,9.4674,48.8069,50,55,23,34,Server3,40914178,0.9322033898305084
Server3_187,10.7383,52.3911,50,55,35,47,Server3,35623684,0.9322033898305084
Server3_1362,7.011,50.9665,50,55,31,46,Server3,41532418,0.9322033898305084
Server3_1321,13.3972,48.5648,50,55,26,23,Server3,26033434,0.9322033898305084
Server3_1812,12.128,49.4438,50,55,17,30,Server3,56624,0.9322033898305084
Server3_1301,10.9179,49.8844,50,55,18,43,Server3,41945348,0.9322033898305084
Server3_797,7.6364,51.9586,50,55,17,42,Server3,4609,0.9322033898305084
Server3_1720,12.259,51.3388,50,55,23,43,Server3,51599873,0.9322033898305084
Server3_228,9.9536,49.7976,50,55,15,29,Server3,149077255,0.9322033898305084
Server3_505,10.3494,47.7389,50,55,29,22,Server3,44725248,0.9322033898305084
Server3_1718,11.5749,48.012,50,55,16,20,Server3,26077954,0.9322033898305084
Server3_653,10.5784,49.3124,50,55,37,28,Server3,44600321,0.9322033898305084
Server3_403,11.0097,48.0657,50,55,31,34,Server3,26241824,0.9322033898305084
Server3_626,9.2964,51.1476,50,55,30,44,Server3,28913667,0.9322033898305084
Server3_100,6.9185,50.8238,50,55,26,43,Server3,11168271,0.9322033898305084
Server3_962,9.0067,48.6929,50,55,34,42,Server3,48208,0.9322033898305084
Server3_93,7.209,53.3665,50,55,36,45,Server3,52076290,0.9322033898305084
Server3_1232,13.836,51.1624,50,55,33,43,Server3,102573089,0.9322033898305084
Server3_618,7.0243,52.3086,50,55,18,44,Server3,13291297,0.9322033898305084
Server3_1148,14.0353,51.8069,50,55,31,33,Server3,45474823,0.9322033898305084
Server3_432,10.7413,50.5374,50,55,31,33,Server3,8706071,0.9322033898305084
Server3_1605,9.1703,48.8915,50,55,31,37,Server3,102839813,0.9322033898305084
Server3_1134,8.37,51.9057,50,55,19,38,Server3,13027111,0.9322033898305084
Server3_1128,7.7226,53.0207,50,55,24,20,Server3,39379,0.9322033898305084
Server3_1015,13.5618,52.5402,50,55,21,30,Server3,28461314,0.9322033898305084
Server3_572,11.5295,48.1296,50,55,26,26,Server3,6678,0.9322033898305084
Server3_450,13.9365,50.9638,50,55,22,41,Server3,31305478,0.9322033898305084
Server3_1497,7.9051,51.7651,50,55,22,47,Server3,33911296,0.9322033898305084
Server3_1113,9.4317,52.3577,50,55,21,29,Server3,6146,0.9322033898305084
Server3_1969,14.5224,52.3211,50,55,26,25,Server3,5577509,0.9322033898305084
Server3_1971,14.8963,51.25,50,55,20,44,Server3,26201088,0.9322033898305084
Server3_1048,12.2374,50.3366,50,55,28,35,Server3,7811859,0.9322033898305084
Server3_1079,8.5414,51.2209,50,55,37,40,Server3,12888596,0.9322033898305084
Server3_1915,8.8511,53.0602,50,55,25,22,Server3,51611680,0.9322033898305084
Server3_783,8.7093,49.7177,50,55,37,26,Server3,29085699,0.9322033898305084
Server3_1682,8.681,50.1321,50,55,28,34,Server3,18586393,0.9322033898305084
Server3_1212,9.9365,49.7566,50,55,15,46,Server3,19062,0.9322033898305084
Server3_127,14.0369,50.8997,50,55,20,28,Server3,38291460,0.9322033898305084
Server3_1884,6.9187,51.1716,50,55,20,20,Server3,15513642,0.9322033898305084
Server3_1882,6.866,51.9245,50,55,30,32,Server3,31624708,0.9322033898305084
Server3_1679,7.5288,52.2864,50,55,35,26,Server3,30099457,0.9322033898305084
Server3_160,10.9376,51.824,50,55,30,35,Server3,8885505,0.9322033898305084
Server3_879,12.2084,48.0536,50,55,16,21,Server3,21663509,0.9322033898305084
Server3_1418,9.1811,51.1279,50,55,24,30,Server3,7772864624,0.9322033898305084
Server3_1876,12.977,48.2359,50,55,20,44,Server3,60354,0.9322033898305084
Server3_679,7.0423,51.4543,50,55,20,21,Server3,26386432,0.9322033898305084
Server3_1591,12.0917,47.8163,50,54,37,44,Server3,25747262,0.9152542372881356
Server3_553,9.9959,53.45,50,54,17,44,Server3,27146753,0.9152542372881356
Server3_1712,9.1985,48.7973,50,54,32,47,Server3,23043881,0.9152542372881356
Server3_467,12.5979,54.3567,50,54,34,39,Server3,42359808,0.9152542372881356
Server3_704,8.551,49.5199,50,54,33,36,Server3,28007938,0.9152542372881356
Server3_1654,11.7558,48.3531,50,54,27,31,Server3,21730819,0.9152542372881356
Server3_475,11.603,48.3092,50,54,26,20,Server3,25646373,0.9152542372881356
Server3_528,10.3703,51.6841,50,54,17,41,Server3,10633218,0.9152542372881356
Server3_1377,12.4496,53.3002,50,54,37,21,Server3,2797825,0.9152542372881356
Server3_1534,11.8609,47.9543,50,54,37,29,Server3,26143235,0.9152542372881356
Server3_524,13.8064,51.0062,50,54,31,28,Server3,8481281,0.9152542372881356
Server3_1541,9.7814,53.9661,50,54,16,42,Server3,1000,0.9152542372881356
Server3_323,11.5422,52.1642,50,54,21,37,Server3,3125281,0.9152542372881356
Server3_456,8.4084,49.0032,50,54,32,41,Server3,26546706,0.9152542372881356
Server3_336,13.5367,53.9703,50,54,30,43,Server3,39102472,0.9152542372881356
Server3_1756,11.9835,50.8982,50,54,20,45,Server3,8521505,0.9152542372881356
Server3_1492,13.0283,52.3589,50,54,31,26,Server3,36361219,0.9152542372881356
Server3_1747,13.7632,51.0317,50,54,25,31,Server3,7760933,0.9152542372881356
Server3_696,8.5249,48.9382,50,54,15,40,Server3,51320,0.9152542372881356
Server3_1480,9.6379,52.4163,50,54,21,33,Server3,5834260,0.9152542372881356
Server3_1705,11.3568,49.0391,50,54,17,26,Server3,41351961,0.9152542372881356
Server3_349,10.2294,54.4421,50,54,17,39,Server3,43363595,0.9152542372881356
Server3_1743,11.0641,52.2181,50,54,30,39,Server3,53324052,0.9152542372881356
Server3_1683,9.9393,53.3779,50,54,22,37,Server3,28806920,0.9152542372881356
Server3_619,9.8791,49.7861,50,54,31,40,Server3,43964161,0.9152542372881356
Server3_1742,14.5182,51.7099,50,54,36,43,Server3,7851011,0.9152542372881356
Server3_365,11.5898,48.4408,50,54,26,36,Server3,30448387,0.9152542372881356
Server3_658,13.5164,52.4935,50,54,23,25,Server3,6262078,0.9152542372881356
Server3_398,9.1831,48.8898,50,54,22,25,Server3,28542976,0.9152542372881356
Server3_1346,7.5945,50.1283,50,54,32,26,Server3,52110,0.9152542372881356
Server3_2000,7.6542,53.2478,50,54,17,42,Server3,25742342,0.9152542372881356
Server3_1899,11.1525,51.2743,50,54,32,39,Server3,17772,0.9152542372881356
Server3_153,10.5747,49.2579,50,54,37,28,Server3,40154894,0.9152542372881356
Server3_22,11.736,48.1388,50,54,28,27,Server3,45768963,0.9152542372881356
Server3_1045,9.1381,49.9758,50,54,22,36,Server3,43748876,0.9152542372881356
Server3_1095,10.0063,53.553,50,54,33,22,Server3,2709299,0.9152542372881356
Server3_209,8.5741,50.1316,50,54,29,47,Server3,36307075275,0.9152542372881356
Server3_839,8.0342,49.5564,50,54,30,27,Server3,48692,0.9152542372881356
Server3_1033,6.9976,50.9507,50,54,21,34,Server3,16396843,0.9152542372881356
Server3_1213,9.2656,52.2355,50,54,33,30,Server3,29586690,0.9152542372881356
Server3_143,12.3116,48.6199,50,54,15,46,Server3,37789185,0.9152542372881356
Server3_802,8.0204,47.9213,50,54,34,45,Server3,35564800,0.9152542372881356
Server3_1183,14.9217,50.9876,50,54,26,44,Server3,39433477,0.9152542372881356
Server3_933,9.1422,49.9754,50,54,24,20,Server3,16791305,0.9152542372881356
Server3_1143,13.3427,52.5017,50,54,33,30,Server3,102469908,0.9152542372881356
Server3_106,12.3715,51.35,50,54,21,31,Server3,8219145,0.9152542372881356
Server3_104,7.9063,52.267,50,54,34,27,Server3,28792,0.9152542372881356
Server3_972,12.4476,48.6501,50,54,22,24,Server3,20928515,0.9152542372881356
Server3_94,8.5161,50.2962,50,54,26,32,Server3,18092034,0.9152542372881356
Server3_220,7.0934,50.7321,50,54,15,37,Server3,15973646,0.9152542372881356
Server3_91,12.2908,50.5733,50,54,31,21,Server3,8733990,0.9152542372881356
Server3_801,8.8969,54.8495,50,54,28,25,Server3,2773506,0.9152542372881356
Server3_8,13.0004,50.8676,50,54,28,28,Server3,8243744,0.9152542372881356
Server3_1066,7.5428,51.5835,50,54,20,22,Server3,27770627,0.9152542372881356
Server3_1786,10.2443,54.28,50,54,16,42,Server3,52621843,0.9152542372881356
Server3_694,8.6967,50.8582,50,53,28,24,Server3,44139265,0.8983050847457628
Server3_537,11.3542,48.2297,50,53,26,31,Server3,51290,0.8983050847457628
Server3_26,7.1847,50.7906,50,53,36,28,Server3,2833,0.8983050847457628
Server3_256,12.9555,48.8277,50,53,23,35,Server3,28043285,0.8983050847457628
Server3_1260,8.628,50.1416,50,53,36,45,Server3,31247877,0.8983050847457628
Server3_1823,10.6567,50.9527,50,53,26,35,Server3,8567329,0.8983050847457628
Server3_1457,7.6747,52.1535,50,53,34,44,Server3,34735109,0.8983050847457628
Server3_1372,6.9551,50.9425,50,53,15,36,Server3,26577934,0.8983050847457628
Server3_1124,9.1891,49.9961,50,53,37,35,Server3,46178599,0.8983050847457628
Server3_708,13.5968,52.7295,50,53,35,47,Server3,2615041,0.8983050847457628
Server3_472,12.4001,51.2517,50,53,26,34,Server3,8322305,0.8983050847457628
Server3_1972,8.3549,50.5433,50,53,22,27,Server3,18173237,0.8983050847457628
Server3_1854,8.1316,49.1917,50,53,27,47,Server3,53321,0.8983050847457628
Server3_327,7.4939,51.5752,50,53,22,40,Server3,12875029,0.8983050847457628
Server3_90,13.7075,53.544,50,53,30,22,Server3,3261186,0.8983050847457628
Server3_1906,11.9855,54.0001,50,53,17,20,Server3,3869717,0.8983050847457628
Server3_649,12.632,48.2345,50,53,20,43,Server3,11881,0.8983050847457628
Server3_1788,6.7606,51.3821,50,53,25,35,Server3,13914152,0.8983050847457628
Server3_39,11.4622,48.1039,50,53,31,39,Server3,25620503,0.8983050847457628
Server3_145,11.3731,50.6503,50,53,26,20,Server3,61136,0.8983050847457628
Server3_142,13.2962,50.7255,50,53,37,30,Server3,8003095,0.8983050847457628
Server3_1125,9.0616,53.0549,50,53,25,25,Server3,5318676,0.8983050847457628
Server3_1394,11.4772,48.683,50,53,19,26,Server3,26032189,0.8983050847457628
Server3_1197,8.4056,49.8412,50,53,27,32,Server3,44436488,0.8983050847457628
Server3_1771,13.698,51.0864,50,53,18,31,Server3,7927060,0.8983050847457628
Server3_318,8.2459,53.1203,50,53,30,23,Server3,27091201,0.8983050847457628
Server3_1991,9.4146,49.1844,50,53,30,40,Server3,65007,0.8983050847457628
Server3_300,14.5429,52.3384,50,53,26,35,Server3,6322217,0.8983050847457628
Server3_1789,8.6264,50.0819,50,53,16,35,Server3,44277250,0.8983050847457628
Server3_735,12.8985,50.8479,50,53,23,43,Server3,8964650,0.8983050847457628
Server3_297,6.6837,50.481,50,53,27,31,Server3,46229764,0.8983050847457628
Server3_1286,9.4461,54.7745,50,53,33,29,Server3,28221697,0.8983050847457628
Server3_1790,9.2727,48.7609,50,53,31,23,Server3,23811865,0.8983050847457628
Server3_1795,7.1497,50.2244,50,53,17,39,Server3,45558810,0.8983050847457628
Server3_212,8.0268,49.9656,50,53,19,40,Server3,43633687,0.8983050847457628
Server3_959,12.2933,51.8095,50,53,35,42,Server3,27730689,0.8983050847457628
Server3_1624,8.4708,49.479,50,53,16,45,Server3,34840842,0.8983050847457628
Server3_621,6.9163,49.9814,50,53,36,40,Server3,33118,0.8983050847457628
Server3_1089,9.6773,50.5513,50,53,32,43,Server3,15620629,0.8983050847457628
Server3_1544,9.7197,52.3519,50,52,26,39,Server3,28521995,0.8813559322033898
Server3_1935,10.2435,47.6024,50,52,33,34,Server3,25501,0.8813559322033898
Server3_1637,13.875,51.4764,50,52,33,22,Server3,8030229,0.8813559322033898
Server3_235,6.3369,50.8311,50,52,27,30,Server3,2631,0.8813559322033898
Server3_1793,11.7462,48.3511,50,52,36,47,Server3,25829950,0.8813559322033898
Server3_1296,8.7368,52.1273,50,52,34,34,Server3,51285013,0.8813559322033898
Server3_1656,11.5865,50.8015,50,52,26,24,Server3,25836817,0.8813559322033898
Server3_1210,8.6145,49.9526,50,52,21,28,Server3,51966978,0.8813559322033898
Server3_1475,8.6465,49.883,50,52,16,41,Server3,51879955,0.8813559322033898
Server3_1179,11.4223,48.258,50,52,27,38,Server3,26131262,0.8813559322033898
Server3_347,8.7728,53.2025,50,52,16,30,Server3,41090304,0.8813559322033898
Server3_1943,12.3428,51.1945,50,52,37,31,Server3,51605506,0.8813559322033898
Server3_120,13.7709,51.0333,50,52,31,43,Server3,50167,0.8813559322033898
Server3_699,10.0809,53.23,50,52,15,33,Server3,25944322,0.8813559322033898
Server3_1182,8.6769,49.8896,50,52,23,36,Server3,28288263,0.8813559322033898
Server3_1678,9.8999,53.9496,50,52,24,24,Server3,27550978,0.8813559322033898
Server3_359,13.5561,52.402,50,52,35,29,Server3,5144875,0.8813559322033898
Server3_1201,11.5513,48.1258,50,52,22,26,Server3,26364990,0.8813559322033898
Server3_926,8.6675,47.6326,50,52,32,43,Server3,23631422,0.8813559322033898
Server3_1305,6.9158,51.4446,50,52,21,25,Server3,14067750,0.8813559322033898
Server3_465,7.6061,51.9646,50,52,32,37,Server3,15412,0.8813559322033898
Server3_1432,9.8836,52.6712,50,52,25,36,Server3,51592194,0.8813559322033898
Server3_514,6.8364,51.8431,50,52,17,47,Server3,353,0.8813559322033898
Server3_974,11.4721,49.3813,50,52,32,47,Server3,46102784,0.8813559322033898
Server3_1573,13.5764,52.515,50,52,36,39,Server3,40543488,0.8813559322033898
Server3_1529,7.6952,49.3678,50,52,24,33,Server3,36688,0.8813559322033898
Server3_717,11.1526,48.4552,50,52,37,38,Server3,25674518,0.8813559322033898
Server3_1762,11.1465,49.3744,50,52,29,31,Server3,38003,0.8813559322033898
Server3_1288,9.167,48.922,50,52,20,40,Server3,44303,0.8813559322033898
Server3_781,7.1281,50.0555,50,52,15,43,Server3,29451019,0.8813559322033898
Server3_289,8.6917,50.1296,50,52,17,34,Server3,20005671,0.8813559322033898
Server3_1402,7.5802,51.005,50,52,35,26,Server3,16738326,0.8813559322033898
Server3_1161,10.0567,47.5532,50,52,22,27,Server3,30562,0.8813559322033898
Server3_703,8.6447,50.0996,50,52,29,43,Server3,52957971,0.8813559322033898
Server3_1225,13.4285,52.4864,50,52,30,33,Server3,2816262,0.8813559322033898
Server3_960,12.0418,48.935,50,52,26,40,Server3,20642110,0.8813559322033898
Server3_1103,11.0801,49.2168,50,52,37,29,Server3,52131603,0.8813559322033898
Server3_1376,8.0367,53.1223,50,52,35,25,Server3,102873089,0.8813559322033898
Server3_1092,8.5118,47.9117,50,52,18,35,Server3,23294260,0.8813559322033898
Server3_589,11.7536,48.1508,50,51,15,47,Server3,44462081,0.864406779661017
Server3_1928,9.9191,53.4732,50,51,35,28,Server3,26425100,0.864406779661017
Server3_664,13.1462,49.1252,50,51,37,20,Server3,41009932,0.864406779661017
Server3_1436,9.1422,49.3131,50,51,34,21,Server3,19046675,0.864406779661017
Server3_1916,11.7809,50.5464,50,51,37,23,Server3,8093954,0.864406779661017
Server3_969,11.276,50.6771,50,51,31,44,Server3,29110274,0.864406779661017
Server3_611,10.5107,51.084,50,51,28,35,Server3,53577748,0.864406779661017
Server3_655,13.376,48.5718,50,51,23,36,Server3,32686,0.864406779661017
Server3_503,13.6191,52.3107,50,51,27,24,Server3,29565200,0.864406779661017
Server3_980,9.8937,52.3752,50,51,15,20,Server3,10294571,0.864406779661017
Server3_1462,11.5773,48.1406,50,51,17,38,Server3,30217984,0.864406779661017
Server3_1002,13.3323,48.8347,50,51,25,21,Server3,25103,0.864406779661017
Server3_248,7.6624,51.5432,50,51,30,29,Server3,33905413,0.864406779661017
Server3_1553,10.1743,51.0084,50,51,21,44,Server3,8773889,0.864406779661017
Server3_1190,10.9643,49.9869,50,51,17,31,Server3,39940366,0.864406779661017
Server3_834,13.3747,52.5625,50,51,32,31,Server3,26934274,0.864406779661017
Server3_320,9.2238,53.1442,50,51,23,44,Server3,22565,0.864406779661017
Server3_29,7.6976,50.9671,50,51,24,28,Server3,17362470,0.864406779661017
Server3_1584,9.0118,50.175,50,51,23,44,Server3,45124100,0.864406779661017
Server3_1826,11.0234,49.6055,50,51,22,36,Server3,44415491,0.864406779661017
Server3_1819,11.5165,50.8742,50,51,17,30,Server3,19833,0.864406779661017
Server3_533,7.0837,50.9504,50,51,17,31,Server3,15878425,0.864406779661017
Server3_1358,12.1478,49.6403,50,51,36,38,Server3,44736011,0.864406779661017
Server3_301,8.0276,53.666,50,51,23,34,Server3,5402387,0.864406779661017
Server3_1017,9.8985,48.4714,50,51,24,30,Server3,27060032,0.864406779661017
Server3_291,7.7796,47.5561,50,51,37,32,Server3,23267610,0.864406779661017
Server3_1565,12.1027,54.0841,50,51,25,29,Server3,30723093,0.864406779661017
Server3_523,13.4697,52.5118,50,51,15,24,Server3,5410829,0.864406779661017
Server3_1053,11.5164,48.0158,50,51,22,36,Server3,25650749,0.864406779661017
Server3_230,9.6913,52.3642,50,51,21,30,Server3,49551617,0.864406779661017
Server3_1056,7.1536,50.7172,50,51,37,40,Server3,11168789,0.864406779661017
Server3_1059,9.3697,48.7411,50,51,15,42,Server3,23680297,0.864406779661017
Server3_775,8.9913,49.9675,50,51,37,30,Server3,16638722,0.864406779661017
Server3_1528,12.5253,48.2745,50,51,17,30,Server3,18322,0.864406779661017
Server3_45,11.0303,47.4816,50,51,29,38,Server3,26114307,0.864406779661017
Server3_36,10.1857,47.9989,50,51,22,38,Server3,39161088,0.864406779661017
Server3_339,7.6668,51.025,50,51,15,39,Server3,10913288,0.864406779661017
Server3_1395,13.5851,52.6804,50,51,20,42,Server3,26883079,0.864406779661017
Server3_461,8.671,50.2003,50,51,22,20,Server3,44280322,0.864406779661017
Server3_260,11.7546,50.5308,50,51,16,40,Server3,8535829,0.864406779661017
Server3_346,8.6396,49.7254,50,51,19,26,Server3,18032409,0.864406779661017
Server3_1967,9.0514,54.2752,50,51,30,43,Server3,56192,0.864406779661017
Server3_1022,13.6671,52.5507,50,51,19,25,Server3,29062400,0.864406779661017
Server3_1866,8.7207,49.2675,50,51,29,33,Server3,57332,0.864406779661017
Server3_1865,8.3501,47.9012,50,51,16,40,Server3,18232595,0.864406779661017
Server3_1386,8.2727,53.1598,50,51,15,47,Server3,30811912,0.864406779661017
Server3_35,13.3866,52.4418,50,50,29,21,Server3,7119145,0.847457627118644
Server3_512,12.96,52.547,50,50,35,31,Server3,5599747,0.847457627118644
Server3_452,8.7792,50.1056,50,50,15,46,Server3,26282,0.847457627118644
Server3_1117,10.177,49.3705,50,50,30,34,Server3,21380884,0.847457627118644
Server3_1533,8.472,49.6236,50,50,30,20,Server3,43965,0.847457627118644
Server3_1926,6.5037,50.0041,50,50,25,27,Server3,60452,0.847457627118644
Server3_567,11.2932,50.3358,50,50,16,25,Server3,33540356,0.847457627118644
Server3_430,7.034,50.746,50,50,27,27,Server3,52352513,0.847457627118644
Server3_1968,10.0268,48.4332,50,50,37,29,Server3,54588,0.847457627118644
Server3_1508,6.7895,51.2693,50,50,15,30,Server3,64814,0.847457627118644
Server3_474,10.4974,52.3192,50,50,16,20,Server3,6118421,0.847457627118644
Server3_1465,9.4512,54.7731,50,50,37,21,Server3,4097065,0.847457627118644
Server3_1027,10.4802,52.3229,50,50,28,20,Server3,28242435,0.847457627118644
Server3_1313,11.5552,49.9386,50,50,37,43,Server3,20669493,0.847457627118644
Server3_215,8.0312,49.6478,50,50,37,36,Server3,18405910,0.847457627118644
Server3_352,11.0413,49.4115,50,50,16,36,Server3,20997151,0.847457627118644
Server3_116,8.8215,53.0812,50,50,24,23,Server3,5707529,0.847457627118644
Server3_1660,7.0055,50.9107,50,50,29,29,Server3,15493427,0.847457627118644
Server3_949,10.5933,53.8508,50,50,27,47,Server3,27125506,0.847457627118644
Server3_1736,8.6424,49.8721,50,50,24,47,Server3,44939520,0.847457627118644
Server3_1239,7.152,50.5457,50,50,29,34,Server3,44618,0.847457627118644
Server3_1349,8.2258,53.0518,50,50,35,29,Server3,51418133,0.847457627118644
Server3_325,13.62,50.7248,50,50,29,32,Server3,50275329,0.847457627118644
Server3_388,14.9329,51.1282,50,50,36,37,Server3,32361741,0.847457627118644
Server3_1295,11.8114,50.2879,50,50,24,37,Server3,43314946,0.847457627118644
Server3_1366,10.0264,53.5809,50,50,19,33,Server3,3853355,0.847457627118644
Server3_224,13.6412,52.6112,50,50,31,24,Server3,37347,0.847457627118644
Server3_768,13.0012,52.366,50,50,18,44,Server3,27024898,0.847457627118644
Server3_1434,8.6285,49.8771,50,50,37,33,Server3,26396433,0.847457627118644
Server3_1547,10.5132,52.2622,50,50,23,35,Server3,38502402,0.847457627118644
Server3_791,13.3192,52.4069,50,50,34,39,Server3,5209406,0.847457627118644
Server3_243,7.8163,50.8012,50,50,18,45,Server3,42351109,0.847457627118644
Server3_395,13.3393,51.3467,50,50,34,34,Server3,51324181,0.847457627118644
Server3_638,10.4717,47.6522,50,50,23,22,Server3,25795359,0.847457627118644
Server3_1767,13.9287,50.9365,50,50,25,29,Server3,8407553,0.847457627118644
Server3_1384,12.8351,52.3223,50,50,21,33,Server3,30788881,0.847457627118644
Server3_1202,13.0046,51.1896,50,50,20,40,Server3,25956610,0.847457627118644
Server3_169,7.6531,50.7769,50,49,18,32,Server3,22691,0.8305084745762712
Server3_702,8.8265,52.9865,50,49,20,35,Server3,5331220,0.8305084745762712
Server3_164,12.9795,52.6216,50,49,18,36,Server3,25312,0.8305084745762712
Server3_338,11.7167,48.308,50,49,37,36,Server3,25958953,0.8305084745762712
Server3_1074,10.9343,50.0185,50,49,31,29,Server3,53360659,0.8305084745762712
Server3_179,13.7967,50.7685,50,49,28,29,Server3,28940545,0.8305084745762712
Server3_1828,6.8121,50.6428,50,49,36,26,Server3,46535169,0.8305084745762712
Server3_620,6.8018,51.57,50,49,26,32,Server3,32054272,0.8305084745762712
Server3_1040,8.4159,50.0081,50,49,36,24,Server3,18562357,0.8305084745762712
Server3_1724,9.137,48.842,50,49,25,31,Server3,23053077,0.8305084745762712
Server3_206,12.6912,50.7833,50,49,33,46,Server3,7896586,0.8305084745762712
Server3_294,13.5706,51.1273,50,49,23,45,Server3,8656394,0.8305084745762712
Server3_1634,10.388,49.7721,50,49,17,22,Server3,15653890,0.8305084745762712
Server3_809,13.9024,53.8553,50,49,23,42,Server3,15532,0.8305084745762712
Server3_1335,13.5729,51.0656,50,49,15,42,Server3,6357,0.8305084745762712
Server3_491,8.6122,49.7812,50,49,34,26,Server3,102970886,0.8305084745762712
Server3_1751,10.5407,50.6048,50,49,26,32,Server3,9007624,0.8305084745762712
Server3_763,10.088,49.1895,50,49,17,31,Server3,21700896,0.8305084745762712
Server3_270,11.5833,50.0355,50,49,23,25,Server3,21826325,0.8305084745762712
Server3_268,8.6548,50.2568,50,49,29,31,Server3,41329157,0.8305084745762712
Server3_772,13.1612,50.6371,50,49,23,47,Server3,34883,0.8305084745762712
Server3_152,6.1798,51.885,50,49,37,47,Server3,38221833,0.8305084745762712
Server3_1778,10.582,51.5799,50,49,22,33,Server3,59873,0.8305084745762712
Server3_458,7.7326,49.3935,50,49,28,31,Server3,45226246,0.8305084745762712
Server3_1608,6.8332,51.1998,50,49,29,43,Server3,16098611,0.8305084745762712
Server3_1704,10.6309,47.8782,50,49,27,29,Server3,28084737,0.8305084745762712
Server3_436,12.0849,47.8902,50,49,33,32,Server3,25814553,0.8305084745762712
Server3_1139,10.9107,50.6916,50,49,27,45,Server3,7917355,0.8305084745762712
Server3_646,8.6259,49.6972,50,49,30,32,Server3,47156495,0.8305084745762712
Server3_73,10.2578,47.532,50,49,24,46,Server3,26457091,0.8305084745762712
Server3_431,8.9955,48.6918,50,49,28,40,Server3,26542337,0.8305084745762712
Server3_428,7.5601,47.8275,50,49,21,24,Server3,9953,0.8305084745762712
Server3_1602,8.6711,49.3547,50,49,19,46,Server3,35571471,0.8305084745762712
Server3_599,9.1938,49.1244,50,49,30,20,Server3,34200322,0.8305084745762712
Server3_641,8.8193,53.0333,50,49,17,46,Server3,5274389,0.8305084745762712
Server3_1610,6.5242,51.5753,50,49,31,39,Server3,34684672,0.8305084745762712
Server3_1647,9.5945,51.8745,50,49,30,32,Server3,46763788,0.8305084745762712
Server3_80,9.0168,50.1451,50,49,37,34,Server3,15776799,0.8305084745762712
Server3_628,11.4445,48.7256,50,49,21,35,Server3,20555562,0.8305084745762712
Server3_249,8.5389,52.9494,50,49,31,45,Server3,25944596,0.8305084745762712
Server3_656,11.3491,49.5924,50,49,33,23,Server3,26075137,0.8305084745762712
Server3_921,13.7638,51.0998,50,49,18,42,Server3,29682949,0.8305084745762712
Server3_1701,13.5772,52.4563,50,49,34,45,Server3,28429569,0.8305084745762712
Server3_1681,12.0239,50.298,50,49,35,20,Server3,12182,0.8305084745762712
Server3_915,9.6364,54.4025,50,49,31,27,Server3,36640518,0.8305084745762712
Server3_680,10.8717,48.4475,50,49,37,37,Server3,44554758,0.8305084745762712
Server3_1950,9.6669,49.7669,50,49,25,33,Server3,32338,0.8305084745762712
Server3_1957,11.7509,48.1001,50,49,34,25,Server3,25884979,0.8305084745762712
Server3_50,6.9241,50.9371,50,49,19,22,Server3,16669481,0.8305084745762712
Server3_1209,9.0872,49.9357,50,48,21,28,Server3,18039321,0.8135593220338984
Server3_890,9.7226,52.4562,50,48,19,42,Server3,47471622,0.8135593220338984
Server3_1382,9.2911,49.9164,50,48,26,44,Server3,37423364,0.8135593220338984
Server3_1204,9.2865,47.7634,50,48,29,34,Server3,29907461,0.8135593220338984
Server3_1055,8.2068,49.077,50,48,35,28,Server3,19159810,0.8135593220338984
Server3_1458,11.8573,48.1616,50,48,27,33,Server3,46213,0.8135593220338984
Server3_1443,9.5207,51.29,50,48,30,42,Server3,12811265,0.8135593220338984
Server3_629,10.9234,50.0095,50,48,20,23,Server3,47605761,0.8135593220338984
Server3_953,13.8845,52.5649,50,48,31,37,Server3,51499529,0.8135593220338984
Server3_1186,6.8752,51.5075,50,48,19,31,Server3,47845382,0.8135593220338984
Server3_1221,10.9761,48.0594,50,48,18,32,Server3,26023199,0.8135593220338984
Server3_1267,12.9671,47.8316,50,48,24,23,Server3,26400277,0.8135593220338984
Server3_1051,8.5409,49.4575,50,48,33,38,Server3,18168579,0.8135593220338984
Server3_595,9.4375,48.8091,50,48,22,26,Server3,31375877,0.8135593220338984
Server3_1537,10.7685,50.6397,50,48,34,44,Server3,8986882,0.8135593220338984
Server3_1252,12.9903,54.2924,50,48,30,36,Server3,27036162,0.8135593220338984
Server3_993,13.5738,51.5707,50,48,25,27,Server3,25895182,0.8135593220338984
Server3_1012,11.6168,52.0515,50,48,32,40,Server3,45888514,0.8135593220338984
Server3_1255,8.6063,52.1803,50,48,30,24,Server3,30114818,0.8135593220338984
Server3_841,11.8373,48.2493,50,48,28,43,Server3,26077217,0.8135593220338984
Server3_558,10.6832,47.58,50,48,31,26,Server3,32339722,0.8135593220338984
Server3_535,6.4464,51.1694,50,48,24,23,Server3,52243978,0.8135593220338984
Server3_241,11.7163,51.7122,50,48,35,34,Server3,9143574,0.8135593220338984
Server3_1835,9.1977,48.7267,50,48,33,45,Server3,23576578,0.8135593220338984
Server3_238,9.0437,48.8681,50,48,20,39,Server3,23320090,0.8135593220338984
Server3_247,10.9419,49.9359,50,48,33,47,Server3,20563508,0.8135593220338984
Server3_236,13.1249,52.3169,50,48,30,35,Server3,51489025,0.8135593220338984
Server3_1903,14.1087,51.5666,50,48,20,32,Server3,32248067,0.8135593220338984
Server3_282,11.7703,48.1635,50,48,27,35,Server3,25891625,0.8135593220338984
Server3_208,12.3286,50.5876,50,48,17,44,Server3,51041,0.8135593220338984
Server3_52,9.1974,48.7283,50,48,27,42,Server3,23284757,0.8135593220338984
Server3_198,9.2248,48.9636,50,48,34,28,Server3,23100459,0.8135593220338984
Server3_506,12.4024,51.4959,50,48,19,30,Server3,7892225,0.8135593220338984
Server3_150,8.9755,50.2787,50,48,32,25,Server3,49317376,0.8135593220338984
Server3_305,8.5183,49.4897,50,48,27,23,Server3,18574868,0.8135593220338984
Server3_1831,7.8566,47.9898,50,48,15,36,Server3,23712001,0.8135593220338984
Server3_1961,9.8999,53.5577,50,48,30,21,Server3,4585,0.8135593220338984
Server3_312,10.0712,49.1601,50,48,23,35,Server3,36222,0.8135593220338984
Server3_361,7.0908,49.8008,50,48,19,44,Server3,33308,0.8135593220338984
Server3_330,13.6328,53.8122,50,48,29,26,Server3,8730,0.8135593220338984
Server3_1552,7.5735,51.6458,50,48,16,41,Server3,11133729,0.8135593220338984
Server3_1840,11.1103,49.3937,50,48,28,46,Server3,46683906,0.8135593220338984
Server3_587,12.6074,48.2648,50,47,28,36,Server3,61178,0.7966101694915254
Server3_451,10.8866,48.3174,50,47,25,30,Server3,44575750,0.7966101694915254
Server3_1850,12.3419,48.9976,50,47,16,32,Server3,20586815,0.7966101694915254
Server3_1924,10.2332,53.4983,50,47,20,47,Server3,52048673,0.7966101694915254
Server3_887,9.0543,50.0433,50,47,23,20,Server3,37407237,0.7966101694915254
Server3_396,12.5804,50.5606,50,47,25,23,Server3,7819265,0.7966101694915254
Server3_231,8.6594,50.123,50,47,19,21,Server3,43745793,0.7966101694915254
Server3_223,11.3775,48.9956,50,47,16,35,Server3,41106698,0.7966101694915254
Server3_222,9.9774,53.5891,50,47,18,20,Server3,3217706,0.7966101694915254
Server3_818,7.0968,49.2336,50,47,31,45,Server3,43656479,0.7966101694915254
Server3_1895,10.0238,53.6861,50,47,34,27,Server3,2613301,0.7966101694915254
Server3_1471,10.7506,50.897,50,47,26,21,Server3,8345887,0.7966101694915254
Server3_901,7.1582,51.9666,50,47,15,40,Server3,13103617,0.7966101694915254
Server3_602,10.5054,52.2199,50,47,28,47,Server3,52332308,0.7966101694915254
Server3_1276,9.0536,54.4164,50,47,21,28,Server3,5944065,0.7966101694915254
Server3_832,8.3423,52.1936,50,47,19,47,Server3,12823060,0.7966101694915254
Server3_1211,12.1773,51.4362,50,47,24,31,Server3,7875605,0.7966101694915254
Server3_419,8.6286,49.8126,50,47,18,34,Server3,18033942,0.7966101694915254
Server3_1873,8.0142,47.5524,50,47,34,45,Server3,23305475,0.7966101694915254
Server3_867,12.3146,48.1436,50,47,21,47,Server3,19071,0.7966101694915254
Server3_138,11.7791,52.9928,50,47,18,47,Server3,3108372,0.7966101694915254
Server3_420,7.5501,51.4541,50,47,26,46,Server3,13417986,0.7966101694915254
Server3_582,8.7298,49.2862,50,47,18,33,Server3,32141059,0.7966101694915254
Server3_692,8.2063,50.3165,50,47,24,20,Server3,60382,0.7966101694915254
Server3_333,9.805,49.7629,50,47,27,29,Server3,15495969,0.7966101694915254
Server3_1510,8.6042,48.1796,50,47,27,37,Server3,35312,0.7966101694915254
Server3_1412,10.3441,50.4188,50,47,36,33,Server3,16627487,0.7966101694915254
Server3_1734,8.5572,49.8102,50,47,36,34,Server3,15666179,0.7966101694915254
Server3_1578,11.3858,49.4853,50,47,30,36,Server3,30259459,0.7966101694915254
Server3_738,8.1609,51.8323,50,47,34,38,Server3,41608716,0.7966101694915254
Server3_976,12.5126,49.6418,50,47,18,34,Server3,44742154,0.7966101694915254
Server3_1019,10.1689,53.3677,50,47,27,20,Server3,2893087,0.7966101694915254
Server3_1354,11.1013,50.5941,50,47,21,21,Server3,52592672,0.7966101694915254
Server3_34,10.0066,53.5515,50,47,16,38,Server3,2600491,0.7966101694915254
Server3_1339,8.7039,50.3765,50,47,22,31,Server3,51643667,0.7966101694915254
Server3_1986,7.1931,52.8159,50,47,32,22,Server3,13095969,0.7966101694915254
Server3_516,11.6344,48.0726,50,47,28,26,Server3,43711490,0.7966101694915254
Server3_1082,11.6251,48.2124,50,47,28,40,Server3,35075596,0.7966101694915254
Server3_1061,10.1757,54.329,50,47,29,44,Server3,2921509,0.7966101694915254
Server3_705,10.9639,50.8499,50,47,33,28,Server3,7730452,0.7966101694915254
Server3_3,7.3594,53.0706,50,47,28,38,Server3,13750273,0.7966101694915254
Server3_1347,13.3962,52.4801,50,47,17,28,Server3,51480340,0.7966101694915254
Server3_877,13.1531,52.386,50,47,19,24,Server3,2625043,0.7966101694915254
Server3_1427,10.1169,49.7846,50,47,32,22,Server3,46372641,0.7966101694915254
Server3_67,11.2225,49.466,50,47,33,32,Server3,20805399,0.7966101694915254
Server3_1527,8.8593,47.8047,50,47,26,40,Server3,23476325,0.7966101694915254
Server3_654,13.8998,51.064,50,47,24,37,Server3,9044755,0.7966101694915254
Server3_986,12.3883,51.3761,50,47,22,38,Server3,30410497,0.7966101694915254
Server3_754,8.4744,49.4897,50,46,24,44,Server3,36062983,0.7796610169491526
Server3_1371,8.7423,50.65,50,46,36,24,Server3,36902915,0.7796610169491526
Server3_427,13.8799,50.7908,50,46,19,34,Server3,8575490,0.7796610169491526
Server3_328,12.6786,48.9747,50,46,19,44,Server3,44985350,0.7796610169491526
Server3_1653,11.4422,48.7319,50,46,15,34,Server3,41980938,0.7796610169491526
Server3_798,9.2337,52.6385,50,46,32,29,Server3,30711319,0.7796610169491526
Server3_799,10.2451,48.4293,50,46,36,27,Server3,18486538,0.7796610169491526
Server3_1659,8.4018,48.2336,50,46,35,35,Server3,31633157,0.7796610169491526
Server3_1686,12.842,47.9929,50,46,17,35,Server3,44045572,0.7796610169491526
Server3_769,10.9114,51.7579,50,46,31,46,Server3,9079829,0.7796610169491526
Server3_606,7.7634,50.5378,50,46,18,38,Server3,15915295,0.7796610169491526
Server3_1723,7.3296,51.4352,50,46,33,42,Server3,27813123,0.7796610169491526
Server3_1399,7.0194,50.9738,50,46,35,47,Server3,26577665,0.7796610169491526
Server3_819,10.3405,51.6353,50,46,36,31,Server3,10415618,0.7796610169491526
Server3_1409,9.468,48.7078,50,46,21,35,Server3,36173569,0.7796610169491526
Server3_1410,9.1934,48.7922,50,46,24,20,Server3,33280015,0.7796610169491526
Server3_1454,13.467,52.5532,50,46,32,29,Server3,3625992,0.7796610169491526
Server3_1822,12.311,48.9947,50,46,32,45,Server3,21736449,0.7796610169491526
Server3_1442,9.1605,53.082,50,46,37,42,Server3,6566147,0.7796610169491526
Server3_221,9.32,48.7324,50,46,32,29,Server3,28030208,0.7796610169491526
Server3_758,12.3619,50.7688,50,46,34,34,Server3,56263,0.7796610169491526
Server3_193,8.4267,49.0129,50,46,16,21,Server3,38677,0.7796610169491526
Server3_1309,13.0711,54.308,50,46,31,30,Server3,30774566,0.7796610169491526
Server3_1234,13.6216,52.3587,50,46,35,29,Server3,4120597,0.7796610169491526
Server3_1559,7.145,50.8617,50,46,18,44,Server3,10898184,0.7796610169491526
Server3_518,7.2511,50.7391,50,46,31,40,Server3,53104,0.7796610169491526
Server3_939,10.1597,49.755,50,46,20,32,Server3,15493379,0.7796610169491526
Server3_943,6.2738,50.81,50,46,19,28,Server3,41512,0.7796610169491526
Server3_1087,9.7705,51.4496,50,46,26,31,Server3,27619072,0.7796610169491526
Server3_455,10.3804,53.6135,50,46,31,34,Server3,2652187,0.7796610169491526
Server3_1042,11.9884,47.8921,50,46,19,42,Server3,25746719,0.7796610169491526
Server3_955,13.527,52.4177,50,46,18,32,Server3,5145377,0.7796610169491526
Server3_1877,11.1693,49.4154,50,46,37,21,Server3,20886324,0.7796610169491526
Server3_101,14.4508,52.3221,50,46,35,32,Server3,2620929,0.7796610169491526
Server3_1920,6.9754,49.2342,50,46,28,33,Server3,16090131,0.7796610169491526
Server3_1593,13.6774,51.0939,50,46,29,46,Server3,8015635,0.7796610169491526
Server3_548,8.4752,49.4967,50,46,17,22,Server3,18403134,0.7796610169491526
Server3_999,12.2495,54.2571,50,46,21,21,Server3,35456,0.7796610169491526
Server3_32,10.0112,48.3875,50,46,27,45,Server3,35127040,0.7796610169491526
Server3_1063,7.2933,51.4464,50,46,18,37,Server3,27762691,0.7796610169491526
Server3_1958,13.505,52.6194,50,46,30,36,Server3,28424193,0.7796610169491526
Server3_917,11.8526,48.165,50,46,30,22,Server3,4430,0.7796610169491526
Server3_5,8.6066,52.9687,50,46,15,45,Server3,37741057,0.7796610169491526
Server3_1205,6.7563,51.209,50,46,15,44,Server3,26320642,0.7796610169491526
Server3_1214,7.5825,49.4212,50,46,20,29,Server3,57720,0.7796610169491526
Server3_920,8.104,48.7278,50,46,30,35,Server3,18431233,0.7796610169491526
Server3_1203,13.4061,52.5522,50,46,26,45,Server3,3320577,0.7796610169491526
Server3_543,8.7459,48.43,50,45,33,39,Server3,43306249,0.7627118644067796
Server3_793,9.8327,51.4193,50,45,37,40,Server3,18979841,0.7627118644067796
Server3_369,11.4517,48.1259,50,45,23,29,Server3,26121509,0.7627118644067796
Server3_546,13.7505,51.0689,50,45,20,27,Server3,8474881,0.7627118644067796
Server3_253,11.7084,52.3517,50,45,23,27,Server3,32385793,0.7627118644067796
Server3_771,6.5094,50.011,50,45,17,28,Server3,49533,0.7627118644067796
Server3_979,7.4416,51.3904,50,45,26,33,Server3,30490625,0.7627118644067796
Server3_1262,9.1818,48.681,50,45,26,47,Server3,18436629,0.7627118644067796
Server3_1479,8.7651,52.7297,50,45,27,24,Server3,5154561,0.7627118644067796
Server3_764,12.013,52.5526,50,45,23,24,Server3,3075841,0.7627118644067796
Server3_760,9.2135,48.7958,50,45,34,23,Server3,23849742,0.7627118644067796
Server3_1839,13.5281,52.5141,50,45,34,33,Server3,5692971,0.7627118644067796
Server3_539,12.6611,48.2322,50,45,35,47,Server3,51504917,0.7627118644067796
Server3_889,10.0447,54.2026,50,45,34,29,Server3,2850366,0.7627118644067796
Server3_57,8.9704,53.0815,50,45,21,24,Server3,5319170,0.7627118644067796
Server3_1009,7.8433,49.4408,50,45,22,38,Server3,52912927,0.7627118644067796
Server3_1108,9.6708,47.5629,50,45,34,33,Server3,21592579,0.7627118644067796
Server3_1576,7.1077,50.9817,50,45,27,41,Server3,28137473,0.7627118644067796
Server3_171,12.251,49.2845,50,45,24,33,Server3,28745476,0.7627118644067796
Server3_640,7.4304,51.4466,50,45,16,42,Server3,102494241,0.7627118644067796
Server3_1799,8.6422,49.9854,50,45,16,42,Server3,45101569,0.7627118644067796
Server3_1024,7.6204,48.1781,50,45,30,46,Server3,23404547,0.7627118644067796
Server3_1684,11.5374,48.111,50,45,18,39,Server3,30580,0.7627118644067796
Server3_1274,11.9663,51.495,50,45,16,24,Server3,8249876,0.7627118644067796
Server3_448,13.9992,53.5057,50,45,22,29,Server3,52041237,0.7627118644067796
Server3_317,6.4352,49.9848,50,45,21,24,Server3,63026,0.7627118644067796
Server3_625,8.8714,49.7328,50,45,34,27,Server3,46210049,0.7627118644067796
Server3_316,11.1054,47.4495,50,45,36,39,Server3,26114306,0.7627118644067796
Server3_1451,9.1583,48.7708,50,45,27,32,Server3,52076040,0.7627118644067796
Server3_1208,11.4664,48.8217,50,45,28,42,Server3,58061,0.7627118644067796
Server3_1167,7.2706,51.3143,50,45,19,21,Server3,15732030,0.7627118644067796
Server3_1827,9.6326,49.5665,50,45,26,21,Server3,32045059,0.7627118644067796
Server3_1908,10.236,49.0695,50,45,17,29,Server3,25698071,0.7627118644067796
Server3_444,7.5946,50.1684,50,45,34,30,Server3,15446785,0.7627118644067796
Server3_954,12.0729,51.2207,50,45,22,31,Server3,29786368,0.7627118644067796
Server3_1100,11.5127,48.143,50,45,26,43,Server3,26504705,0.7627118644067796
Server3_1357,12.8482,50.8302,50,44,25,21,Server3,7818261,0.7457627118644068
Server3_1065,6.9041,51.1375,50,44,26,42,Server3,37879297,0.7457627118644068
Server3_1032,8.8485,48.7484,50,44,30,40,Server3,29493760,0.7457627118644068
Server3_1361,8.2857,50.6713,50,44,31,30,Server3,103047449,0.7457627118644068
Server3_1995,11.7806,49.5796,50,44,28,38,Server3,20638496,0.7457627118644068
Server3_711,7.091,49.3295,50,44,30,39,Server3,57545,0.7457627118644068
Server3_319,8.1146,49.1836,50,44,17,27,Server3,47909123,0.7457627118644068
Server3_1224,6.6642,51.3966,50,44,15,43,Server3,14784038,0.7457627118644068
Server3_46,13.4953,52.5051,50,44,23,40,Server3,11541,0.7457627118644068
Server3_1279,8.7579,50.246,50,44,23,38,Server3,46212379,0.7457627118644068
Server3_1862,10.7092,50.6149,50,44,36,44,Server3,8077569,0.7457627118644068
Server3_856,9.947,52.3326,50,44,26,20,Server3,27673350,0.7457627118644068
Server3_1268,10.0066,53.5517,50,44,18,36,Server3,5969,0.7457627118644068
Server3_1890,8.0741,48.5254,50,44,30,41,Server3,19226388,0.7457627118644068
Server3_199,6.064,50.7703,50,44,20,29,Server3,15367718,0.7457627118644068
Server3_838,13.4281,52.4694,50,44,28,40,Server3,7606806,0.7457627118644068
Server3_837,12.0586,54.0262,50,44,25,46,Server3,3211779,0.7457627118644068
Server3_124,13.3355,52.5121,50,44,24,30,Server3,2968835,0.7457627118644068
Server3_1178,9.5976,48.7596,50,44,20,31,Server3,30057733,0.7457627118644068
Server3_61,10.6061,47.527,50,44,32,22,Server3,58289,0.7457627118644068
Server3_211,13.3101,52.489,50,44,29,21,Server3,3290899,0.7457627118644068
Server3_1904,10.1463,48.0052,50,44,31,32,Server3,35590915,0.7457627118644068
Server3_109,12.801,48.0671,50,44,20,33,Server3,20242,0.7457627118644068
Server3_957,6.094,50.7705,50,44,19,40,Server3,120,0.7457627118644068
Server3_87,11.5562,48.1413,50,44,18,38,Server3,26789397,0.7457627118644068
Server3_975,6.5026,51.386,50,44,32,27,Server3,30544128,0.7457627118644068
Server3_1930,12.713,54.0874,50,44,15,45,Server3,30886935,0.7457627118644068
Server3_1770,9.275,48.8043,50,44,25,39,Server3,52469770,0.7457627118644068
Server3_1787,13.2018,52.5392,50,44,24,46,Server3,3504404,0.7457627118644068
Server3_1075,12.2295,50.5095,50,44,17,34,Server3,7849474,0.7457627118644068
Server3_1490,12.7936,52.8855,50,44,36,44,Server3,27456014,0.7457627118644068
Server3_1587,8.2476,50.2624,50,44,36,39,Server3,27898368,0.7457627118644068
Server3_1415,10.2808,48.0216,50,44,31,34,Server3,41778452,0.7457627118644068
Server3_423,7.533,51.5395,50,44,35,41,Server3,9341,0.7457627118644068
Server3_386,9.4271,51.1475,50,44,37,40,Server3,33908229,0.7457627118644068
Server3_402,10.1713,54.3272,50,44,32,44,Server3,891,0.7457627118644068
Server3_684,8.5599,49.8675,50,44,30,36,Server3,44166,0.7457627118644068
Server3_356,12.2822,51.3206,50,44,17,35,Server3,8618004,0.7457627118644068
Server3_557,8.405,49.8639,50,44,17,38,Server3,57233,0.7457627118644068
Server3_1658,8.4744,49.5144,50,44,24,29,Server3,18258713,0.7457627118644068
Server3_438,11.8094,50.2838,50,44,16,27,Server3,20524291,0.7457627118644068
Server3_1485,10.3238,47.6946,50,44,23,44,Server3,17229,0.7457627118644068
Server3_630,6.9265,51.1649,50,44,32,26,Server3,6078,0.7457627118644068
Server3_1505,8.5745,49.5361,50,44,37,34,Server3,53361185,0.7457627118644068
Server3_1574,8.194,48.8058,50,44,15,47,Server3,23215637,0.7457627118644068
Server3_594,13.3949,52.5225,50,44,19,23,Server3,2845449,0.7457627118644068
Server3_1162,12.2196,48.6235,50,43,29,31,Server3,33497858,0.7288135593220338
Server3_1111,13.7702,51.069,50,43,32,31,Server3,45395461,0.7288135593220338
Server3_89,10.84,48.5412,50,43,18,36,Server3,40138769,0.7288135593220338
Server3_1154,6.7317,51.209,50,43,36,26,Server3,16101,0.7288135593220338
Server3_162,9.2395,48.81,50,43,26,21,Server3,23368726,0.7288135593220338
Server3_1731,8.4179,51.9194,50,43,15,37,Server3,33032,0.7288135593220338
Server3_442,6.0825,50.743,50,43,23,30,Server3,10663689,0.7288135593220338
Server3_440,7.007,51.4232,50,43,24,47,Server3,13436969,0.7288135593220338
Server3_1121,7.7911,51.4588,50,43,29,27,Server3,30084608,0.7288135593220338
Server3_1601,8.6107,50.6158,50,43,18,29,Server3,15511,0.7288135593220338
Server3_1870,13.6962,51.0196,50,43,29,33,Server3,26840576,0.7288135593220338
Server3_914,11.5078,51.023,50,43,32,22,Server3,8056883,0.7288135593220338
Server3_1194,8.5741,48.1745,50,43,34,42,Server3,29467401,0.7288135593220338
Server3_1168,7.791,48.3613,50,43,33,30,Server3,23231807,0.7288135593220338
Server3_1897,6.4791,51.8568,50,43,28,45,Server3,2048288,0.7288135593220338
Server3_652,7.3878,51.871,50,43,36,40,Server3,13196852,0.7288135593220338
Server3_1185,12.2176,53.8421,50,43,24,26,Server3,36279814,0.7288135593220338
Server3_1885,7.9651,48.5733,50,43,35,35,Server3,63423,0.7288135593220338
Server3_1539,9.4754,54.8265,50,43,26,29,Server3,37327104,0.7288135593220338
Server3_499,10.0472,50.9534,50,43,23,46,Server3,55481,0.7288135593220338
Server3_381,9.1521,49.1124,50,43,25,38,Server3,24023831,0.7288135593220338
Server3_1444,13.5255,54.3678,50,43,23,28,Server3,26188289,0.7288135593220338
Server3_991,13.2996,52.4017,50,43,28,45,Server3,6246186,0.7288135593220338
Server3_464,11.8685,48.2512,50,43,35,45,Server3,29070080,0.7288135593220338
Server3_408,13.3476,52.5428,50,43,21,20,Server3,6789417,0.7288135593220338
Server3_1818,6.6361,51.285,50,43,16,47,Server3,10244897,0.7288135593220338
Server3_1942,7.7678,50.0599,50,43,28,37,Server3,43554591,0.7288135593220338
Server3_849,11.9533,50.231,50,43,37,46,Server3,20964097,0.7288135593220338
Server3_857,13.7267,51.0263,50,43,29,47,Server3,32922,0.7288135593220338
Server3_1520,13.7242,51.3603,50,43,16,44,Server3,5342487,0.7288135593220338
Server3_978,13.547,52.4493,50,43,34,44,Server3,27492353,0.7288135593220338
Server3_716,8.7599,48.1916,50,43,22,35,Server3,23203330,0.7288135593220338
Server3_1716,8.5322,47.8817,50,43,36,36,Server3,39851013,0.7288135593220338
Server3_1292,8.3484,49.239,50,43,25,38,Server3,52458755,0.7288135593220338
Server3_83,6.7973,51.4481,50,43,27,28,Server3,3783,0.7288135593220338
Server3_335,9.8705,52.3461,50,43,35,41,Server3,49305607,0.7288135593220338
Server3_411,7.1706,51.8874,50,42,33,27,Server3,32632,0.711864406779661
Server3_55,11.375,48.1801,50,42,34,27,Server3,35707648,0.711864406779661
Server3_1766,13.69,51.0828,50,42,33,30,Server3,8493343,0.711864406779661
Server3_922,8.6798,48.9077,50,42,27,38,Server3,23945011,0.711864406779661
Server3_1759,11.5108,49.5142,50,42,32,20,Server3,44596736,0.711864406779661
Server3_1487,13.6292,51.0309,50,42,22,25,Server3,8031490,0.711864406779661
Server3_195,7.214,50.6471,50,42,21,21,Server3,14664,0.711864406779661
Server3_1845,12.2477,53.3365,50,42,17,39,Server3,26173952,0.711864406779661
Server3_204,8.7976,53.0856,50,42,30,20,Server3,5576193,0.711864406779661
Server3_144,13.5649,51.1527,50,42,28,29,Server3,8483073,0.711864406779661
Server3_1180,7.0262,50.7835,50,42,33,26,Server3,15830827,0.711864406779661
Server3_1456,7.8928,51.5388,50,42,37,31,Server3,32267777,0.711864406779661
Server3_1459,12.8015,48.0514,50,42,19,21,Server3,22650,0.711864406779661
Server3_1307,13.7315,52.4549,50,42,31,26,Server3,5406506,0.711864406779661
Server3_1864,13.4737,52.4775,50,42,29,45,Server3,6220606,0.711864406779661
Server3_868,12.9091,52.2244,50,42,37,30,Server3,33372930,0.711864406779661
Server3_425,6.2712,51.3075,50,42,18,35,Server3,49937,0.711864406779661
Server3_158,8.9229,48.7552,50,42,15,23,Server3,23075075,0.711864406779661
Server3_1041,9.1679,48.8611,50,42,35,25,Server3,19080724,0.711864406779661
Server3_1293,8.9666,50.2972,50,42,29,33,Server3,12833,0.711864406779661
Server3_1609,8.7936,53.073,50,42,22,24,Server3,26743556,0.711864406779661
Server3_858,8.6967,50.0357,50,42,35,31,Server3,18276157,0.711864406779661
Server3_416,8.6059,49.6613,50,42,19,44,Server3,47917069,0.711864406779661
Server3_1579,7.4408,52.2702,50,42,28,30,Server3,28334852,0.711864406779661
Server3_744,9.092,52.1987,50,42,16,44,Server3,23852,0.711864406779661
Server3_1590,10.1938,49.0008,50,42,35,22,Server3,25849119,0.711864406779661
Server3_1010,9.7542,54.3089,50,42,33,38,Server3,6231061,0.711864406779661
Server3_60,11.9136,47.9501,50,42,27,37,Server3,45190403,0.711864406779661
Server3_1710,13.3796,52.577,50,42,17,42,Server3,26891779,0.711864406779661
Server3_994,10.9967,49.5586,50,42,23,34,Server3,314,0.711864406779661
Server3_686,8.0168,50.8707,50,42,18,34,Server3,12835348,0.711864406779661
Server3_1135,9.7401,51.8872,50,42,30,36,Server3,41042953,0.711864406779661
Server3_681,6.6208,51.8176,50,42,24,42,Server3,30550790,0.711864406779661
Server3_1934,13.3645,52.5366,50,42,17,24,Server3,58452,0.711864406779661
Server3_1514,8.0344,52.4239,50,42,26,43,Server3,10282774,0.711864406779661
Server3_362,6.2669,50.1983,50,42,33,40,Server3,13729,0.711864406779661
Server3_368,13.5045,51.2017,50,42,29,32,Server3,8098100,0.711864406779661
Server3_97,10.4645,48.4048,50,42,17,26,Server3,26370111,0.711864406779661
Server3_742,8.646,49.8485,50,42,19,28,Server3,18026283,0.711864406779661
Server3_1622,13.7623,54.1354,50,42,17,21,Server3,31189256,0.711864406779661
Server3_1667,8.9822,54.7629,50,42,33,41,Server3,13913,0.711864406779661
Server3_377,9.1071,53.0036,50,42,31,26,Server3,5324296,0.711864406779661
Server3_565,13.9549,50.9632,50,41,30,37,Server3,31302656,0.6949152542372882
Server3_1936,8.6715,49.8756,50,41,22,41,Server3,18023475,0.6949152542372882
Server3_1843,11.0447,51.2768,50,41,30,40,Server3,47149,0.6949152542372882
Server3_871,12.198,47.8431,50,41,36,28,Server3,41089794,0.6949152542372882
Server3_600,9.7343,52.3755,50,41,32,27,Server3,5386242,0.6949152542372882
Server3_1319,8.8585,50.0154,50,41,29,26,Server3,45448962,0.6949152542372882
Server3_264,11.408,50.9761,50,41,22,43,Server3,53464833,0.6949152542372882
Server3_1880,7.6022,47.6068,50,41,24,26,Server3,18072586,0.6949152542372882
Server3_1122,13.645,51.3347,50,41,27,30,Server3,25699590,0.6949152542372882
Server3_1496,6.3862,50.832,50,41,22,29,Server3,44110351,0.6949152542372882
Server3_822,9.2188,50.0122,50,41,31,44,Server3,15443457,0.6949152542372882
Server3_1714,10.2388,47.9032,50,41,32,21,Server3,32588288,0.6949152542372882
Server3_1242,8.422,49.4905,50,41,19,46,Server3,18517802,0.6949152542372882
Server3_326,8.5952,49.8751,50,41,23,37,Server3,37678,0.6949152542372882
Server3_1281,9.4225,47.6693,50,41,22,38,Server3,50921,0.6949152542372882
Server3_311,9.4332,48.7107,50,41,28,25,Server3,23492378,0.6949152542372882
Server3_1989,9.1974,48.6829,50,41,19,36,Server3,27511552,0.6949152542372882
Server3_1448,9.9274,50.1818,50,41,19,40,Server3,46113303,0.6949152542372882
Server3_698,8.8752,49.9973,50,41,34,43,Server3,15925513,0.6949152542372882
Server3_1452,9.6011,51.2831,50,41,17,37,Server3,13286666,0.6949152542372882
Server3_995,9.2416,48.7914,50,41,37,28,Server3,8050983084,0.6949152542372882
Server3_1131,10.0288,53.6308,50,41,20,46,Server3,2582017,0.6949152542372882
Server3_1263,6.6264,49.7592,50,41,21,41,Server3,4725,0.6949152542372882
Server3_1174,8.4138,52.8932,50,41,27,38,Server3,29349649,0.6949152542372882
Server3_1757,8.2915,50.7271,50,41,21,38,Server3,59832,0.6949152542372882
Server3_1269,12.199,51.5276,50,41,36,42,Server3,7866649,0.6949152542372882
Server3_1975,11.5861,48.1633,50,41,36,42,Server3,25605401,0.6949152542372882
Server3_1902,10.2901,47.8304,50,41,21,44,Server3,44693256,0.6949152542372882
Server3_728,11.5887,48.1648,50,41,24,24,Server3,26038571,0.6949152542372882
Server3_1147,13.7599,51.0254,50,41,24,35,Server3,8463873,0.6949152542372882
Server3_1351,8.3712,49.0044,50,41,28,32,Server3,35128578,0.6949152542372882
Server3_244,11.8743,50.5313,50,41,30,40,Server3,8343573,0.6949152542372882
Server3_102,8.749,48.7449,50,41,27,37,Server3,27909890,0.6949152542372882
Server3_644,9.281,51.347,50,41,33,38,Server3,19993627,0.6949152542372882
Server3_751,13.4187,52.5188,50,41,23,24,Server3,3427077,0.6949152542372882
Server3_1501,8.2675,48.5292,50,41,17,37,Server3,23745568,0.6949152542372882
Server3_1084,13.3881,51.3035,50,41,25,29,Server3,25858049,0.6949152542372882
Server3_1094,10.974,52.2662,50,41,22,40,Server3,10373909,0.6949152542372882
Server3_733,13.3848,50.7326,50,41,34,46,Server3,53574145,0.6949152542372882
Server3_1504,7.3702,50.4544,50,41,22,30,Server3,51270914,0.6949152542372882
Server3_1896,12.1029,54.0803,50,41,18,36,Server3,180534530,0.6949152542372882
Server3_287,11.6126,48.1251,50,41,28,26,Server3,25617203,0.6949152542372882
Server3_1338,12.1561,49.7081,50,41,15,39,Server3,56191,0.6949152542372882
Server3_1852,11.7404,47.7452,50,41,22,45,Server3,21136649,0.6949152542372882
Server3_1151,13.2922,52.5109,50,41,22,36,Server3,26365189,0.6949152542372882
Server3_219,13.3439,52.4066,50,41,25,35,Server3,47192834,0.6949152542372882
Server3_309,11.4099,48.9687,50,41,37,26,Server3,43766018,0.6949152542372882
Server3_562,9.1935,47.6754,50,40,30,24,Server3,21612,0.6779661016949152
Server3_575,9.7403,52.1236,50,40,29,23,Server3,28979723,0.6779661016949152
Server3_563,7.2066,51.2709,50,40,28,44,Server3,16586261,0.6779661016949152
Server3_1164,7.9977,50.8308,50,40,22,41,Server3,15767066,0.6779661016949152
Server3_1502,8.8682,52.9836,50,40,30,34,Server3,36176933,0.6779661016949152
Server3_583,11.6074,50.0045,50,40,25,26,Server3,20986137,0.6779661016949152
Server3_1481,13.4463,52.7818,50,40,28,30,Server3,28654336,0.6779661016949152
Server3_441,14.2321,51.4254,50,40,24,40,Server3,8595475,0.6779661016949152
Server3_873,11.4116,48.1315,50,40,25,26,Server3,25905665,0.6779661016949152
Server3_1217,11.2522,51.3316,50,40,28,40,Server3,39087877,0.6779661016949152
Server3_1222,14.0212,51.2242,50,40,18,29,Server3,25790976,0.6779661016949152
Server3_1189,12.4581,50.5061,50,40,16,25,Server3,52276225,0.6779661016949152
Server3_1511,12.4851,51.2707,50,40,37,25,Server3,51883267,0.6779661016949152
Server3_56,8.2763,49.7258,50,40,32,39,Server3,44871169,0.6779661016949152
Server3_492,9.9311,53.803,50,40,31,30,Server3,3012098,0.6779661016949152
Server3_21,10.6651,47.5726,50,40,23,29,Server3,44722946,0.6779661016949152
Server3_724,13.051,48.874,50,40,37,21,Server3,37113601,0.6779661016949152
Server3_404,7.442,51.5214,50,40,22,38,Server3,12898859,0.6779661016949152
Server3_1287,9.9891,53.5574,50,40,37,27,Server3,25990403,0.6779661016949152
Server3_683,8.6263,49.989,50,40,18,30,Server3,18451489,0.6779661016949152
Server3_1732,14.057,51.4096,50,40,27,38,Server3,8375831,0.6779661016949152
Server3_1306,8.4778,49.475,50,40,32,33,Server3,61545,0.6779661016949152
Server3_1640,14.048,50.9287,50,40,19,21,Server3,8882,0.6779661016949152
Server3_1740,12.7365,50.8166,50,40,28,43,Server3,8592666,0.6779661016949152
Server3_1978,7.0831,50.7256,50,40,30,28,Server3,15572275,0.6779661016949152
Server3_1393,7.8827,50.8609,50,40,23,27,Server3,33825290,0.6779661016949152
Server3_676,10.0252,53.5207,50,40,24,41,Server3,4897318,0.6779661016949152
Server3_1431,6.7421,51.2159,50,40,35,46,Server3,56187,0.6779661016949152
Server3_715,7.6748,48.1526,50,40,17,33,Server3,21791,0.6779661016949152
Server3_1543,11.5936,50.9527,50,40,36,21,Server3,41653,0.6779661016949152
Server3_1284,7.1683,50.7571,50,40,18,23,Server3,15598122,0.6779661016949152
Server3_1998,11.4195,48.2351,50,40,16,26,Server3,26632234,0.6779661016949152
Server3_498,8.3026,47.6356,50,40,30,29,Server3,23303705,0.6779661016949152
Server3_340,8.3902,48.9587,50,40,37,38,Server3,36096268,0.6779661016949152
Server3_1809,8.6075,49.2825,50,40,22,28,Server3,18118166,0.6779661016949152
Server3_1741,13.5327,52.4402,50,40,21,32,Server3,6028583,0.6779661016949152
Server3_286,11.5648,48.1071,50,40,20,31,Server3,43950593,0.6779661016949152
Server3_1554,7.6414,51.9626,50,40,22,21,Server3,5897,0.6779661016949152
Server3_750,7.0682,52.065,50,40,20,47,Server3,13041687,0.6779661016949152
Server3_1283,13.513,51.3101,50,40,30,35,Server3,7905057,0.6779661016949152
Server3_1626,6.0675,50.7919,50,40,33,35,Server3,30738436,0.6779661016949152
Server3_1327,10.9162,48.057,50,39,15,43,Server3,27458070,0.6610169491525424
Server3_1101,8.6441,49.8801,50,39,30,45,Server3,51879939,0.6610169491525424
Server3_269,13.0829,51.2626,50,39,26,40,Server3,24326,0.6610169491525424
Server3_393,9.6664,48.5331,50,39,19,23,Server3,29746436,0.6610169491525424
Server3_1673,11.2479,49.4662,50,39,31,24,Server3,25341,0.6610169491525424
Server3_1603,10.8988,50.8805,50,39,21,29,Server3,8134421,0.6610169491525424
Server3_1188,9.6696,52.7816,50,39,23,45,Server3,32170768,0.6610169491525424
Server3_919,6.5207,49.9689,50,39,16,30,Server3,46372,0.6610169491525424
Server3_20,11.0277,50.1873,50,39,37,33,Server3,21459475,0.6610169491525424
Server3_1918,6.1127,50.7722,50,39,36,21,Server3,33383694,0.6610169491525424
Server3_18,7.4123,51.906,50,39,37,27,Server3,13196351,0.6610169491525424
Server3_370,11.2083,49.4653,50,39,26,37,Server3,20872194,0.6610169491525424
Server3_296,9.4943,47.6606,50,39,33,24,Server3,64222,0.6610169491525424
Server3_483,8.4829,49.4691,50,39,15,30,Server3,4503,0.6610169491525424
Server3_1772,8.1998,48.7985,50,39,23,31,Server3,24113459,0.6610169491525424
Server3_1200,7.0961,50.7228,50,39,23,39,Server3,33417984,0.6610169491525424
Server3_1191,11.6191,52.1402,50,39,32,31,Server3,3137544,0.6610169491525424
Server3_650,8.7568,49.8536,50,39,20,41,Server3,44378896,0.6610169491525424
Server3_559,11.2543,47.4385,50,39,34,22,Server3,31140097,0.6610169491525424
Server3_257,9.7058,49.5701,50,39,26,28,Server3,29477384,0.6610169491525424
Server3_1198,6.7415,51.2788,50,39,36,25,Server3,26317579,0.6610169491525424
Server3_462,9.4261,54.7806,50,39,21,37,Server3,46904576,0.6610169491525424
Server3_1132,13.3675,52.5885,50,39,36,35,Server3,26892288,0.6610169491525424
Server3_1467,11.3272,52.1257,50,39,33,25,Server3,5365565,0.6610169491525424
Server3_178,9.1668,48.7729,50,39,28,42,Server3,26550036,0.6610169491525424
Server3_862,13.0323,52.7097,50,39,27,34,Server3,32890893,0.6610169491525424
Server3_1940,12.76,50.4984,50,39,24,39,Server3,1420,0.6610169491525424
Server3_824,11.4248,48.1302,50,39,27,41,Server3,25632257,0.6610169491525424
Server3_623,13.6211,52.3676,50,39,20,32,Server3,4120595,0.6610169491525424
Server3_521,10.2854,51.7704,50,39,19,46,Server3,27533839,0.6610169491525424
Server3_1130,7.8979,47.5881,50,39,23,39,Server3,39933184,0.6610169491525424
Server3_812,13.7327,51.0486,50,39,18,27,Server3,8401416,0.6610169491525424
Server3_1796,13.7309,51.0415,50,39,30,23,Server3,8721451,0.6610169491525424
Server3_203,10.2354,47.9109,50,39,28,39,Server3,41776136,0.6610169491525424
Server3_77,10.9996,48.2772,50,39,24,32,Server3,26306857,0.6610169491525424
Server3_192,8.3696,49.2256,50,39,24,46,Server3,18290975,0.6610169491525424
Server3_434,8.5653,51.9102,50,39,35,47,Server3,40167936,0.6610169491525424
Server3_886,13.4026,52.4498,50,39,33,38,Server3,3296006,0.6610169491525424
Server3_513,6.0719,50.7852,50,39,21,29,Server3,33040896,0.6610169491525424
Server3_1614,11.0982,47.5026,50,39,27,21,Server3,31137050,0.6610169491525424
Server3_1129,10.946,49.4871,50,38,27,40,Server3,51813141,0.6440677966101694
Server3_538,9.0735,51.8763,50,38,35,36,Server3,11043605,0.6440677966101694
Server3_12,11.467,48.8799,50,38,37,45,Server3,37210368,0.6440677966101694
Server3_1592,12.1468,50.8873,50,38,20,47,Server3,8148226,0.6440677966101694
Server3_341,8.628,49.6106,50,38,17,32,Server3,48641051,0.6440677966101694
Server3_687,11.6101,49.9891,50,38,28,39,Server3,20672769,0.6440677966101694
Server3_1379,12.3818,51.3457,50,38,37,29,Server3,28851214,0.6440677966101694
Server3_1172,13.3483,52.4906,50,38,26,28,Server3,52960,0.6440677966101694
Server3_536,8.9968,50.1732,50,38,25,41,Server3,7608,0.6440677966101694
Server3_948,8.3754,49.6376,50,38,32,23,Server3,18123315,0.6440677966101694
Server3_1754,8.6318,49.4148,50,38,36,47,Server3,19976485,0.6440677966101694
Server3_334,8.7608,50.7879,50,38,33,26,Server3,16509717,0.6440677966101694
Server3_1405,6.7693,51.4329,50,38,16,35,Server3,36585728,0.6440677966101694
Server3_743,13.1983,52.5356,50,38,23,38,Server3,26889730,0.6440677966101694
Server3_504,11.799,50.3146,50,38,29,31,Server3,21248563,0.6440677966101694
Server3_372,12.0563,52.9141,50,38,28,35,Server3,41934082,0.6440677966101694
Server3_985,6.9712,49.2134,50,38,17,25,Server3,43652647,0.6440677966101694
Server3_72,7.8143,47.9946,50,38,20,21,Server3,24069940,0.6440677966101694
Server3_1948,13.775,51.0277,50,38,22,45,Server3,26855426,0.6440677966101694
Server3_1144,10.3856,50.4283,50,38,15,45,Server3,48071967,0.6440677966101694
Server3_1729,13.2619,48.9139,50,38,25,36,Server3,42619,0.6440677966101694
Server3_1921,9.9194,53.4476,50,38,22,46,Server3,3111732,0.6440677966101694
Server3_1159,7.5989,52.1185,50,38,33,43,Server3,51219722,0.6440677966101694
Server3_1407,13.7023,51.0171,50,38,23,40,Server3,52273172,0.6440677966101694
Server3_1752,12.8892,48.2436,50,38,17,35,Server3,42534412,0.6440677966101694
Server3_1088,12.022,48.0835,50,38,27,31,Server3,28057623,0.6440677966101694
Server3_1096,10.9893,49.5741,50,38,36,34,Server3,44420359,0.6440677966101694
Server3_574,7.3133,50.9263,50,38,25,46,Server3,15944234,0.6440677966101694
Server3_1797,12.1476,51.2998,50,38,15,37,Server3,7777538,0.6440677966101694
Server3_154,13.2638,53.5275,50,38,20,30,Server3,30786070,0.6440677966101694
Server3_1439,13.3756,52.5617,50,38,17,39,Server3,33726466,0.6440677966101694
Server3_1646,10.4192,49.7121,50,38,27,46,Server3,22153,0.6440677966101694
Server3_1314,9.945,47.777,50,38,24,40,Server3,26464279,0.6440677966101694
Server3_156,8.3189,49.486,50,38,15,38,Server3,18123051,0.6440677966101694
Server3_1285,7.9886,50.8142,50,38,25,33,Server3,17294880,0.6440677966101694
Server3_1807,7.1421,50.7458,50,38,15,23,Server3,16093245,0.6440677966101694
Server3_907,9.3424,51.0838,50,38,27,40,Server3,28991749,0.6440677966101694
Server3_1036,13.0016,52.3632,50,38,23,38,Server3,2634260,0.6440677966101694
Server3_1206,10.3519,51.3971,50,38,37,41,Server3,7724809,0.6440677966101694
Server3_853,11.3642,48.2241,50,38,37,22,Server3,25625918,0.6440677966101694
Server3_1187,6.9658,51.7618,50,38,30,27,Server3,13035305,0.6440677966101694
Server3_614,8.2144,50.7507,50,38,31,38,Server3,52448515,0.6440677966101694
Server3_201,9.4658,52.4144,50,38,30,30,Server3,5218591,0.6440677966101694
Server3_130,6.7167,51.4373,50,38,24,33,Server3,31516673,0.6440677966101694
Server3_1633,11.759,48.1359,50,38,32,45,Server3,21546761,0.6440677966101694
Server3_274,10.6549,49.7383,50,38,21,39,Server3,20695081,0.6440677966101694
Server3_435,12.4494,48.4465,50,38,27,21,Server3,21184287,0.6440677966101694
Server3_23,11.5409,48.1748,50,38,28,22,Server3,26030132,0.6440677966101694
Server3_239,8.2341,50.0042,50,38,16,45,Server3,15780371,0.6440677966101694
Server3_1491,13.2016,50.6734,50,37,20,28,Server3,7944725,0.6271186440677966
Server3_880,10.8757,49.9138,50,37,36,26,Server3,20998402,0.6271186440677966
Server3_1030,8.5452,49.5183,50,37,16,26,Server3,18054408,0.6271186440677966
Server3_1800,7.8537,48.0502,50,37,24,30,Server3,32178946,0.6271186440677966
Server3_1076,11.7295,48.1105,50,37,35,26,Server3,25631028,0.6271186440677966
Server3_1606,6.8031,49.3379,50,37,20,23,Server3,52141826,0.6271186440677966
Server3_710,13.7223,51.0874,50,37,27,36,Server3,52882708,0.6271186440677966
Server3_1291,8.9374,53.0112,50,37,15,44,Server3,32875521,0.6271186440677966
Server3_700,9.3591,48.6634,50,37,24,32,Server3,23108355,0.6271186440677966
Server3_1977,9.7351,52.3874,50,37,26,27,Server3,5911060,0.6271186440677966
Server3_1697,9.7724,53.373,50,37,21,33,Server3,6044938,0.6271186440677966
Server3_1811,7.8406,47.9963,50,37,24,39,Server3,18970121,0.6271186440677966
Server3_1367,12.0977,50.0989,50,37,23,26,Server3,44867345,0.6271186440677966
Server3_51,9.8645,53.5596,50,37,29,34,Server3,5301268,0.6271186440677966
Server3_1849,11.6279,48.0818,50,37,24,30,Server3,50879,0.6271186440677966
Server3_1962,8.5912,52.5421,50,37,23,34,Server3,29623809,0.6271186440677966
Server3_1425,11.9591,48.2061,50,37,21,45,Server3,44396048,0.6271186440677966
Server3_133,7.2271,51.2707,50,37,28,35,Server3,17359898,0.6271186440677966
Server3_753,13.3816,52.4991,50,37,17,26,Server3,26364673,0.6271186440677966
Server3_457,7.0058,49.9674,50,37,18,47,Server3,43387652,0.6271186440677966
Server3_1954,8.4592,49.0056,50,37,30,20,Server3,23186485,0.6271186440677966
Server3_1987,7.3121,50.6111,50,37,24,20,Server3,43585569,0.6271186440677966
Server3_38,8.7302,50.3568,50,37,30,45,Server3,52142867,0.6271186440677966
Server3_459,9.3009,49.1566,50,37,19,32,Server3,33566,0.6271186440677966
Server3_14,13.7375,51.0851,50,37,16,31,Server3,26862338,0.6271186440677966
Server3_1911,9.7468,49.6558,50,37,27,38,Server3,46590976,0.6271186440677966
Server3_1871,9.6105,54.2427,50,37,37,38,Server3,2814503,0.6271186440677966
Server3_517,7.6208,47.842,50,37,26,26,Server3,42209024,0.6271186440677966
Server3_1091,11.5396,48.0865,50,37,29,45,Server3,55623,0.6271186440677966
Server3_1776,13.5579,51.0227,50,37,21,43,Server3,36650240,0.6271186440677966
Server3_1784,10.3867,47.4988,50,37,30,32,Server3,26024469,0.6271186440677966
Server3_1430,6.93,51.5545,50,37,21,24,Server3,13430538,0.6271186440677966
Server3_800,13.7463,51.0594,50,37,25,31,Server3,29919490,0.6271186440677966
Server3_1329,10.3341,50.3543,50,37,15,29,Server3,16616961,0.6271186440677966
Server3_673,14.4764,51.172,50,37,24,32,Server3,8408341,0.6271186440677966
Server3_661,9.0075,48.6613,50,37,26,41,Server3,23178518,0.6271186440677966
Server3_509,13.1611,52.5409,50,36,24,34,Server3,28463362,0.6101694915254238
Server3_1018,8.5638,50.1318,50,36,35,47,Server3,102988806,0.6101694915254238
Server3_1575,7.1403,53.6989,50,36,31,33,Server3,36034586,0.6101694915254238
Server3_1102,13.3948,52.4256,50,36,33,47,Server3,5927742,0.6101694915254238
Server3_1034,11.5524,48.1304,50,36,20,40,Server3,27313213,0.6101694915254238
Server3_31,11.6432,48.1408,50,36,31,29,Server3,25618453,0.6101694915254238
Server3_1568,8.6557,50.1031,50,36,36,37,Server3,42019076,0.6101694915254238
Server3_1551,9.4369,54.7865,50,36,25,42,Server3,33818881,0.6101694915254238
Server3_1561,8.5567,50.5616,50,36,19,25,Server3,45398016,0.6101694915254238
Server3_1572,5.9713,50.9915,50,36,23,24,Server3,22340,0.6101694915254238
Server3_1106,13.4132,52.5129,50,36,17,41,Server3,26722304,0.6101694915254238
Server3_4,7.6294,51.6612,50,36,19,28,Server3,13475626,0.6101694915254238
Server3_1694,10.5021,48.3847,50,36,32,41,Server3,26170943,0.6101694915254238
Server3_1007,7.796,47.9929,50,36,19,37,Server3,14021,0.6101694915254238
Server3_885,6.8482,51.5267,50,36,25,27,Server3,43724,0.6101694915254238
Server3_1229,11.6199,52.184,50,36,35,47,Server3,7076413611,0.6101694915254238
Server3_729,8.7424,49.0241,50,36,23,42,Server3,37990146,0.6101694915254238
Server3_1739,6.3809,49.9614,50,36,18,35,Server3,63149,0.6101694915254238
Server3_613,7.3022,50.9419,50,36,33,46,Server3,35013398,0.6101694915254238
Server3_189,11.5706,48.1604,50,36,19,36,Server3,25608501,0.6101694915254238
Server3_1266,11.1264,47.7876,50,36,22,43,Server3,49343235,0.6101694915254238
Server3_1005,14.189,52.3421,50,36,37,23,Server3,5328415,0.6101694915254238
Server3_1672,8.3555,49.49,50,36,30,25,Server3,18340611,0.6101694915254238
Server3_1639,10.315,47.7226,50,36,17,21,Server3,44725252,0.6101694915254238
Server3_1289,11.589,48.4624,50,36,22,36,Server3,25875006,0.6101694915254238
Server3_1671,12.4008,51.3957,50,36,23,31,Server3,52651539,0.6101694915254238
Server3_1643,10.7052,51.4421,50,36,18,43,Server3,32949520,0.6101694915254238
Server3_635,13.8303,51.0586,50,36,23,32,Server3,45395973,0.6101694915254238
Server3_1429,10.3141,50.3769,50,36,20,45,Server3,48299520,0.6101694915254238
Server3_1311,9.1235,48.7217,50,36,34,36,Server3,23660291,0.6101694915254238
Server3_784,13.3145,52.5755,50,36,16,22,Server3,46045185,0.6101694915254238
Server3_780,11.6547,48.3291,50,36,16,35,Server3,44671,0.6101694915254238
Server3_777,12.3198,47.9101,50,36,21,32,Server3,27047465,0.6101694915254238
Server3_263,8.4934,50.0831,50,36,30,28,Server3,16718611,0.6101694915254238
Server3_383,8.7069,47.9048,50,36,28,46,Server3,1892,0.6101694915254238
Server3_307,6.4416,50.8352,50,36,32,27,Server3,36343,0.6101694915254238
Server3_721,8.6542,50.1292,50,36,26,22,Server3,18582822,0.6101694915254238
Server3_1470,8.8711,53.078,50,36,26,47,Server3,35910678,0.6101694915254238
Server3_1706,6.1922,50.9302,50,36,28,38,Server3,16802,0.6101694915254238
Server3_71,13.5675,52.4121,50,36,22,30,Server3,5384450,0.6101694915254238
Server3_75,11.4132,48.9722,50,36,19,35,Server3,20794676,0.6101694915254238
Server3_701,10.0158,48.4593,50,36,36,32,Server3,18369825,0.6101694915254238
Server3_85,9.0097,53.0825,50,36,29,44,Server3,28811025,0.6101694915254238
Server3_1507,8.6156,49.4757,50,36,21,32,Server3,31705344,0.6101694915254238
Server3_952,13.4731,48.9215,50,36,32,23,Server3,49768448,0.6101694915254238
Server3_682,13.3765,52.4572,50,36,21,47,Server3,6052123,0.6101694915254238
Server3_1493,8.788,53.0982,50,36,21,21,Server3,6532385,0.6101694915254238
Server3_709,9.7106,50.5785,50,36,26,41,Server3,53101845,0.6101694915254238
Server3_449,6.4837,51.0947,50,36,31,23,Server3,29529601,0.6101694915254238
Server3_1184,8.9511,48.9514,50,36,30,43,Server3,3345,0.6101694915254238
Server3_134,13.5387,52.381,50,36,36,47,Server3,5234731,0.6101694915254238
Server3_712,8.4498,53.0598,50,36,25,30,Server3,35985696,0.6101694915254238
Server3_148,9.1921,53.1021,50,36,33,27,Server3,36713218,0.6101694915254238
Server3_893,13.4009,52.5995,50,36,37,21,Server3,26920192,0.6101694915254238
Server3_366,6.5191,51.8418,50,36,34,27,Server3,46470661,0.6101694915254238
Server3_1857,6.967,51.1561,50,36,36,23,Server3,15502889,0.6101694915254238
Server3_266,8.5712,48.1433,50,36,15,35,Server3,31584011,0.6101694915254238
Server3_1330,6.4187,51.2504,50,35,36,26,Server3,10306581,0.5932203389830508
Server3_1350,8.8295,51.924,50,35,22,39,Server3,41975558,0.5932203389830508
Server3_1623,9.65,48.7019,50,35,20,29,Server3,41659653,0.5932203389830508
Server3_1650,9.1033,49.9923,50,35,16,36,Server3,30319360,0.5932203389830508
Server3_1297,14.8577,51.1309,50,35,31,47,Server3,52025091,0.5932203389830508
Server3_1635,11.7836,50.4165,50,35,35,22,Server3,20547861,0.5932203389830508
Server3_1816,7.7585,49.4322,50,35,20,25,Server3,43732266,0.5932203389830508
Server3_1833,8.4133,50.0055,50,35,37,36,Server3,15972885,0.5932203389830508
Server3_1247,9.4211,54.7866,50,35,27,22,Server3,51700993,0.5932203389830508
Server3_1696,9.7658,50.8613,50,35,17,24,Server3,19034395,0.5932203389830508
Server3_1104,13.2079,48.3191,50,35,25,45,Server3,65051,0.5932203389830508
Server3_1216,8.57,50.0988,50,35,27,44,Server3,15748115,0.5932203389830508
Server3_1483,7.03,50.9696,50,35,24,22,Server3,26597122,0.5932203389830508
Server3_1532,8.8725,52.9846,50,35,22,26,Server3,27967238,0.5932203389830508
Server3_1594,8.4685,50.1347,50,35,22,43,Server3,35563522,0.5932203389830508
Server3_1519,10.9313,51.0213,50,35,34,32,Server3,27749891,0.5932203389830508
Server3_1127,8.597,50.0009,50,35,33,23,Server3,15790857,0.5932203389830508
Server3_1548,8.8028,53.0786,50,35,22,42,Server3,5867539,0.5932203389830508
Server3_1,8.1299,52.3154,50,35,21,31,Server3,52115457,0.5932203389830508
Server3_555,9.2089,48.6638,50,35,36,37,Server3,49733,0.5932203389830508
Server3_971,9.2285,48.7841,50,35,31,32,Server3,38173,0.5932203389830508
Server3_946,7.7203,51.0597,50,35,33,47,Server3,38000130,0.5932203389830508
Server3_542,8.4126,49.6707,50,35,18,31,Server3,42837514,0.5932203389830508
Server3_531,13.7237,51.0665,50,35,27,33,Server3,103194132,0.5932203389830508
Server3_631,7.1456,50.756,50,35,35,35,Server3,10805000,0.5932203389830508
Server3_786,8.7605,50.7918,50,35,31,30,Server3,47821316,0.5932203389830508
Server3_810,6.4204,50.1302,50,35,19,35,Server3,45298438,0.5932203389830508
Server3_935,9.0818,48.8261,50,35,24,33,Server3,37084932,0.5932203389830508
Server3_255,11.1662,53.2238,50,35,19,27,Server3,30895894,0.5932203389830508
Server3_527,10.8892,48.3401,50,35,37,46,Server3,28076038,0.5932203389830508
Server3_511,13.4106,52.5199,50,35,25,36,Server3,26365450,0.5932203389830508
Server3_823,14.3286,52.7624,50,35,24,26,Server3,52779027,0.5932203389830508
Server3_174,12.3148,52.8927,50,35,30,42,Server3,6106903,0.5932203389830508
Server3_288,14.1766,51.187,50,35,20,42,Server3,8667393,0.5932203389830508
Server3_292,10.6182,52.272,50,35,29,34,Server3,10422809,0.5932203389830508
Server3_480,13.3239,52.4871,50,35,16,25,Server3,26998786,0.5932203389830508
Server3_331,13.4681,52.5161,50,35,37,28,Server3,28864768,0.5932203389830508
Server3_391,7.3466,51.4932,50,35,22,31,Server3,14353177,0.5932203389830508
Server3_363,8.7902,49.3828,50,35,17,36,Server3,29215748,0.5932203389830508
Server3_983,11.5638,48.1563,50,35,22,20,Server3,20664851,0.5932203389830508
Server3_118,8.7736,53.1076,50,35,29,23,Server3,5408771,0.5932203389830508
Server3_405,13.4064,52.5848,50,35,34,23,Server3,26999809,0.5932203389830508
Server3_566,8.0041,49.5026,50,35,25,38,Server3,993,0.5932203389830508
Server3_723,12.3427,50.5963,50,35,33,28,Server3,26210049,0.5932203389830508
Server3_306,13.1723,50.8585,50,35,20,46,Server3,8584962,0.5932203389830508
Server3_64,9.8692,52.4436,50,35,30,40,Server3,10426649,0.5932203389830508
Server3_1142,8.6456,50.1138,50,34,27,37,Server3,46437145,0.576271186440678
Server3_1304,8.7033,51.7204,50,34,31,30,Server3,13109780,0.576271186440678
Server3_1863,7.2686,50.5367,50,34,32,27,Server3,43545858,0.576271186440678
Server3_1657,12.0014,47.8747,50,34,32,27,Server3,25746749,0.576271186440678
Server3_161,6.54,50.3944,50,34,21,40,Server3,49161,0.576271186440678
Server3_140,8.469,52.0635,50,34,30,36,Server3,12961025,0.576271186440678
Server3_188,8.6617,52.8114,50,34,16,39,Server3,5879299,0.576271186440678
Server3_550,13.8272,52.3105,50,34,32,43,Server3,102445601,0.576271186440678
Server3_938,11.2643,52.0458,50,34,25,20,Server3,5707287,0.576271186440678
Server3_197,7.3719,52.4656,50,34,33,42,Server3,61396,0.576271186440678
Server3_1792,12.8159,50.7712,50,34,24,27,Server3,7954440,0.576271186440678
Server3_1525,8.7049,53.0468,50,34,35,31,Server3,28221186,0.576271186440678
Server3_245,14.5286,51.5367,50,34,33,47,Server3,7851523,0.576271186440678
Server3_1780,9.839,52.1763,50,34,18,40,Server3,40148741,0.576271186440678
Server3_990,9.0072,47.8396,50,34,28,20,Server3,56038,0.576271186440678
Server3_1549,9.2069,48.7891,50,34,18,24,Server3,18923272,0.576271186440678
Server3_500,11.0327,50.908,50,34,26,27,Server3,33369353,0.576271186440678
Server3_1215,8.5962,48.0815,50,34,33,23,Server3,36302848,0.576271186440678
Server3_476,7.3327,51.5269,50,34,28,45,Server3,13423892,0.576271186440678
Server3_439,8.2697,49.9978,50,34,36,45,Server3,37775873,0.576271186440678
Server3_1629,13.3948,48.4226,50,34,34,20,Server3,7358,0.576271186440678
Server3_1235,9.4607,48.6518,50,34,15,29,Server3,18245908,0.576271186440678
Server3_360,8.5049,49.2434,50,34,30,44,Server3,23798058,0.576271186440678
Server3_1645,13.4509,52.4931,50,34,36,41,Server3,27046913,0.576271186440678
Server3_1494,11.5355,51.0418,50,34,16,42,Server3,34000131,0.576271186440678
Server3_1651,8.3245,50.1456,50,34,31,42,Server3,502,0.576271186440678
Server3_1970,8.6333,48.2106,50,34,36,42,Server3,24874341,0.576271186440678
Server3_1058,10.697,49.9643,50,34,24,23,Server3,21198338,0.576271186440678
Server3_1949,10.9444,49.4763,50,34,33,20,Server3,41931782,0.576271186440678
Server3_645,12.1811,48.0001,50,34,17,42,Server3,20938754,0.576271186440678
Server3_642,11.1695,48.2807,50,34,24,35,Server3,20685343,0.576271186440678
Server3_1922,13.4543,52.5547,50,34,17,22,Server3,26900738,0.576271186440678
Server3_1400,6.5471,51.1029,50,34,20,33,Server3,15909910,0.576271186440678
Server3_678,8.1096,49.1952,50,34,15,23,Server3,44081690,0.576271186440678
Server3_1023,10.2151,47.9247,50,34,33,42,Server3,44723206,0.576271186440678
Server3_766,12.2349,48.6022,50,34,36,33,Server3,44355840,0.576271186440678
Server3_1356,8.6922,50.2946,50,34,37,35,Server3,63403,0.576271186440678
Server3_119,9.1506,49.1078,50,34,30,39,Server3,23241218,0.576271186440678
Server3_691,13.437,52.2445,50,34,33,25,Server3,5379607,0.576271186440678
Server3_1422,7.7762,48.1419,50,34,33,22,Server3,23567105,0.576271186440678
Server3_1373,10.9682,53.6324,50,34,21,42,Server3,30882070,0.576271186440678
Server3_1062,9.1738,49.1356,50,34,23,29,Server3,32134918,0.576271186440678
Server3_1060,13.675,52.8592,50,33,21,43,Server3,2614536,0.559322033898305
Server3_876,9.5042,48.6288,50,33,26,21,Server3,23114804,0.559322033898305
Server3_1665,10.6278,47.5145,50,33,23,25,Server3,20621571,0.559322033898305
Server3_1243,8.1817,47.7776,50,33,25,39,Server3,35018506,0.559322033898305
Server3_1300,8.1529,51.6583,50,33,35,20,Server3,50288650,0.559322033898305
Server3_232,13.4598,52.5109,50,33,16,40,Server3,5424141,0.559322033898305
Server3_11,10.1359,50.0034,50,33,29,46,Server3,31011589,0.559322033898305
Server3_1411,11.0919,47.4946,50,33,28,23,Server3,13551,0.559322033898305
Server3_667,10.4038,51.537,50,33,16,43,Server3,16482,0.559322033898305
Server3_355,11.0791,49.4306,50,33,19,33,Server3,102584085,0.559322033898305
Server3_672,7.6354,51.3386,50,33,16,25,Server3,13368341,0.559322033898305
Server3_1392,13.4385,52.5561,50,33,37,44,Server3,5889295,0.559322033898305
Server3_1730,7.102,50.7295,50,33,26,35,Server3,15954201,0.559322033898305
Server3_736,9.2439,48.7901,50,33,34,40,Server3,35799042,0.559322033898305
Server3_1761,7.0878,50.8485,50,33,24,37,Server3,52293896,0.559322033898305
Server3_1047,11.5581,48.2497,50,33,34,39,Server3,26707227,0.559322033898305
Server3_825,12.961,48.8401,50,33,27,27,Server3,40091914,0.559322033898305
Server3_1611,8.4677,48.0185,50,33,35,26,Server3,19370517,0.559322033898305
Server3_510,7.1386,51.2705,50,33,34,46,Server3,45061394,0.559322033898305
Server3_1798,9.4665,48.8072,50,33,33,40,Server3,52966922,0.559322033898305
Server3_906,13.5236,52.5419,50,33,29,35,Server3,6096410,0.559322033898305
Server3_1378,14.1601,52.2622,50,33,30,38,Server3,39487746,0.559322033898305
Server3_308,7.183,50.69,50,33,30,43,Server3,27309569,0.559322033898305
Server3_1086,7.8337,48.0099,50,33,31,41,Server3,30104842,0.559322033898305
Server3_123,6.7698,50.6857,50,33,29,47,Server3,33713,0.559322033898305
Server3_1536,13.4879,52.6097,50,33,36,44,Server3,28429832,0.559322033898305
Server3_1118,10.3059,47.7249,50,33,30,29,Server3,44698881,0.559322033898305
Server3_1832,13.3655,52.4937,50,33,26,39,Server3,26969093,0.559322033898305
Server3_141,9.7683,52.3405,50,33,35,22,Server3,4008,0.559322033898305
Server3_598,11.8164,51.1692,50,33,17,26,Server3,27731970,0.559322033898305
Server3_1473,7.6885,49.9953,50,33,29,25,Server3,31458571,0.559322033898305
Server3_103,9.9932,48.3728,50,33,30,40,Server3,25911593,0.559322033898305
Server3_569,8.9968,48.6927,50,33,34,36,Server3,23809561,0.559322033898305
Server3_578,8.812,50.0085,50,33,15,27,Server3,44878337,0.559322033898305
Server3_601,6.8697,50.0807,50,33,30,43,Server3,29151,0.559322033898305
Server3_970,11.3375,50.5701,50,33,35,32,Server3,902,0.559322033898305
Server3_1886,8.5465,48.9762,50,33,21,25,Server3,23398401,0.559322033898305
Server3_108,7.9467,48.4892,50,33,35,29,Server3,24034587,0.559322033898305
Server3_196,9.6878,50.5301,50,33,25,33,Server3,46382083,0.559322033898305
Server3_1888,9.1107,51.8122,50,33,22,36,Server3,30684933,0.559322033898305
Server3_1988,8.4976,49.4664,50,32,16,42,Server3,103256596,0.5423728813559322
Server3_1722,11.0861,51.4653,50,32,33,21,Server3,38038789,0.5423728813559322
Server3_905,13.4185,52.4868,50,32,30,29,Server3,6755891,0.5423728813559322
Server3_27,10.9809,51.0117,50,32,30,25,Server3,31074562,0.5423728813559322
Server3_1581,13.2444,52.6258,50,32,19,34,Server3,5252651,0.5423728813559322
Server3_1894,7.187,51.6573,50,32,17,38,Server3,52186645,0.5423728813559322
Server3_1726,8.5901,49.5205,50,32,24,21,Server3,51686676,0.5423728813559322
Server3_1891,10.8282,48.6664,50,32,27,23,Server3,29332481,0.5423728813559322
Server3_1980,9.0288,48.771,50,32,34,22,Server3,23062815,0.5423728813559322
Server3_892,8.912,53.0802,50,32,27,33,Server3,35975220,0.5423728813559322
Server3_6,13.7706,52.3216,50,32,18,21,Server3,5220610,0.5423728813559322
Server3_1320,13.8941,51.0665,50,32,24,28,Server3,27723781,0.5423728813559322
Server3_126,8.6531,49.8896,50,32,30,32,Server3,35236610,0.5423728813559322
Server3_315,9.3179,48.9497,50,32,32,40,Server3,23429401,0.5423728813559322
Server3_1360,6.5214,50.7707,50,32,16,33,Server3,32455171,0.5423728813559322
Server3_580,8.5171,52.0137,50,32,31,21,Server3,28490240,0.5423728813559322
Server3_1226,9.8357,51.8677,50,32,34,39,Server3,27669760,0.5423728813559322
Server3_344,11.3437,47.9985,50,32,23,35,Server3,25655578,0.5423728813559322
Server3_1628,6.9971,50.9501,50,32,34,39,Server3,15413782,0.5423728813559322
Server3_1077,8.6145,53.0598,50,32,23,35,Server3,35979558,0.5423728813559322
Server3_1231,13.2341,52.2342,50,32,29,40,Server3,5378089,0.5423728813559322
Server3_121,7.0794,49.3269,50,32,34,33,Server3,43659523,0.5423728813559322
Server3_1538,9.2245,47.6558,50,32,23,46,Server3,23773466,0.5423728813559322
Server3_908,13.7192,51.0917,50,32,31,41,Server3,4324,0.5423728813559322
Server3_168,7.1144,50.9847,50,32,21,27,Server3,15977497,0.5423728813559322
Server3_662,12.1467,54.0922,50,32,19,20,Server3,53266437,0.5423728813559322
Server3_1170,11.0024,49.554,50,32,21,30,Server3,20596543,0.5423728813559322
Server3_53,10.7228,50.6168,50,32,34,30,Server3,27726597,0.5423728813559322
Server3_1337,9.7417,52.3771,50,32,28,47,Server3,8839,0.5423728813559322
Server3_1416,11.233,50.144,50,32,28,24,Server3,57668,0.5423728813559322
Server3_1157,8.5886,52.5525,50,32,30,39,Server3,29623812,0.5423728813559322
Server3_1294,6.7678,51.407,50,32,29,42,Server3,13467966,0.5423728813559322
Server3_610,8.694,50.4199,50,32,17,47,Server3,27897350,0.5423728813559322
Server3_42,9.7724,50.8611,50,32,30,40,Server3,41096713,0.5423728813559322
Server3_782,6.7363,51.4384,50,32,27,38,Server3,27345920,0.5423728813559322
Server3_1004,6.5951,51.4916,50,32,37,34,Server3,34648320,0.5423728813559322
Server3_40,7.0585,51.0689,50,32,29,37,Server3,17352997,0.5423728813559322
Server3_1764,8.4893,50.0865,50,32,23,35,Server3,15778847,0.5423728813559322
Server3_273,8.2004,50.3327,50,32,30,29,Server3,33624322,0.5423728813559322
Server3_1199,11.5526,48.6029,50,32,32,44,Server3,57221,0.5423728813559322
Server3_1192,8.8143,53.0834,50,32,31,42,Server3,49744384,0.5423728813559322
Server3_275,9.9474,53.4444,50,32,22,38,Server3,51570964,0.5423728813559322
Server3_734,10.6888,52.3087,50,32,35,20,Server3,57984,0.5423728813559322
Server3_1855,7.606,51.3717,50,32,21,30,Server3,12804355,0.5423728813559322
Server3_159,10.3581,51.717,50,32,20,39,Server3,11167,0.5423728813559322
Server3_508,8.777,49.7771,50,31,36,28,Server3,45480708,0.5254237288135594
Server3_829,11.825,47.8288,50,31,21,27,Server3,26113814,0.5254237288135594
Server3_1522,8.9486,48.743,50,31,31,41,Server3,102801946,0.5254237288135594
Server3_863,9.0411,48.9013,50,31,22,40,Server3,23165718,0.5254237288135594
Server3_1363,12.4772,50.7161,50,31,25,30,Server3,8530451,0.5254237288135594
Server3_397,10.1044,54.3145,50,31,27,28,Server3,3485728,0.5254237288135594
Server3_496,9.5883,49.2128,50,31,36,41,Server3,29981445,0.5254237288135594
Server3_493,10.2365,50.0424,50,31,18,21,Server3,15720705,0.5254237288135594
Server3_1531,11.6351,48.2333,50,31,24,44,Server3,26414644,0.5254237288135594
Server3_1282,14.012,53.6193,50,31,35,41,Server3,35471114,0.5254237288135594
Server3_1500,6.3152,51.2791,50,31,37,25,Server3,10806554,0.5254237288135594
Server3_564,11.9838,53.8376,50,31,25,44,Server3,3272981,0.5254237288135594
Server3_570,12.1377,50.4892,50,31,23,45,Server3,63467,0.5254237288135594
Server3_1072,12.2307,51.8329,50,31,24,25,Server3,7758612,0.5254237288135594
Server3_433,13.5901,51.6776,50,31,20,38,Server3,5345825,0.5254237288135594
Server3_816,9.2188,49.1855,50,31,30,33,Server3,24064052,0.5254237288135594
Server3_443,10.3824,50.2295,50,31,26,37,Server3,45156866,0.5254237288135594
Server3_820,8.4611,49.9635,50,31,31,42,Server3,45672208,0.5254237288135594
Server3_468,11.9429,51.4769,50,31,25,47,Server3,8404507,0.5254237288135594
Server3_1484,10.0306,53.5476,50,31,21,24,Server3,5475336,0.5254237288135594
Server3_1524,6.5826,51.5316,50,31,35,45,Server3,26078,0.5254237288135594
Server3_1218,10.2195,52.7356,50,31,24,24,Server3,10667265,0.5254237288135594
Server3_1043,9.8908,52.398,50,31,18,41,Server3,10388775,0.5254237288135594
Server3_17,10.923,49.89,50,31,36,26,Server3,20797448,0.5254237288135594
Server3_1738,9.1776,48.7023,50,31,37,27,Server3,36364036,0.5254237288135594
Server3_988,6.2666,50.5456,50,31,37,31,Server3,21573,0.5254237288135594
Server3_135,6.4589,51.5711,50,31,26,29,Server3,7812,0.5254237288135594
Server3_1744,12.8393,47.6669,50,31,24,23,Server3,44025607,0.5254237288135594
Server3_916,13.35,52.4755,50,31,25,33,Server3,26913536,0.5254237288135594
Server3_278,12.7807,52.1571,50,31,19,24,Server3,31986433,0.5254237288135594
Server3_1748,12.9943,52.0152,50,31,20,44,Server3,5571867,0.5254237288135594
Server3_1963,10.0773,53.5364,50,31,25,34,Server3,2848544,0.5254237288135594
Server3_924,8.7299,50.1294,50,31,26,45,Server3,45762816,0.5254237288135594
Server3_927,7.905,49.48,50,31,34,33,Server3,57352,0.5254237288135594
Server3_1137,11.5997,50.9075,50,31,31,23,Server3,8096258,0.5254237288135594
Server3_262,11.04,50.2385,50,31,30,38,Server3,20621569,0.5254237288135594
Server3_1872,11.6271,52.1611,50,31,31,24,Server3,5974554,0.5254237288135594
Server3_932,9.3276,48.7283,50,31,21,29,Server3,28030210,0.5254237288135594
Server3_1785,9.8542,52.4729,50,31,18,20,Server3,27588353,0.5254237288135594
Server3_237,9.924,49.8029,50,31,18,21,Server3,52678165,0.5254237288135594
Server3_234,11.4694,48.4129,50,31,37,41,Server3,30350607,0.5254237288135594
Server3_180,7.828,48.5956,50,31,23,42,Server3,23227167,0.5254237288135594
Server3_43,6.8728,51.4673,50,31,16,42,Server3,27137792,0.5254237288135594
Server3_1085,9.1605,48.7837,50,31,31,36,Server3,23115316,0.5254237288135594
Server3_33,9.9121,52.3768,50,31,18,27,Server3,10294550,0.5254237288135594
Server3_1230,9.5902,52.3984,50,31,27,46,Server3,51652362,0.5254237288135594
Server3_1923,8.3413,51.9036,50,31,31,34,Server3,31218183,0.5254237288135594
Server3_1721,9.6445,53.8112,50,31,19,42,Server3,31304448,0.5254237288135594
Server3_98,11.5449,50.8769,50,31,32,37,Server3,2010,0.5254237288135594
Server3_1227,8.3159,52.1957,50,31,34,33,Server3,410,0.5254237288135594
Server3_324,14.1857,51.4196,50,31,29,20,Server3,30650373,0.5254237288135594
Server3_1699,8.5237,50.0221,50,31,26,26,Server3,42712577,0.5254237288135594
Server3_15,8.0899,49.182,50,31,15,32,Server3,31721728,0.5254237288135594
Server3_1223,9.3848,50.7718,50,31,16,29,Server3,57333,0.5254237288135594
Server3_1026,11.5372,48.1566,50,31,15,26,Server3,25606423,0.5254237288135594
Server3_1676,9.4803,47.6985,50,31,26,23,Server3,17764,0.5254237288135594
Server3_787,7.7224,51.3962,50,30,26,22,Server3,14656281,0.5084745762711864
Server3_643,11.6162,51.435,50,30,25,38,Server3,32787456,0.5084745762711864
Server3_968,8.6738,49.3843,50,30,24,40,Server3,48872485,0.5084745762711864
Server3_1440,8.6479,50.1724,50,30,36,39,Server3,26561,0.5084745762711864
Server3_177,10.8744,49.9885,50,30,29,27,Server3,20641559,0.5084745762711864
Server3_44,9.1599,48.7713,50,30,18,40,Server3,23171637,0.5084745762711864
Server3_1821,13.56,52.5327,50,30,16,31,Server3,5376553,0.5084745762711864
Server3_92,10.252,53.6195,50,30,34,24,Server3,16,0.5084745762711864
Server3_982,10.6822,49.9701,50,30,33,36,Server3,49723,0.5084745762711864
Server3_1011,13.1968,52.5234,50,30,22,24,Server3,6043179,0.5084745762711864
Server3_1331,8.8674,53.0684,50,30,32,35,Server3,36226612,0.5084745762711864
Server3_1447,9.4745,51.3335,50,30,29,37,Server3,28259072,0.5084745762711864
Server3_1419,7.2929,50.5136,50,30,37,21,Server3,31420418,0.5084745762711864
Server3_1912,10.8509,50.9019,50,30,30,20,Server3,25790466,0.5084745762711864
Server3_113,8.8803,49.913,50,30,16,38,Server3,16513545,0.5084745762711864
Server3_1014,12.1706,54.0814,50,30,37,45,Server3,3204884,0.5084745762711864
Server3_1956,13.0424,52.3965,50,30,35,29,Server3,3331,0.5084745762711864
Server3_48,7.5993,53.0036,50,30,16,45,Server3,13995777,0.5084745762711864
Server3_963,13.9087,51.2646,50,30,18,21,Server3,52029960,0.5084745762711864
Server3_657,6.1113,50.778,50,30,18,40,Server3,15967490,0.5084745762711864
Server3_1031,9.5409,51.1304,50,30,26,47,Server3,46337794,0.5084745762711864
Server3_588,6.6423,49.7362,50,30,32,28,Server3,30096387,0.5084745762711864
Server3_549,6.5949,49.7767,50,30,30,40,Server3,56801,0.5084745762711864
Server3_1421,6.2232,50.7871,50,30,21,35,Server3,41162,0.5084745762711864
Server3_1521,9.0149,50.0199,50,30,21,46,Server3,17990659,0.5084745762711864
Server3_1163,9.0156,50.0461,50,30,33,35,Server3,48702720,0.5084745762711864
Server3_1649,13.3646,48.5861,50,30,17,37,Server3,44702722,0.5084745762711864
Server3_373,11.5908,50.9177,50,30,30,38,Server3,8747010,0.5084745762711864
Server3_1240,8.5563,49.4443,50,30,19,45,Server3,26539271,0.5084745762711864
Server3_1644,8.5662,50.1316,50,30,16,40,Server3,112951518,0.5084745762711864
Server3_1680,13.3069,52.4487,50,30,32,46,Server3,2953235,0.5084745762711864
Server3_719,13.5058,54.0861,50,30,22,43,Server3,34360833,0.5084745762711864
Server3_1070,9.7312,49.6388,50,30,32,29,Server3,31744002,0.5084745762711864
Server3_1618,10.9007,49.312,50,30,19,38,Server3,49036,0.5084745762711864
Server3_1615,13.9432,50.9117,50,30,22,45,Server3,29984770,0.5084745762711864
Server3_1069,7.8295,51.7071,50,30,15,31,Server3,28394242,0.5084745762711864
Server3_1604,11.0513,48.2882,50,30,22,25,Server3,26520086,0.5084745762711864
Server3_469,11.6171,50.9183,50,30,37,43,Server3,7873126,0.5084745762711864
Server3_843,12.6445,51.8487,50,30,22,30,Server3,5699622,0.5084745762711864
Server3_897,13.4426,52.5404,50,30,30,27,Server3,29352,0.5084745762711864
Server3_695,13.5772,52.577,50,30,22,29,Server3,5157913,0.5084745762711864
Server3_1381,8.5979,49.9117,50,30,21,23,Server3,44386560,0.5084745762711864
Server3_746,9.7881,51.4441,50,30,24,37,Server3,55357,0.5084745762711864
Server3_1049,11.3582,51.4424,50,30,31,27,Server3,9193254,0.5084745762711864
Server3_904,9.1599,54.5034,50,30,25,28,Server3,27974914,0.5084745762711864
Server3_281,8.5052,49.0475,50,30,30,27,Server3,28834816,0.5084745762711864
Server3_519,14.403,51.0733,50,30,24,21,Server3,30171,0.5084745762711864
Server3_1768,8.8527,53.0604,50,30,15,40,Server3,35153158,0.5084745762711864
Server3_1044,9.1966,49.7932,50,30,29,35,Server3,57640,0.5084745762711864
Server3_494,11.6266,48.1367,50,30,15,21,Server3,27239465,0.5084745762711864
Server3_250,6.6449,49.7416,50,30,28,33,Server3,43938823,0.5084745762711864
Server3_951,6.6076,51.2804,50,30,35,21,Server3,16060193,0.5084745762711864
Server3_1791,6.4448,50.8372,50,30,17,23,Server3,11170337,0.5084745762711864
Server3_1960,13.7153,51.0803,50,29,23,22,Server3,26839041,0.4915254237288136
Server3_58,11.0359,52.228,50,29,25,38,Server3,53324042,0.4915254237288136
Server3_1420,8.3949,50.0648,50,29,17,27,Server3,44527360,0.4915254237288136
Server3_674,8.185,50.0025,50,29,19,28,Server3,16480021,0.4915254237288136
Server3_382,13.4554,52.5483,50,29,28,24,Server3,47026435,0.4915254237288136
Server3_194,8.7811,49.9238,50,29,15,20,Server3,102591775,0.4915254237288136
Server3_1944,8.8706,52.2103,50,29,35,28,Server3,20448,0.4915254237288136
Server3_636,9.9187,53.5669,50,29,15,22,Server3,3219507,0.4915254237288136
Server3_409,12.2433,50.5227,50,29,25,32,Server3,63481,0.4915254237288136
Server3_345,7.287,50.773,50,29,33,36,Server3,10296085,0.4915254237288136
Server3_342,7.1364,50.5718,50,29,30,44,Server3,45613093,0.4915254237288136
Server3_314,7.7094,50.509,50,29,32,41,Server3,43869441,0.4915254237288136
Server3_478,13.6923,51.0827,50,29,25,25,Server3,52761352,0.4915254237288136
Server3_298,11.1907,51.4616,50,29,21,38,Server3,30136587,0.4915254237288136
Server3_484,8.6,49.471,50,29,29,28,Server3,35560194,0.4915254237288136
Server3_1562,9.741,52.3772,50,29,23,34,Server3,10821683,0.4915254237288136
Server3_295,11.7695,48.7022,50,29,26,43,Server3,25734955,0.4915254237288136
Server3_293,12.4869,47.6679,50,29,36,24,Server3,44901632,0.4915254237288136
Server3_1750,10.7222,50.7855,50,29,30,27,Server3,38495491,0.4915254237288136
Server3_1769,8.5749,49.5279,50,29,27,37,Server3,51686665,0.4915254237288136
Server3_1775,8.9789,48.7898,50,29,21,36,Server3,29088018,0.4915254237288136
Server3_532,10.4659,52.3246,50,29,21,20,Server3,10344501,0.4915254237288136
Server3_217,6.5271,50.03,50,29,23,35,Server3,45624091,0.4915254237288136
Server3_380,8.6687,49.3257,50,29,28,20,Server3,18069002,0.4915254237288136
Server3_1503,8.6541,49.8735,50,29,23,30,Server3,15927059,0.4915254237288136
Server3_1847,12.6272,51.2932,50,29,31,34,Server3,25951748,0.4915254237288136
Server3_1878,11.614,47.8991,50,29,25,27,Server3,61240,0.4915254237288136
Server3_131,13.5634,52.3837,50,29,21,28,Server3,5234725,0.4915254237288136
Server3_1889,13.6804,51.0872,50,29,31,24,Server3,9355,0.4915254237288136
Server3_597,9.7363,54.324,50,29,28,25,Server3,39045632,0.4915254237288136
Server3_603,7.182,50.9605,50,29,16,36,Server3,28136453,0.4915254237288136
Server3_722,8.819,53.052,50,29,20,20,Server3,6167839,0.4915254237288136
Server3_1071,13.1718,50.9949,50,29,27,33,Server3,8273962,0.4915254237288136
Server3_776,12.6272,51.3601,50,29,19,30,Server3,7694132,0.4915254237288136
Server3_1332,10.3997,53.7723,50,29,36,42,Server3,5506824,0.4915254237288136
Server3_1021,12.366,51.3664,50,29,16,47,Server3,8230933,0.4915254237288136
Server3_931,11.6405,48.2146,50,29,16,24,Server3,21532,0.4915254237288136
Server3_767,13.7343,51.0509,50,29,37,45,Server3,9006,0.4915254237288136
Server3_966,12.3034,50.985,50,29,33,25,Server3,51993621,0.4915254237288136
Server3_895,9.0326,48.7607,50,29,23,26,Server3,23156482,0.4915254237288136
Server3_1220,12.1533,49.7233,50,29,19,33,Server3,20853275,0.4915254237288136
Server3_883,10.9982,49.5997,50,29,15,38,Server3,27199496,0.4915254237288136
Server3_1035,12.6042,50.8568,50,29,36,37,Server3,2343,0.4915254237288136
Server3_878,11.9113,49.0707,50,29,34,24,Server3,54943,0.4915254237288136
Server3_1150,7.3305,50.3939,50,29,28,45,Server3,45752,0.4915254237288136
Server3_1152,8.0907,51.7,50,29,37,37,Server3,30325767,0.4915254237288136
Server3_973,13.3701,52.4854,50,29,36,35,Server3,26948618,0.4915254237288136
Server3_821,8.5033,49.7024,50,29,31,27,Server3,29086977,0.4915254237288136
Server3_1052,8.474,49.4822,50,29,16,42,Server3,18134845,0.4915254237288136
Server3_830,9.765,48.9986,50,29,17,47,Server3,31992840,0.4915254237288136
Server3_833,13.0654,52.4046,50,29,20,28,Server3,27022850,0.4915254237288136
Server3_1123,10.0472,47.7907,50,29,24,38,Server3,39898629,0.4915254237288136
Server3_756,6.9542,50.932,50,28,23,41,Server3,11922,0.4745762711864407
Server3_200,8.5784,50.047,50,28,37,30,Server3,26423296,0.4745762711864407
Server3_651,6.9529,50.1989,50,28,30,22,Server3,51761,0.4745762711864407
Server3_136,13.44,52.5105,50,28,25,34,Server3,3297034,0.4745762711864407
Server3_1815,8.0655,47.8195,50,28,29,37,Server3,18382337,0.4745762711864407
Server3_1460,11.2799,49.1115,50,28,31,42,Server3,20906005,0.4745762711864407
Server3_634,10.8855,48.381,50,28,17,23,Server3,26508290,0.4745762711864407
Server3_615,7.8171,48.0149,50,28,30,25,Server3,23243061,0.4745762711864407
Server3_183,14.5469,51.5331,50,28,34,44,Server3,102876680,0.4745762711864407
Server3_1838,9.9317,53.573,50,28,21,34,Server3,41532674,0.4745762711864407
Server3_945,7.528,47.6677,50,28,15,45,Server3,47056,0.4745762711864407
Server3_591,11.4671,49.6664,50,28,21,27,Server3,20501310,0.4745762711864407
Server3_1001,11.1157,49.5069,50,28,24,23,Server3,21516822,0.4745762711864407
Server3_225,6.6925,51.3994,50,28,25,40,Server3,55902,0.4745762711864407
Server3_1582,9.1781,48.7839,50,28,20,47,Server3,18606869,0.4745762711864407
Server3_845,6.7061,51.5549,50,28,15,20,Server3,10341121,0.4745762711864407
Server3_453,13.6035,48.7291,50,28,31,40,Server3,23906,0.4745762711864407
Server3_447,9.2543,48.6122,50,28,29,25,Server3,18253578,0.4745762711864407
Server3_487,6.7242,49.3324,50,28,18,44,Server3,44983808,0.4745762711864407
Server3_1563,13.5436,52.3748,50,28,23,36,Server3,6698025,0.4745762711864407
Server3_520,13.0796,54.3073,50,28,37,31,Server3,37754126,0.4745762711864407
Server3_1655,9.4106,52.5713,50,28,26,38,Server3,5381140,0.4745762711864407
Server3_1526,13.3034,52.5114,50,28,24,41,Server3,39994370,0.4745762711864407
Server3_1690,8.7592,50.0559,50,28,19,43,Server3,44425485,0.4745762711864407
Server3_1515,6.6772,49.386,50,28,22,29,Server3,43665155,0.4745762711864407
Server3_1513,10.9905,49.5614,50,28,21,23,Server3,20695060,0.4745762711864407
Server3_1713,7.8525,48.0115,50,28,35,43,Server3,30601730,0.4745762711864407
Server3_556,6.9935,51.1591,50,28,16,44,Server3,63695,0.4745762711864407
Server3_1735,7.4761,53.5984,50,28,35,27,Server3,36450325,0.4745762711864407
Server3_779,7.76,48.1524,50,28,35,28,Server3,19364361,0.4745762711864407
Server3_996,11.1397,49.4474,50,28,22,26,Server3,53509146,0.4745762711864407
Server3_233,14.3335,52.6061,50,28,28,41,Server3,52623381,0.4745762711864407
Server3_129,7.2467,49.3137,50,28,22,23,Server3,44887553,0.4745762711864407
Server3_842,13.2923,52.6981,50,28,32,37,Server3,29509891,0.4745762711864407
Server3_1364,10.6481,48.0364,50,28,29,31,Server3,26345002,0.4745762711864407
Server3_1396,10.7994,52.434,50,28,28,41,Server3,26457857,0.4745762711864407
Server3_76,10.6165,47.6604,50,28,20,28,Server3,27282199,0.4745762711864407
Server3_1344,12.1848,50.4713,50,28,24,44,Server3,7851265,0.4745762711864407
Server3_125,6.3292,51.3316,50,28,22,32,Server3,52210,0.4745762711864407
Server3_666,10.7134,49.275,50,28,29,28,Server3,44597254,0.4745762711864407
Server3_413,10.8965,50.8925,50,27,24,44,Server3,8066837,0.4576271186440678
Server3_854,13.268,52.4019,50,27,33,24,Server3,6246207,0.4576271186440678
Server3_942,11.0812,49.4453,50,27,31,27,Server3,20798515,0.4576271186440678
Server3_422,13.3827,52.462,50,27,19,35,Server3,2962196,0.4576271186440678
Server3_1109,9.6171,48.6104,50,27,29,25,Server3,51783169,0.4576271186440678
Server3_1763,7.9683,53.1197,50,27,20,44,Server3,35955999,0.4576271186440678
Server3_592,12.3874,51.3384,50,27,21,21,Server3,8253699,0.4576271186440678
Server3_96,12.7433,51.3429,50,27,22,27,Server3,38329601,0.4576271186440678
Server3_1466,11.064,49.4129,50,27,17,32,Server3,21690419,0.4576271186440678
Server3_191,10.3458,51.7221,50,27,37,43,Server3,27690240,0.4576271186440678
Server3_112,11.5281,48.0887,50,27,27,29,Server3,26175513,0.4576271186440678
Server3_1020,12.2451,52.8876,50,27,34,34,Server3,28578560,0.4576271186440678
Server3_773,7.458,51.9026,50,27,24,21,Server3,34529029,0.4576271186440678
Server3_424,11.2648,51.0786,50,27,20,47,Server3,8531223,0.4576271186440678
Server3_1156,9.4477,52.4475,50,27,34,39,Server3,102855700,0.4576271186440678
Server3_1760,10.3269,47.7756,50,27,23,21,Server3,47929,0.4576271186440678
Server3_401,8.6018,52.0688,50,27,31,35,Server3,12949783,0.4576271186440678
Server3_59,8.8885,48.5285,50,27,29,20,Server3,23656213,0.4576271186440678
Server3_1250,13.1434,52.4111,50,27,15,32,Server3,5925671,0.4576271186440678
Server3_1652,13.6335,52.1706,50,27,29,22,Server3,48071170,0.4576271186440678
Server3_1964,7.2274,51.2428,50,27,29,42,Server3,33173509,0.4576271186440678
Server3_551,7.8753,49.9873,50,27,34,39,Server3,102589722,0.4576271186440678
Server3_689,13.6297,51.0685,50,27,16,25,Server3,9129986,0.4576271186440678
Server3_1951,10.1738,49.5906,50,27,33,37,Server3,20613407,0.4576271186440678
Server3_385,7.1948,51.9049,50,27,21,40,Server3,31554048,0.4576271186440678
Server3_1246,12.7338,48.9494,50,27,23,47,Server3,41325323,0.4576271186440678
Server3_529,10.6578,50.626,50,27,20,44,Server3,8090881,0.4576271186440678
Server3_354,12.9286,52.5957,50,27,16,41,Server3,5612545,0.4576271186440678
Server3_1046,8.2544,50.2084,50,27,32,38,Server3,59381,0.4576271186440678
Server3_1566,6.5276,49.9936,50,27,37,23,Server3,43688747,0.4576271186440678
Server3_367,10.6466,50.5931,50,27,35,43,Server3,33359105,0.4576271186440678
Server3_847,12.8412,47.689,50,27,22,20,Server3,47491590,0.4576271186440678
Server3_1844,6.0966,50.7648,50,27,37,44,Server3,11318036,0.4576271186440678
Server3_1859,8.6287,49.3592,50,27,16,30,Server3,33407756,0.4576271186440678
Server3_633,6.9738,49.2416,50,27,21,35,Server3,45447973,0.4576271186440678
Server3_163,9.1478,49.9768,50,27,29,33,Server3,16535828,0.4576271186440678
Server3_749,11.7251,47.9777,50,27,21,26,Server3,29502,0.4576271186440678
Server3_437,6.4924,51.3457,50,27,22,21,Server3,16029443,0.4576271186440678
Server3_1423,11.7305,49.5274,50,27,16,29,Server3,20642050,0.4576271186440678
Server3_1424,12.5658,52.4119,50,27,26,38,Server3,5942059,0.4576271186440678
Server3_1586,11.4348,48.7604,50,27,19,37,Server3,33064962,0.4576271186440678
Server3_1569,11.7578,48.1183,50,27,37,46,Server3,32453,0.4576271186440678
Server3_1599,7.2563,51.4858,50,27,22,20,Server3,31071234,0.4576271186440678
Server3_647,11.2447,51.3237,50,27,34,42,Server3,25770757,0.4576271186440678
Server3_1893,7.8406,47.9963,50,27,30,29,Server3,52371722,0.4576271186440678
Server3_486,11.4324,52.5214,50,27,25,23,Server3,37710,0.4576271186440678
Server3_139,9.2235,49.194,50,27,23,38,Server3,24064043,0.4576271186440678
Server3_1414,11.4068,47.8572,50,27,31,26,Server3,25829141,0.4576271186440678
Server3_115,12.3219,50.8551,50,27,30,35,Server3,29393424,0.4576271186440678
Server3_637,12.5348,50.6742,50,26,30,34,Server3,7836929,0.4406779661016949
Server3_864,12.0842,47.8494,50,26,37,29,Server3,21081621,0.4406779661016949
Server3_137,7.003,51.4328,50,26,33,37,Server3,26383364,0.4406779661016949
Server3_911,13.2952,52.5322,50,26,37,21,Server3,3298305,0.4406779661016949
Server3_1107,13.1623,51.1196,50,26,30,26,Server3,3440,0.4406779661016949
Server3_1725,8.0116,50.8517,50,26,17,30,Server3,559,0.4406779661016949
Server3_1219,6.7824,51.5939,50,26,30,47,Server3,13388093,0.4406779661016949
Server3_54,13.7361,51.9834,50,26,30,40,Server3,8036362,0.4406779661016949
Server3_669,9.1326,48.5323,50,26,15,40,Server3,55702,0.4406779661016949
Server3_410,7.8636,47.992,50,26,17,26,Server3,23244583,0.4406779661016949
Server3_28,7.7511,48.2156,50,26,19,30,Server3,46320,0.4406779661016949
Server3_276,13.7198,51.272,50,26,35,47,Server3,8458529,0.4406779661016949
Server3_1413,10.0143,53.3921,50,26,28,25,Server3,27128578,0.4406779661016949
Server3_1244,13.5115,50.9569,50,26,29,46,Server3,28731,0.4406779661016949
Server3_185,6.1983,51.3248,50,26,22,25,Server3,30306562,0.4406779661016949
Server3_1901,13.4072,51.3083,50,26,17,36,Server3,8034563,0.4406779661016949
Server3_1841,9.5235,48.8136,50,26,17,34,Server3,24006951,0.4406779661016949
Server3_1842,8.5525,50.5616,50,26,20,31,Server3,62335,0.4406779661016949
Server3_964,10.0523,47.8963,50,26,34,26,Server3,33108747,0.4406779661016949
Server3_107,7.854,51.7232,50,26,26,46,Server3,13379626,0.4406779661016949
Server3_1900,10.9548,49.3091,50,26,23,28,Server3,1103,0.4406779661016949
Server3_593,11.5132,48.1083,50,26,28,22,Server3,26361367,0.4406779661016949
Server3_1675,7.2901,51.9909,50,26,34,32,Server3,13099009,0.4406779661016949
Server3_81,14.0038,50.964,50,26,25,46,Server3,7866626,0.4406779661016949
Server3_1846,12.0696,52.8348,50,26,36,33,Server3,3078145,0.4406779661016949
Server3_1670,13.4849,52.5234,50,26,17,40,Server3,5808409,0.4406779661016949
Server3_1478,11.5721,48.5884,50,26,20,34,Server3,38374401,0.4406779661016949
Server3_1073,11.0485,50.2369,50,26,30,40,Server3,21123592,0.4406779661016949
Server3_350,10.0063,53.553,50,26,27,40,Server3,18277151,0.4406779661016949
Server3_1630,12.0335,48.9245,50,26,36,42,Server3,44814354,0.4406779661016949
Server3_526,9.2262,49.1747,50,26,17,29,Server3,23064639,0.4406779661016949
Server3_1663,12.0776,54.1142,50,25,22,36,Server3,32256551,0.423728813559322
Server3_387,10.2285,48.004,50,25,23,38,Server3,63457,0.423728813559322
Server3_1567,10.0867,49.0501,50,25,23,22,Server3,18623489,0.423728813559322
Server3_1290,9.8097,48.7827,50,25,26,44,Server3,23525378,0.423728813559322
Server3_460,11.4362,48.7565,50,25,24,42,Server3,32280320,0.423728813559322
Server3_1990,9.4838,51.0981,50,25,35,40,Server3,26000899,0.423728813559322
Server3_1597,11.7286,50.1211,50,25,36,47,Server3,20519189,0.423728813559322
Server3_1050,8.5976,49.6714,50,25,33,37,Server3,18129959,0.423728813559322
Server3_392,9.6118,49.7677,50,25,29,27,Server3,4331,0.423728813559322
Server3_1642,7.8095,51.6901,50,25,15,29,Server3,35043079,0.423728813559322
Server3_497,11.3123,50.2242,50,25,34,47,Server3,20642836,0.423728813559322
Server3_1627,7.3312,49.3235,50,25,35,45,Server3,28820742,0.423728813559322
Server3_485,12.0341,50.4094,50,25,22,35,Server3,26676496,0.423728813559322
Server3_19,8.1603,48.9734,50,25,19,45,Server3,18519306,0.423728813559322
Server3_796,9.0748,53.0187,50,25,37,46,Server3,30876428,0.423728813559322
Server3_13,8.7882,53.0801,50,25,17,20,Server3,38174516,0.423728813559322
Server3_1003,10.1042,49.015,50,25,37,29,Server3,18044674,0.423728813559322
Server3_1474,13.4901,52.4929,50,25,18,29,Server3,7552043,0.423728813559322
Server3_1523,8.5779,50.9624,50,25,36,30,Server3,12938241,0.423728813559322
Server3_560,8.1631,47.7498,50,25,27,33,Server3,23187999,0.423728813559322
Server3_941,12.371,51.4091,50,25,30,25,Server3,7748627,0.423728813559322
Server3_1773,13.8437,53.0715,50,25,19,42,Server3,2788890,0.423728813559322
Server3_1025,8.5013,49.2096,50,25,17,33,Server3,39008263,0.423728813559322
Server3_934,12.8417,48.8696,50,25,37,43,Server3,17251,0.423728813559322
Server3_66,8.7551,51.7156,50,25,18,34,Server3,35388673,0.423728813559322
Server3_1803,8.9787,48.7889,50,25,16,42,Server3,63252,0.423728813559322
Server3_114,8.6234,49.8646,50,25,17,42,Server3,27394305,0.423728813559322
Server3_1193,12.7195,48.1718,50,25,19,40,Server3,61176,0.423728813559322
Server3_176,8.5136,49.5004,50,25,23,39,Server3,1901,0.423728813559322
Server3_624,13.472,52.5041,50,25,25,26,Server3,6208052,0.423728813559322
Server3_1853,7.4256,53.0729,50,25,20,23,Server3,36048166,0.423728813559322
Server3_62,10.0644,53.5903,50,25,29,45,Server3,2588954,0.423728813559322
Server3_1120,11.6268,50.906,50,25,32,27,Server3,1689,0.423728813559322
Server3_590,8.9284,52.2871,50,25,26,26,Server3,33238533,0.423728813559322
Server3_348,9.6804,50.6792,50,25,22,46,Server3,15406850,0.423728813559322
Server3_357,8.49,50.1843,50,25,37,35,Server3,52293409,0.423728813559322
Server3_1506,7.9169,49.8736,50,25,35,35,Server3,30267393,0.423728813559322
Server3_310,9.5387,50.8056,50,25,24,30,Server3,12869408,0.423728813559322
Server3_1029,13.0376,52.3959,50,25,29,38,Server3,36142856,0.423728813559322
Server3_1435,8.4497,49.9581,50,25,16,40,Server3,28308737,0.423728813559322
Server3_1126,9.1236,48.6663,50,25,26,38,Server3,39862016,0.423728813559322
Server3_1952,6.912,49.9741,50,25,37,47,Server3,52324885,0.423728813559322
Server3_1105,11.4694,48.4129,50,25,17,21,Server3,43587585,0.423728813559322
Server3_1098,10.4272,51.6711,50,25,24,36,Server3,12929537,0.423728813559322
Server3_1698,12.6459,53.5156,50,25,20,28,Server3,48577293,0.423728813559322
Server3_1140,11.6324,48.2256,50,25,20,42,Server3,25646870,0.423728813559322
Server3_987,9.1635,49.991,50,24,32,37,Server3,26086913,0.4067796610169492
Server3_1985,6.9788,49.2373,50,24,34,40,Server3,17692,0.4067796610169492
Server3_1145,9.9366,51.5291,50,24,24,38,Server3,47066127,0.4067796610169492
Server3_146,10.992,49.9627,50,24,29,32,Server3,39940356,0.4067796610169492
Server3_172,8.9439,50.0365,50,24,16,20,Server3,45261826,0.4067796610169492
Server3_1851,7.0469,50.7382,50,24,28,25,Server3,35844097,0.4067796610169492
Server3_1261,10.0234,53.5422,50,24,32,45,Server3,53359874,0.4067796610169492
Server3_1856,6.9639,51.0641,50,24,21,44,Server3,27300113,0.4067796610169492
Server3_272,6.6629,51.2909,50,24,15,35,Server3,11531274,0.4067796610169492
Server3_1171,6.5726,49.7037,50,24,32,23,Server3,33331459,0.4067796610169492
Server3_1617,8.5115,49.4889,50,24,19,40,Server3,55903,0.4067796610169492
Server3_1241,11.3339,48.2178,50,24,28,37,Server3,25654335,0.4067796610169492
Server3_874,13.1607,50.6304,50,24,18,37,Server3,35192,0.4067796610169492
Server3_378,7.7774,50.459,50,24,24,34,Server3,16129555,0.4067796610169492
Server3_1959,14.0075,51.1547,50,24,26,29,Server3,8209703,0.4067796610169492
Server3_1702,10.2489,51.9498,50,24,19,24,Server3,26281216,0.4067796610169492
Server3_37,8.5276,52.3332,50,24,28,41,Server3,9409,0.4067796610169492
Server3_1728,8.1505,48.9684,50,24,37,47,Server3,23218691,0.4067796610169492
Server3_899,8.4088,48.9934,50,24,21,34,Server3,23089972,0.4067796610169492
Server3_284,8.9731,52.2683,50,24,25,37,Server3,5552923,0.4067796610169492
Server3_1253,12.7993,48.8892,50,24,24,28,Server3,41651208,0.4067796610169492
Server3_280,11.0367,49.4241,50,24,36,44,Server3,21142806,0.4067796610169492
Server3_1746,9.1773,48.8544,50,24,21,30,Server3,51272723,0.4067796610169492
Server3_1256,7.2951,49.9387,50,24,26,26,Server3,4163,0.4067796610169492
Server3_1631,8.3583,49.9003,50,24,35,37,Server3,45494023,0.4067796610169492
Server3_1368,9.0403,53.0144,50,24,33,29,Server3,30876430,0.4067796610169492
Server3_1258,12.7997,50.8413,50,24,16,46,Server3,8541203,0.4067796610169492
Server3_246,10.834,48.6498,50,24,35,26,Server3,32045325,0.4067796610169492
Server3_1945,10.0563,49.9646,50,24,35,45,Server3,15482389,0.4067796610169492
Server3_1237,8.131,49.1947,50,24,37,43,Server3,18350117,0.4067796610169492
Server3_547,12.1331,49.0263,50,24,35,21,Server3,20559422,0.4067796610169492
Server3_670,8.648,49.9572,50,24,36,27,Server3,33460480,0.4067796610169492
Server3_1468,13.2199,52.5212,50,24,18,46,Server3,5182014,0.4067796610169492
Server3_1550,9.2049,49.8279,50,24,22,20,Server3,61637,0.4067796610169492
Server3_677,7.9143,50.4397,50,24,24,29,Server3,14911,0.4067796610169492
Server3_507,6.5654,51.2867,50,24,23,45,Server3,47132684,0.4067796610169492
Server3_1348,8.6616,49.9074,50,24,37,35,Server3,45879809,0.4067796610169492
Server3_632,9.7752,53.9617,50,24,33,22,Server3,4363,0.4067796610169492
Server3_840,8.7327,50.641,50,24,19,32,Server3,45484032,0.4067796610169492
Server3_675,9.4433,50.0178,50,24,32,47,Server3,46905344,0.4067796610169492
Server3_1318,10.3497,51.8621,50,24,19,23,Server3,51352084,0.4067796610169492
Server3_1556,11.5721,48.1746,50,24,16,20,Server3,25610774,0.4067796610169492
Server3_774,12.5705,47.9926,50,24,34,23,Server3,29858560,0.4067796610169492
Server3_605,12.5396,47.8286,50,24,20,27,Server3,22004500,0.4067796610169492
Server3_184,9.1374,48.8113,50,23,33,25,Server3,28023298,0.3898305084745763
Server3_1277,12.0907,47.7933,50,23,21,28,Server3,59938,0.3898305084745763
Server3_668,7.0027,51.1575,50,23,18,41,Server3,16030,0.3898305084745763
Server3_173,13.7179,51.0486,50,23,33,30,Server3,26493186,0.3898305084745763
Server3_860,6.9006,50.997,50,23,23,30,Server3,16260135,0.3898305084745763
Server3_778,8.6563,49.8975,50,23,20,30,Server3,15540751,0.3898305084745763
Server3_1238,12.3122,50.5339,50,23,32,32,Server3,33020417,0.3898305084745763
Server3_1638,7.7256,50.7915,50,23,21,29,Server3,17085,0.3898305084745763
Server3_827,7.211,49.2965,50,23,26,33,Server3,43712043,0.3898305084745763
Server3_804,14.7293,52.0495,50,23,26,20,Server3,6292265,0.3898305084745763
Server3_1333,8.7769,50.8074,50,23,15,39,Server3,46309635,0.3898305084745763
Server3_394,9.9804,48.4573,50,23,20,37,Server3,26248193,0.3898305084745763
Server3_304,13.3371,52.3937,50,23,16,21,Server3,6065958,0.3898305084745763
Server3_627,10.6985,47.9925,50,23,32,25,Server3,26063905,0.3898305084745763
Server3_1810,12.8893,51.3522,50,23,23,37,Server3,42298638,0.3898305084745763
Server3_1966,12.3773,48.9768,50,23,27,24,Server3,52035842,0.3898305084745763
Server3_1403,13.2817,51.3071,50,23,19,33,Server3,53195017,0.3898305084745763
Server3_866,13.9118,54.0676,50,23,27,42,Server3,39058689,0.3898305084745763
Server3_552,8.032,52.4154,50,23,22,40,Server3,1204,0.3898305084745763
Server3_896,8.7251,50.1343,50,23,16,30,Server3,3973,0.3898305084745763
Server3_730,7.0483,50.7385,50,23,25,20,Server3,10664481,0.3898305084745763
Server3_788,9.2475,48.774,50,23,21,24,Server3,27507472,0.3898305084745763
Server3_807,10.1207,54.4554,50,23,29,28,Server3,5435905,0.3898305084745763
Server3_1666,11.0592,49.4455,50,23,28,27,Server3,21238324,0.3898305084745763
Server3_1464,6.924,50.9124,50,23,24,47,Server3,33740803,0.3898305084745763
Server3_584,13.7634,51.1487,50,23,20,20,Server3,36649472,0.3898305084745763
Server3_110,8.2717,49.9963,50,23,15,20,Server3,27027210,0.3898305084745763
Server3_720,10.7654,48.8363,50,23,36,44,Server3,51033,0.3898305084745763
Server3_1598,8.7862,49.8091,50,23,31,26,Server3,53229332,0.3898305084745763
Server3_740,9.7777,52.3286,50,23,29,27,Server3,28265217,0.3898305084745763
Server3_997,9.6805,52.7203,50,23,28,26,Server3,2659349,0.3898305084745763
Server3_1138,13.2058,52.5422,50,23,33,47,Server3,26976004,0.3898305084745763
Server3_1571,7.9493,48.4883,50,23,24,36,Server3,24034612,0.3898305084745763
Server3_86,8.5241,50.0389,50,23,26,38,Server3,18020375,0.3898305084745763
Server3_1340,12.0669,49.6994,50,23,24,28,Server3,20685099,0.3898305084745763
Server3_426,7.7341,49.4526,50,23,15,37,Server3,43846915,0.3898305084745763
Server3_1110,10.1324,48.0392,50,23,17,29,Server3,18397193,0.3898305084745763
Server3_1612,10.1196,51.8415,50,23,34,44,Server3,29360148,0.3898305084745763
Server3_1765,9.5957,52.4412,50,23,19,26,Server3,5624595,0.3898305084745763
Server3_930,11.9837,51.7581,50,23,17,29,Server3,7890709,0.3898305084745763
Server3_78,9.3466,48.8415,50,23,25,33,Server3,23069209,0.3898305084745763
Server3_1755,10.014,50.001,50,23,26,34,Server3,53748739,0.3898305084745763
Server3_151,8.7101,49.2457,50,23,29,37,Server3,49341,0.3898305084745763
Server3_1914,9.2649,48.5298,50,23,31,40,Server3,29663240,0.3898305084745763
Server3_989,8.0898,49.0963,50,22,27,40,Server3,18948645,0.3728813559322034
Server3_1512,7.3899,51.9009,50,22,32,32,Server3,13107715,0.3728813559322034
Server3_1272,13.5034,52.483,50,22,26,44,Server3,56018,0.3728813559322034
Server3_479,12.0761,50.8808,50,22,15,36,Server3,31083008,0.3728813559322034
Server3_1093,10.3002,53.2293,50,22,18,40,Server3,38959876,0.3728813559322034
Server3_1380,10.5379,52.4395,50,22,29,28,Server3,41659916,0.3728813559322034
Server3_1517,8.6759,50.1698,50,22,21,22,Server3,15661075,0.3728813559322034
Server3_891,12.1186,50.5767,50,22,37,43,Server3,32843793,0.3728813559322034
Server3_1387,11.1182,49.4368,50,22,27,38,Server3,20697858,0.3728813559322034
Server3_789,8.6538,52.0579,50,22,26,44,Server3,8012,0.3728813559322034
Server3_1389,8.9495,51.7407,50,22,36,31,Server3,41186312,0.3728813559322034
Server3_545,10.3626,53.706,50,22,30,31,Server3,5182467,0.3728813559322034
Server3_1881,7.2821,50.695,50,22,24,32,Server3,64802,0.3728813559322034
Server3_371,8.5281,50.1544,50,22,17,40,Server3,44508930,0.3728813559322034
Server3_869,6.9692,51.6583,50,22,24,21,Server3,35406593,0.3728813559322034
Server3_1449,8.458,49.5536,50,22,24,45,Server3,18471445,0.3728813559322034
Server3_1837,6.7776,51.4371,50,22,37,34,Server3,13912345,0.3728813559322034
Server3_482,13.2676,51.086,50,22,29,37,Server3,7961091,0.3728813559322034
Server3_1782,6.4496,50.8382,50,22,20,33,Server3,15922740,0.3728813559322034
Server3_9,13.9872,53.3291,50,22,18,43,Server3,34657026,0.3728813559322034
Server3_1693,10.9715,50.6908,50,22,30,40,Server3,41379849,0.3728813559322034
Server3_882,13.3096,53.5572,50,22,35,46,Server3,3236866,0.3728813559322034
Server3_175,9.6502,52.4086,50,22,33,32,Server3,36617,0.3728813559322034
Server3_1982,11.6078,50.9064,50,22,25,33,Server3,41691,0.3728813559322034
Server3_1753,13.757,51.0274,50,22,35,46,Server3,50431,0.3728813559322034
Server3_910,9.3844,48.8786,50,22,33,40,Server3,31385602,0.3728813559322034
Server3_495,10.691,52.3498,50,22,20,47,Server3,5181717,0.3728813559322034
Server3_501,9.2087,48.799,50,22,27,38,Server3,39474699,0.3728813559322034
Server3_229,12.2225,48.0679,50,22,28,45,Server3,46233,0.3728813559322034
Server3_852,11.544,48.1713,50,22,28,22,Server3,26329643,0.3728813559322034
Server3_1401,7.6732,52.2671,50,22,26,42,Server3,57798,0.3728813559322034
Server3_399,11.5847,48.0991,50,22,16,23,Server3,40019970,0.3728813559322034
Server3_1078,6.8875,51.4292,50,22,37,36,Server3,61341,0.3728813559322034
Server3_861,9.0413,48.8677,50,22,32,24,Server3,53685787,0.3728813559322034
Server3_1336,9.7665,50.6761,50,22,35,37,Server3,52022281,0.3728813559322034
Server3_1545,8.4151,49.3534,50,22,18,34,Server3,53401877,0.3728813559322034
Server3_731,9.1526,47.7796,50,22,29,27,Server3,36391,0.3728813559322034
Server3_755,8.6327,53.0579,50,22,28,34,Server3,51918338,0.3728813559322034
Server3_525,10.1332,54.3146,50,22,27,35,Server3,2969652,0.3728813559322034
Server3_1535,7.7575,47.958,50,22,36,26,Server3,23254581,0.3728813559322034
Server3_1965,10.0952,52.5512,50,22,23,44,Server3,20260,0.3728813559322034
Server3_1542,9.2582,48.7902,50,22,21,25,Server3,8044855407,0.3728813559322034
Server3_166,7.7506,50.456,50,22,24,44,Server3,47872,0.3728813559322034
Server3_1907,7.3938,51.4756,50,22,22,42,Server3,13022483,0.3728813559322034
Server3_727,11.5699,49.5042,50,22,36,23,Server3,114,0.3728813559322034
Server3_261,12.299,52.2517,50,21,15,32,Server3,37446,0.3559322033898305
Server3_1814,8.8691,54.7584,50,21,31,25,Server3,5168906,0.3559322033898305
Server3_1913,8.2489,49.69,50,21,31,43,Server3,45113364,0.3559322033898305
Server3_214,13.7069,51.0894,50,21,27,44,Server3,36439553,0.3559322033898305
Server3_1802,9.7417,50.6357,50,21,37,46,Server3,46162199,0.3559322033898305
Server3_271,11.0498,49.4984,50,21,20,29,Server3,20882197,0.3559322033898305
Server3_186,9.7044,52.3961,50,21,34,28,Server3,11175193,0.3559322033898305
Server3_1806,13.0602,52.3976,50,21,25,29,Server3,5208615,0.3559322033898305
Server3_1398,9.4276,51.2987,50,21,21,23,Server3,18227459,0.3559322033898305
Server3_79,13.2757,52.5067,50,21,21,39,Server3,35940864,0.3559322033898305
Server3_95,13.3689,52.5213,50,21,18,38,Server3,26719748,0.3559322033898305
Server3_1941,13.6706,51.146,50,21,37,29,Server3,30730241,0.3559322033898305
Server3_792,12.2423,50.6324,50,21,35,27,Server3,31558402,0.3559322033898305
Server3_1509,6.8873,51.498,50,21,21,41,Server3,31868674,0.3559322033898305
Server3_182,8.6419,49.9789,50,21,32,46,Server3,28821510,0.3559322033898305
Server3_1733,8.361,49.6537,50,21,27,22,Server3,19181064,0.3559322033898305
Server3_1685,9.0544,49.2385,50,21,28,29,Server3,31269384,0.3559322033898305
Server3_2,9.9352,53.5588,50,21,35,33,Server3,4728,0.3559322033898305
Server3_1245,10.51,52.2435,50,21,23,26,Server3,5855263,0.3559322033898305
Server3_1446,11.2612,48.0938,50,21,33,20,Server3,54134,0.3559322033898305
Server3_155,13.7663,51.0644,50,21,22,41,Server3,26485249,0.3559322033898305
Server3_376,13.524,52.6465,50,21,31,35,Server3,51591187,0.3559322033898305
Server3_421,13.8105,51.0469,50,21,30,46,Server3,862,0.3559322033898305
Server3_1149,6.9629,50.9137,50,21,29,41,Server3,15465533,0.3559322033898305
Server3_1345,7.3428,50.7692,50,21,18,28,Server3,2123,0.3559322033898305
Server3_489,11.4077,48.0149,50,21,25,38,Server3,26631973,0.3559322033898305
Server3_639,11.4592,48.9332,50,21,28,42,Server3,43764489,0.3559322033898305
Server3_612,7.0348,50.1472,50,21,25,25,Server3,49690629,0.3559322033898305
Server3_147,13.6365,52.4566,50,21,16,42,Server3,28423168,0.3559322033898305
Server3_762,9.2679,49.0607,50,21,23,42,Server3,12503,0.3559322033898305
Server3_1453,9.9934,53.4524,50,21,28,40,Server3,6293781,0.3559322033898305
Server3_1874,8.4971,51.937,50,21,27,35,Server3,31213312,0.3559322033898305
Server3_466,8.6854,52.0717,50,21,15,29,Server3,10634271,0.3559322033898305
Server3_1879,7.7333,47.9797,50,21,21,34,Server3,23260713,0.3559322033898305
Server3_1090,9.5975,53.4644,50,21,37,30,Server3,36606212,0.3559322033898305
Server3_30,9.3728,48.8884,50,21,28,32,Server3,31297793,0.3559322033898305
Server3_1115,10.0511,53.536,50,20,23,38,Server3,5775893,0.3389830508474576
Server3_713,9.302,48.8262,50,20,33,25,Server3,30528261,0.3389830508474576
Server3_1257,11.0648,50.5421,50,20,25,22,Server3,51631107,0.3389830508474576
Server3_157,9.1438,48.7299,50,20,30,39,Server3,23554331,0.3389830508474576
Server3_1632,13.5205,52.5138,50,20,27,44,Server3,62869,0.3389830508474576
Server3_24,6.9815,50.9377,50,20,19,37,Server3,29837824,0.3389830508474576
Server3_875,13.5027,52.3666,50,20,28,42,Server3,3987207,0.3389830508474576
Server3_1000,8.6053,50.0555,50,20,25,36,Server3,17945385,0.3389830508474576
Server3_105,12.4711,47.8199,50,20,30,21,Server3,25716502,0.3389830508474576
Server3_1616,11.9879,47.7672,50,20,37,29,Server3,25745952,0.3389830508474576
Server3_1437,10.5304,52.274,50,20,25,20,Server3,26780677,0.3389830508474576
Server3_1486,9.661,54.298,50,20,19,27,Server3,5137930,0.3389830508474576
Server3_1929,8.8526,53.0746,50,20,28,31,Server3,37082115,0.3389830508474576
Server3_1370,13.5681,52.57,50,20,31,26,Server3,5376317,0.3389830508474576
Server3_446,7.3,49.9349,50,20,16,28,Server3,64219,0.3389830508474576
Server3_1477,7.7781,53.2197,50,20,24,39,Server3,5573890,0.3389830508474576
Server3_251,13.887,50.8276,50,20,15,22,Server3,33117699,0.3389830508474576
Server3_937,12.0626,48.8864,50,20,18,47,Server3,20688151,0.3389830508474576
Server3_1580,13.6417,48.7076,50,20,36,22,Server3,41506311,0.3389830508474576
Server3_1783,8.551,48.9775,50,20,17,43,Server3,34288650,0.3389830508474576
Server3_913,12.9453,48.8155,50,20,19,32,Server3,28066058,0.3389830508474576
Server3_1343,8.6032,50.0533,50,20,17,24,Server3,15967765,0.3389830508474576
Server3_25,11.5908,52.1792,50,20,36,41,Server3,5347371,0.3389830508474576
Server3_693,7.2583,53.4472,50,20,25,29,Server3,36197123,0.3389830508474576
Server3_1153,7.6014,51.4729,50,20,25,34,Server3,33410048,0.3389830508474576
Server3_1898,9.3125,49.1685,50,20,21,31,Server3,31269888,0.3389830508474576
Server3_1408,11.5875,48.2184,50,20,31,22,Server3,25676058,0.3389830508474576
Server3_1829,7.6532,47.9368,50,20,19,39,Server3,24929818,0.3389830508474576
Server3_663,14.3513,51.7539,50,20,33,20,Server3,30184457,0.3389830508474576
Server3_544,11.8168,48.1555,50,20,32,27,Server3,26070079,0.3389830508474576
Server3_881,8.9344,54.1481,50,20,19,32,Server3,6634005,0.3389830508474576
Server3_1955,11.3008,48.1838,50,20,23,28,Server3,21402901,0.3389830508474576
Server3_1099,8.7888,48.8787,50,20,15,38,Server3,2867,0.3389830508474576
Server3_1028,10.0064,53.5521,50,20,33,30,Server3,10477607,0.3389830508474576
Server3_554,9.8134,48.803,50,20,32,43,Server3,23489293,0.3389830508474576
Server3_1516,13.7368,51.0517,50,20,32,41,Server3,35010306,0.3389830508474576
Server3_1674,11.0341,50.983,50,20,26,47,Server3,9106951,0.3389830508474576
Server3_364,12.3844,51.3431,50,20,37,29,Server3,30705922,0.3389830508474576
Server3_41,11.3129,47.6946,50,20,35,31,Server3,25901845,0.3389830508474576
Server3_813,11.4453,48.1756,50,20,22,40,Server3,26069291,0.3389830508474576
Server3_165,10.6899,51.7373,50,20,17,25,Server3,30893928,0.3389830508474576
Server3_1428,7.3186,50.6477,50,19,27,31,Server3,15879731,0.3220338983050847
Server3_1155,7.8453,47.6348,50,19,20,29,Server3,23960126,0.3220338983050847
Server3_1116,8.7805,53.0988,50,19,22,20,Server3,6153759,0.3220338983050847
Server3_1808,8.2506,49.9666,50,19,15,41,Server3,46085377,0.3220338983050847
Server3_128,9.2097,51.0082,50,19,31,45,Server3,36887554,0.3220338983050847
Server3_958,14.3248,51.354,50,19,31,37,Server3,39069697,0.3220338983050847
Server3_1136,11.373,49.6097,50,19,21,35,Server3,20866325,0.3220338983050847
Server3_1813,8.3379,50.0158,50,19,25,21,Server3,44520708,0.3220338983050847
Server3_1820,9.1762,48.7819,50,19,20,32,Server3,11591,0.3220338983050847
Server3_1867,8.8075,53.0853,50,19,22,35,Server3,45983,0.3220338983050847
Server3_1342,13.9041,51.6733,50,19,18,24,Server3,8977,0.3220338983050847
Server3_1825,6.6099,50.0064,50,19,23,42,Server3,63258,0.3220338983050847
Server3_1341,11.5202,48.1063,50,19,28,38,Server3,25762819,0.3220338983050847
Server3_218,9.4282,51.3083,50,19,32,32,Server3,27473408,0.3220338983050847
Server3_1008,9.0463,48.7337,50,19,21,43,Server3,23424554,0.3220338983050847
Server3_1848,9.4596,53.5902,50,19,22,39,Server3,52236565,0.3220338983050847
Server3_1404,12.0226,52.5293,50,19,37,21,Server3,6021401,0.3220338983050847
Server3_1328,8.5483,47.8584,50,19,22,40,Server3,24877337,0.3220338983050847
Server3_759,13.7845,51.0963,50,19,25,31,Server3,7661,0.3220338983050847
Server3_1173,8.7033,50.392,50,19,17,34,Server3,47249408,0.3220338983050847
Server3_1270,10.3535,51.7175,50,19,22,22,Server3,13145345,0.3220338983050847
Server3_1883,14.593,52.2209,50,19,17,44,Server3,26179342,0.3220338983050847
Server3_726,11.6083,48.3386,50,19,34,33,Server3,33542403,0.3220338983050847
Server3_47,8.869,51.9325,50,19,30,45,Server3,38342658,0.3220338983050847
Server3_561,8.2163,48.5905,50,19,24,29,Server3,24031281,0.3220338983050847
Server3_898,11.558,48.1505,50,19,35,36,Server3,20664841,0.3220338983050847
Server3_302,12.1912,51.4156,50,19,21,25,Server3,27713542,0.3220338983050847
Server3_737,8.4612,50.1598,50,19,32,37,Server3,49368837,0.3220338983050847
Server3_1727,8.7053,50.376,50,19,25,41,Server3,38856196,0.3220338983050847
Server3_1636,12.6441,51.8672,50,19,21,21,Server3,8143392,0.3220338983050847
Server3_894,12.0798,51.2548,50,19,36,34,Server3,7718964,0.3220338983050847
Server3_1717,8.8975,53.0354,50,19,26,22,Server3,40323,0.3220338983050847
Server3_1641,6.1956,50.8452,50,19,33,38,Server3,210,0.3220338983050847
Server3_884,8.5013,49.4996,50,19,17,41,Server3,19458068,0.3220338983050847
Server3_1976,8.8394,50.0833,50,19,24,29,Server3,44271617,0.3220338983050847
Server3_826,12.6373,50.9704,50,19,16,31,Server3,51211521,0.3220338983050847
Server3_384,13.4249,52.6208,50,19,28,28,Server3,57627,0.3220338983050847
Server3_1661,13.7939,51.1199,50,19,30,40,Server3,8661012,0.3220338983050847
Server3_1703,14.4132,53.4082,50,19,18,33,Server3,5434625,0.3220338983050847
Server3_88,7.084,51.4452,50,19,27,26,Server3,27247361,0.3220338983050847
Server3_1662,8.6562,50.2515,50,19,35,33,Server3,45574937,0.3220338983050847
Server3_1359,6.0725,50.8047,50,19,34,27,Server3,11270945,0.3220338983050847
Server3_1695,8.9486,53.1622,50,19,24,40,Server3,36199937,0.3220338983050847
Server3_540,8.5482,51.9455,50,19,34,34,Server3,60808,0.3220338983050847
Server3_1207,12.1705,49.6791,50,19,26,37,Server3,20887574,0.3220338983050847
Server3_1620,10.7925,50.0789,50,19,32,20,Server3,20679444,0.3220338983050847
Server3_1489,9.2303,51.8329,50,19,15,30,Server3,41,0.3220338983050847
Server3_1749,11.4591,49.6573,50,19,31,23,Server3,21278211,0.3220338983050847
Server3_1777,8.9963,49.6851,50,19,30,24,Server3,29475588,0.3220338983050847
Server3_1774,12.1369,48.3458,50,19,24,35,Server3,21040915,0.3220338983050847
Server3_577,8.8904,50.0685,50,19,28,45,Server3,43458050,0.3220338983050847
Server3_844,8.1613,49.357,50,19,25,40,Server3,18421013,0.3220338983050847
Server3_267,11.5361,52.1337,50,19,31,20,Server3,5755957,0.3220338983050847
Server3_576,13.2487,52.7575,50,19,28,27,Server3,22422,0.3220338983050847
Server3_1993,8.6387,49.4199,50,19,36,45,Server3,28537094,0.3220338983050847
Server3_1933,8.4695,49.554,50,19,35,34,Server3,18471443,0.3220338983050847
Server3_795,11.1267,49.99,50,19,18,35,Server3,21020950,0.3220338983050847
Server3_714,7.9022,49.9823,50,19,20,24,Server3,27903761,0.3220338983050847
Server3_69,8.5345,49.3018,50,19,20,31,Server3,18138153,0.3220338983050847
Server3_1564,13.6388,53.9106,50,19,37,44,Server3,31195926,0.3220338983050847
Server3_68,11.5583,48.1409,50,19,26,33,Server3,51872532,0.3220338983050847
Server3_1938,6.7471,51.4369,50,19,37,40,Server3,10703624,0.3220338983050847
Server3_1981,9.9075,52.9235,50,18,20,27,Server3,5606676,0.3050847457627119
Server3_1589,7.8427,47.999,50,18,27,23,Server3,2628360,0.3050847457627119
Server3_803,8.512,49.9092,50,18,25,21,Server3,15929353,0.3050847457627119
Server3_477,13.6016,51.0601,50,18,31,41,Server3,8004393,0.3050847457627119
Server3_534,11.5661,48.1125,50,18,25,29,Server3,25607694,0.3050847457627119
Server3_806,6.835,51.4563,50,18,28,28,Server3,13015553,0.3050847457627119
Server3_1619,6.9999,51.0394,50,18,15,38,Server3,45788929,0.3050847457627119
Server3_470,13.5262,54.4116,50,18,27,37,Server3,34919938,0.3050847457627119
Server3_811,8.3338,50.7991,50,18,32,46,Server3,29040641,0.3050847457627119
Server3_1607,8.2907,49.5929,50,18,25,27,Server3,35678222,0.3050847457627119
Server3_850,9.0635,48.6551,50,18,16,45,Server3,23097626,0.3050847457627119
Server3_981,8.7297,50.1326,50,18,33,22,Server3,44272896,0.3050847457627119
Server3_1994,11.6019,49.9324,50,18,23,26,Server3,32526,0.3050847457627119
Server3_1275,12.1838,49.4988,50,18,16,36,Server3,55912,0.3050847457627119
Server3_414,8.5504,51.9428,50,18,17,33,Server3,32743938,0.3050847457627119
Server3_1875,7.1237,50.7087,50,18,28,43,Server3,10823700,0.3050847457627119
Server3_1146,10.7364,52.3914,50,18,33,32,Server3,5645588,0.3050847457627119
Server3_16,10.2306,50.0381,50,18,36,20,Server3,15738113,0.3050847457627119
Server3_940,6.6339,51.2951,50,18,26,37,Server3,10618890,0.3050847457627119
Server3_1303,9.041,53.0539,50,18,26,28,Server3,5318677,0.3050847457627119
Server3_967,10.2061,48.4472,50,18,29,33,Server3,43815170,0.3050847457627119
Server3_1175,10.03,53.5162,50,18,17,44,Server3,3395124,0.3050847457627119
Server3_258,10.9796,50.733,50,18,28,26,Server3,43011,0.3050847457627119
Server3_586,12.0461,48.2473,50,18,28,34,Server3,44259089,0.3050847457627119
Server3_929,10.8853,48.3138,50,18,15,29,Server3,44575755,0.3050847457627119
Server3_923,11.4714,48.4108,50,18,29,47,Server3,26427680,0.3050847457627119
Server3_918,9.9379,49.7629,50,18,17,32,Server3,17845,0.3050847457627119
Server3_671,9.5119,48.8128,50,18,16,41,Server3,53426719,0.3050847457627119
Server3_1910,9.5004,50.3526,50,18,27,38,Server3,33068550,0.3050847457627119
Server3_207,7.2282,51.434,50,18,33,23,Server3,45827342,0.3050847457627119
Server3_1495,10.923,49.8897,50,18,16,33,Server3,20999230,0.3050847457627119
Server3_285,6.9531,51.4572,50,18,15,39,Server3,64599,0.3050847457627119
Server3_202,7.8554,48.1156,50,18,27,41,Server3,18067713,0.3050847457627119
Server3_900,13.3235,50.7309,50,18,24,38,Server3,33487617,0.3050847457627119
Server3_351,8.6331,49.8319,50,18,24,22,Server3,28825606,0.3050847457627119
Server3_1707,7.0372,50.9784,50,18,22,32,Server3,62550,0.3050847457627119
Server3_609,13.5799,52.4434,50,18,16,37,Server3,5125654,0.3050847457627119
Server3_1691,10.0144,49.1737,50,18,33,34,Server3,20942359,0.3050847457627119
Server3_1518,8.4732,51.3599,50,18,25,36,Server3,29432082,0.3050847457627119
Server3_1308,8.3335,52.4553,50,18,21,37,Server3,4182,0.3050847457627119
Server3_1834,11.4923,49.932,50,18,36,40,Server3,20999170,0.3050847457627119
Server3_1709,8.719,50.0989,50,18,19,37,Server3,46248244,0.3050847457627119
Server3_343,13.4408,52.5159,50,18,35,33,Server3,6051330,0.3050847457627119
Server3_1064,11.5293,48.1222,50,17,25,45,Server3,27242537,0.288135593220339
Server3_665,8.7571,50.3529,50,17,33,36,Server3,44250643,0.288135593220339
Server3_1997,10.9885,49.5773,50,17,27,32,Server3,20604211,0.288135593220339
Server3_1931,13.2121,50.6774,50,17,16,39,Server3,7943171,0.288135593220339
Server3_1388,9.1141,49.347,50,17,22,41,Server3,52732436,0.288135593220339
Server3_1992,13.499,52.4942,50,17,22,20,Server3,7552032,0.288135593220339
Server3_1057,10.9316,49.9019,50,17,26,35,Server3,45776143,0.288135593220339
Server3_685,13.5994,52.4533,50,17,30,47,Server3,28422915,0.288135593220339
Server3_697,9.4299,49.3642,50,17,16,44,Server3,31352333,0.288135593220339
Server3_1946,11.6755,47.9173,50,17,30,32,Server3,21137173,0.288135593220339
Server3_1352,8.7134,49.721,50,17,20,39,Server3,29085696,0.288135593220339
Server3_688,8.7613,48.9143,50,17,36,24,Server3,34080771,0.288135593220339
Server3_63,7.7965,47.9739,50,17,28,45,Server3,34197249,0.288135593220339
Server3_1953,7.3925,51.4882,50,17,16,23,Server3,13254921,0.288135593220339
Server3_1984,12.1294,49.2481,50,17,37,37,Server3,2787,0.288135593220339
Server3_1905,11.8181,47.754,50,17,25,36,Server3,21357589,0.288135593220339
Server3_752,8.5321,51.1958,50,17,24,31,Server3,12888578,0.288135593220339
Server3_725,7.0417,52.0636,50,17,31,44,Server3,12901670,0.288135593220339
Server3_573,11.8727,48.9189,50,17,25,44,Server3,20655385,0.288135593220339
Server3_1577,11.0751,49.3409,50,17,17,47,Server3,15233,0.288135593220339
Server3_1558,8.5928,51.9641,50,17,17,33,Server3,31130624,0.288135593220339
Server3_944,6.086,50.7703,50,17,27,21,Server3,17394215,0.288135593220339
Server3_794,7.1349,50.701,50,17,35,25,Server3,33485056,0.288135593220339
Server3_1233,7.642,51.2278,50,17,17,44,Server3,40293,0.288135593220339
Server3_1700,12.9566,52.03,50,17,34,21,Server3,5675541,0.288135593220339
Server3_1254,6.3362,50.8233,50,17,29,29,Server3,15889717,0.288135593220339
Server3_1488,7.1495,50.6849,50,17,37,34,Server3,15569175,0.288135593220339
Server3_358,10.0281,53.4942,50,17,33,40,Server3,822,0.288135593220339
Server3_1595,6.9157,51.1147,50,17,31,30,Server3,64784,0.288135593220339
Server3_454,8.7341,50.1814,50,17,34,36,Server3,36295999699,0.288135593220339
Server3_1196,8.7739,52.2021,50,17,24,40,Server3,31810818,0.288135593220339
Server3_400,9.1826,48.7756,50,17,22,20,Server3,31710984,0.288135593220339
Server3_1830,6.9413,50.9318,50,17,36,20,Server3,10666762,0.288135593220339
Server3_374,10.9692,49.4843,50,17,28,44,Server3,20484630,0.288135593220339
Server3_415,8.4219,49.4624,50,17,18,24,Server3,18113061,0.288135593220339
Server3_1334,6.4767,50.2908,50,17,15,39,Server3,51519257,0.288135593220339
Server3_1648,11.943,52.3195,50,17,19,25,Server3,28669708,0.288135593220339
Server3_1426,10.531,50.9264,50,17,24,40,Server3,16033,0.288135593220339
Server3_390,14.4813,52.3204,50,17,36,44,Server3,33634564,0.288135593220339
Server3_389,7.9885,50.4334,50,17,18,42,Server3,16315649,0.288135593220339
Server3_1861,10.7624,48.7172,50,17,21,34,Server3,29331970,0.288135593220339
Server3_607,9.2852,51.3201,50,17,16,27,Server3,13133844,0.288135593220339
Server3_303,8.4525,49.0,50,17,21,21,Server3,30501125,0.288135593220339
Server3_473,8.6655,49.8682,50,17,31,36,Server3,16196617,0.288135593220339
Server3_865,12.2234,51.555,50,17,31,44,Server3,7851558,0.288135593220339
Server3_808,8.4753,49.9464,50,17,24,39,Server3,18048002,0.288135593220339
Server3_1195,8.5644,50.5539,50,17,25,33,Server3,38658321,0.288135593220339
Server3_608,7.5083,51.5792,50,17,17,25,Server3,31212046,0.288135593220339
Server3_571,9.1794,48.9004,50,16,27,46,Server3,23092758,0.2711864406779661
Server3_1555,7.4307,51.3816,50,16,29,30,Server3,13023293,0.2711864406779661
Server3_828,10.0799,54.5903,50,16,16,25,Server3,58191,0.2711864406779661
Server3_903,13.7692,52.8404,50,16,19,23,Server3,28709376,0.2711864406779661
Server3_1499,8.7411,50.1957,50,16,16,36,Server3,30791682,0.2711864406779661
Server3_313,10.0308,53.5451,50,16,22,38,Server3,4871703,0.2711864406779661
Server3_888,9.791,52.4115,50,16,30,47,Server3,5827349,0.2711864406779661
Server3_337,12.1024,50.9501,50,16,18,46,Server3,8754696,0.2711864406779661
Server3_1708,10.4302,51.4039,50,16,26,28,Server3,7725077,0.2711864406779661
Server3_690,12.0281,53.3075,50,16,27,21,Server3,2714113,0.2711864406779661
Server3_1383,7.0603,50.9247,50,16,18,33,Server3,55715,0.2711864406779661
Server3_1688,10.8121,52.3113,50,16,32,45,Server3,6082058,0.2711864406779661
Server3_1677,9.2397,48.7953,50,16,37,21,Server3,23813377,0.2711864406779661
Server3_375,7.1892,52.6211,50,16,26,39,Server3,11911,0.2711864406779661
Server3_1668,10.7335,51.4898,50,16,24,40,Server3,25765121,0.2711864406779661
Server3_1038,8.7144,51.649,50,16,24,21,Server3,12874036,0.2711864406779661
Server3_84,8.053,50.8287,50,16,32,32,Server3,27814929,0.2711864406779661
Server3_1758,8.3821,51.9105,50,16,37,41,Server3,59405,0.2711864406779661
Server3_226,9.2297,49.2028,50,16,17,32,Server3,47038468,0.2711864406779661
Server3_1585,10.8138,48.1462,50,16,15,28,Server3,25784589,0.2711864406779661
Server3_1868,10.8552,48.3728,50,16,33,28,Server3,31713,0.2711864406779661
Server3_1433,8.6998,48.3708,50,16,28,28,Server3,23249155,0.2711864406779661
Server3_1445,14.0217,50.8891,50,16,31,41,Server3,8291893,0.2711864406779661
Server3_10,14.8104,50.8926,50,16,21,23,Server3,8210227,0.2711864406779661
Server3_181,8.6644,49.4069,50,16,27,26,Server3,19404041,0.2711864406779661
Server3_604,8.9798,50.2005,50,16,17,42,Server3,16225539,0.2711864406779661
Server3_205,6.6239,51.3367,50,16,36,26,Server3,10720026,0.2711864406779661
Server3_851,10.008,53.6859,50,16,18,21,Server3,2792992,0.2711864406779661
Server3_1801,9.9676,53.4219,50,16,25,38,Server3,26434305,0.2711864406779661
Server3_925,11.845,50.8968,50,16,19,41,Server3,8064532,0.2711864406779661
Server3_950,11.8842,51.9747,50,16,28,43,Server3,2663956,0.2711864406779661
Server3_770,13.7466,51.2394,50,16,22,26,Server3,8458497,0.2711864406779661
Server3_213,12.8099,52.3964,50,16,36,36,Server3,31544320,0.2711864406779661
Server3_1112,12.2612,50.5999,50,16,34,25,Server3,52564738,0.2711864406779661
Server3_1176,10.2957,47.5343,50,16,35,28,Server3,29340161,0.2711864406779661
Server3_928,11.1235,51.0778,50,16,21,21,Server3,42956550,0.2711864406779661
Server3_706,9.8238,49.8338,50,16,19,35,Server3,15821072,0.2711864406779661
Server3_1779,12.3678,51.1366,50,16,16,40,Server3,1917,0.2711864406779661
Server3_418,13.4932,52.5139,50,16,20,26,Server3,26366211,0.2711864406779661
Server3_831,13.611,50.99,50,16,19,29,Server3,29604608,0.2711864406779661
Server3_585,7.8583,47.9994,50,16,34,39,Server3,23876109,0.2711864406779661
Server3_1919,12.6815,51.2692,50,16,15,47,Server3,8206083,0.2711864406779661
Server3_1080,13.9945,53.2702,50,16,18,33,Server3,2983188,0.2711864406779661
Server3_1248,8.6492,49.4519,50,16,35,28,Server3,18260768,0.2711864406779661
Server3_1264,12.987,50.8797,50,15,32,43,Server3,8661274,0.2542372881355932
Server3_1054,6.608,51.4367,50,15,18,20,Server3,13147178,0.2542372881355932
Server3_481,10.224,50.0476,50,15,18,37,Server3,46160947,0.2542372881355932
Server3_429,11.6683,50.9432,50,15,25,30,Server3,5554,0.2542372881355932
Server3_412,12.2152,48.0418,50,15,32,45,Server3,21663497,0.2542372881355932
Server3_1974,7.9406,47.9649,50,15,24,23,Server3,52062484,0.2542372881355932
Server3_1996,13.4773,52.3741,50,15,17,32,Server3,3987463,0.2542372881355932
Server3_1375,11.2476,47.4774,50,15,32,41,Server3,33054986,0.2542372881355932
Server3_1271,9.071,53.0216,50,15,22,22,Server3,42765059,0.2542372881355932
Server3_1081,13.2845,52.5999,50,15,18,24,Server3,5169691,0.2542372881355932
Server3_1625,6.8499,49.2437,50,15,30,41,Server3,44674048,0.2542372881355932
Server3_992,11.7787,50.2111,50,15,31,39,Server3,31003410,0.2542372881355932
Server3_515,6.6304,49.8569,50,15,35,31,Server3,49632,0.2542372881355932
Server3_817,12.9726,52.5205,50,15,18,43,Server3,29274115,0.2542372881355932
Server3_1887,9.1272,54.2151,50,15,24,31,Server3,6608915,0.2542372881355932
Server3_1438,6.3846,51.1937,50,15,28,32,Server3,10935061,0.2542372881355932
Server3_170,8.7189,50.6996,50,15,34,44,Server3,15374880,0.2542372881355932
Server3_1455,7.3159,50.4959,50,15,32,22,Server3,28840983,0.2542372881355932
Server3_1119,6.8596,51.4946,50,15,24,28,Server3,13627,0.2542372881355932
Server3_748,8.4312,49.9937,50,15,32,34,Server3,52,0.2542372881355932
Server3_1325,9.9153,48.346,50,15,24,29,Server3,24104255,0.2542372881355932
Server3_965,8.011,53.2458,50,15,19,44,Server3,31239694,0.2542372881355932
Server3_1324,9.2452,48.775,50,15,32,37,Server3,27507457,0.2542372881355932
Server3_596,8.1998,49.469,50,15,30,31,Server3,25824521,0.2542372881355932
Server3_1804,13.5191,52.425,50,15,19,30,Server3,5145643,0.2542372881355932
Server3_1472,12.023,48.8634,50,15,18,41,Server3,41193486,0.2542372881355932
Server3_1583,8.8168,53.0448,50,15,23,34,Server3,36049697,0.2542372881355932
Server3_747,9.9818,51.8292,50,15,18,20,Server3,10509569,0.2542372881355932
Server3_240,10.4089,52.3364,50,15,28,26,Server3,25622533,0.2542372881355932
Server3_1925,8.7991,53.091,50,15,30,24,Server3,26750219,0.2542372881355932
Server3_936,13.4252,48.4103,50,15,34,33,Server3,21011,0.2542372881355932
Server3_252,8.8837,49.9309,50,15,30,42,Server3,44532480,0.2542372881355932
Server3_277,13.4813,52.5335,50,15,19,34,Server3,3303173,0.2542372881355932
Server3_1316,9.7089,49.5811,50,15,27,40,Server3,52678421,0.2542372881355932
Server3_1737,10.6921,50.5901,50,15,24,33,Server3,41062,0.2542372881355932
Server3_1310,13.0008,47.6135,50,15,30,32,Server3,60533,0.2542372881355932
Server3_132,8.6923,50.2947,50,15,21,22,Server3,33353,0.2542372881355932
Server3_1689,8.0561,49.9774,50,15,25,37,Server3,49766146,0.2542372881355932
Server3_1039,11.676,51.8404,50,15,28,29,Server3,33248781,0.2542372881355932
Server3_1097,9.2091,49.2253,50,15,22,31,Server3,23078965,0.2542372881355932
Server3_379,13.761,51.025,50,15,32,47,Server3,6387,0.2542372881355932
Server3_1322,8.0181,49.6598,50,15,15,22,Server3,25825296,0.2542372881355932
