SrcServerID,DstServerID,BandwidthMbps,BaseLatencyMs
Server2_585,Server2_308,50.0,0.4359673475388216
Server2_308,Server2_585,50.0,0.4359673475388216
Server2_585,Server2_73,50.0,0.4073441880322632
Server2_73,Server2_585,50.0,0.4073441880322632
Server2_585,Server2_793,50.0,0.318345515865247
Server2_793,Server2_585,50.0,0.318345515865247
Server2_182,Server2_385,50.0,0.4012773598308806
Server2_385,Server2_182,50.0,0.4012773598308806
Server2_425,Server2_716,50.0,0.2985095695049063
Server2_716,Server2_425,50.0,0.2985095695049063
Server2_425,Server2_461,50.0,0.2912625367315461
Server2_461,Server2_425,50.0,0.2912625367315461
Server2_425,Server2_874,50.0,0.3972765083425626
Server2_874,Server2_425,50.0,0.3972765083425626
Server2_257,Server2_761,50.0,0.3048070919286744
Server2_761,Server2_257,50.0,0.3048070919286744
Server2_161,Server2_532,50.0,0.3727063967387222
Server2_532,Server2_161,50.0,0.3727063967387222
Server2_950,Server2_380,50.0,0.2798165397762418
Server2_380,Server2_950,50.0,0.2798165397762418
Server2_164,Server2_63,50.0,0.2837209456038482
Server2_63,Server2_164,50.0,0.2837209456038482
Server2_164,Server2_438,50.0,0.3132600815475162
Server2_438,Server2_164,50.0,0.3132600815475162
Server2_164,Server2_164,50.0,0.3701161048280552
Server2_850,Server2_240,50.0,0.5386847699536026
Server2_240,Server2_850,50.0,0.5386847699536026
Server2_850,Server2_811,50.0,0.3753023834724752
Server2_811,Server2_850,50.0,0.3753023834724752
Server2_850,Server2_424,50.0,0.3907690654519423
Server2_424,Server2_850,50.0,0.3907690654519423
Server2_360,Server2_200,50.0,0.7140735693507159
Server2_200,Server2_360,50.0,0.7140735693507159
Server2_360,Server2_502,50.0,0.4975293228133417
Server2_502,Server2_360,50.0,0.4975293228133417
Server2_360,Server2_434,50.0,0.5745179090502924
Server2_434,Server2_360,50.0,0.5745179090502924
Server2_743,Server2_228,50.0,0.3042947154112558
Server2_228,Server2_743,50.0,0.3042947154112558
Server2_743,Server2_304,50.0,0.3690772401365152
Server2_304,Server2_743,50.0,0.3690772401365152
Server2_311,Server2_658,50.0,0.270356172832264
Server2_658,Server2_311,50.0,0.270356172832264
Server2_311,Server2_906,50.0,0.4019099293143184
Server2_906,Server2_311,50.0,0.4019099293143184
Server2_338,Server2_603,50.0,0.2959354731156382
Server2_603,Server2_338,50.0,0.2959354731156382
Server2_338,Server2_524,50.0,0.303226805141688
Server2_524,Server2_338,50.0,0.303226805141688
Server2_338,Server2_78,50.0,0.3697024762990405
Server2_78,Server2_338,50.0,0.3697024762990405
Server2_700,Server2_488,50.0,0.2944828816434612
Server2_488,Server2_700,50.0,0.2944828816434612
Server2_700,Server2_951,50.0,0.3025346106524426
Server2_951,Server2_700,50.0,0.3025346106524426
Server2_700,Server2_112,50.0,0.3371514894866858
Server2_112,Server2_700,50.0,0.3371514894866858
Server2_602,Server2_878,50.0,0.2844121204428744
Server2_878,Server2_602,50.0,0.2844121204428744
Server2_602,Server2_449,50.0,0.4361406060605707
Server2_449,Server2_602,50.0,0.4361406060605707
Server2_741,Server2_741,50.0,0.3759195634702835
Server2_741,Server2_805,50.0,0.3931357966768092
Server2_805,Server2_741,50.0,0.3931357966768092
Server2_741,Server2_163,50.0,0.3262270498529742
Server2_163,Server2_741,50.0,0.3262270498529742
Server2_539,Server2_583,50.0,0.3737504161328951
Server2_583,Server2_539,50.0,0.3737504161328951
Server2_539,Server2_863,50.0,0.3825793221081032
Server2_863,Server2_539,50.0,0.3825793221081032
Server2_539,Server2_79,50.0,0.3888893956136154
Server2_79,Server2_539,50.0,0.3888893956136154
Server2_692,Server2_521,50.0,0.3006947700776032
Server2_521,Server2_692,50.0,0.3006947700776032
Server2_692,Server2_77,50.0,0.3104309866811536
Server2_77,Server2_692,50.0,0.3104309866811536
Server2_686,Server2_830,50.0,0.4265302527879989
Server2_830,Server2_686,50.0,0.4265302527879989
Server2_686,Server2_801,50.0,0.4165787436539162
Server2_801,Server2_686,50.0,0.4165787436539162
Server2_686,Server2_186,50.0,0.4241289536111978
Server2_186,Server2_686,50.0,0.4241289536111978
Server2_846,Server2_992,50.0,0.3259630276412718
Server2_992,Server2_846,50.0,0.3259630276412718
Server2_326,Server2_446,50.0,0.3471520231679469
Server2_446,Server2_326,50.0,0.3471520231679469
Server2_326,Server2_808,50.0,0.4388385861249776
Server2_808,Server2_326,50.0,0.4388385861249776
Server2_326,Server2_433,50.0,0.4026542890371742
Server2_433,Server2_326,50.0,0.4026542890371742
Server2_997,Server2_431,50.0,0.2988093092633968
Server2_431,Server2_997,50.0,0.2988093092633968
Server2_997,Server2_710,50.0,0.4385509251312153
Server2_710,Server2_997,50.0,0.4385509251312153
Server2_114,Server2_332,50.0,0.3114046831027863
Server2_332,Server2_114,50.0,0.3114046831027863
Server2_460,Server2_23,50.0,0.3987731228075858
Server2_23,Server2_460,50.0,0.3987731228075858
Server2_956,Server2_745,50.0,0.2872670804563086
Server2_745,Server2_956,50.0,0.2872670804563086
Server2_956,Server2_786,50.0,0.373582310367994
Server2_786,Server2_956,50.0,0.373582310367994
Server2_936,Server2_27,50.0,0.2776896980655166
Server2_27,Server2_936,50.0,0.2776896980655166
Server2_936,Server2_345,50.0,0.3825487089333776
Server2_345,Server2_936,50.0,0.3825487089333776
Server2_380,Server2_588,50.0,0.3072712246624185
Server2_588,Server2_380,50.0,0.3072712246624185
Server2_617,Server2_734,50.0,0.3968660218539794
Server2_734,Server2_617,50.0,0.3968660218539794
Server2_266,Server2_165,50.0,0.33233660092524
Server2_165,Server2_266,50.0,0.33233660092524
Server2_804,Server2_303,50.0,0.3282586708334612
Server2_303,Server2_804,50.0,0.3282586708334612
Server2_556,Server2_626,50.0,0.5034509576697782
Server2_626,Server2_556,50.0,0.5034509576697782
Server2_556,Server2_735,50.0,0.2776072032470833
Server2_735,Server2_556,50.0,0.2776072032470833
Server2_516,Server2_537,50.0,0.5038272791579308
Server2_537,Server2_516,50.0,0.5038272791579308
Server2_96,Server2_781,50.0,0.3612537754981162
Server2_781,Server2_96,50.0,0.3612537754981162
Server2_96,Server2_324,50.0,0.3129075662787494
Server2_324,Server2_96,50.0,0.3129075662787494
Server2_96,Server2_569,50.0,0.376171981792506
Server2_569,Server2_96,50.0,0.376171981792506
Server2_863,Server2_777,50.0,0.3424051085155916
Server2_777,Server2_863,50.0,0.3424051085155916
Server2_863,Server2_639,50.0,0.3526421461892487
Server2_639,Server2_863,50.0,0.3526421461892487
Server2_523,Server2_690,50.0,0.3935300155992628
Server2_690,Server2_523,50.0,0.3935300155992628
Server2_523,Server2_168,50.0,0.3689075279470291
Server2_168,Server2_523,50.0,0.3689075279470291
Server2_523,Server2_712,50.0,0.4291780285667638
Server2_712,Server2_523,50.0,0.4291780285667638
Server2_737,Server2_143,50.0,0.3259578954433929
Server2_143,Server2_737,50.0,0.3259578954433929
Server2_888,Server2_582,50.0,0.3103135514305563
Server2_582,Server2_888,50.0,0.3103135514305563
Server2_888,Server2_749,50.0,0.311259918504033
Server2_749,Server2_888,50.0,0.311259918504033
Server2_888,Server2_734,50.0,0.2799570562428722
Server2_734,Server2_888,50.0,0.2799570562428722
Server2_21,Server2_662,50.0,0.3414827094686786
Server2_662,Server2_21,50.0,0.3414827094686786
Server2_208,Server2_723,50.0,0.3662533802188347
Server2_723,Server2_208,50.0,0.3662533802188347
Server2_208,Server2_902,50.0,0.4146359681065344
Server2_902,Server2_208,50.0,0.4146359681065344
Server2_208,Server2_185,50.0,0.3453169528135636
Server2_185,Server2_208,50.0,0.3453169528135636
Server2_77,Server2_946,50.0,0.3341510294798718
Server2_946,Server2_77,50.0,0.3341510294798718
Server2_77,Server2_703,50.0,0.3049823404541358
Server2_703,Server2_77,50.0,0.3049823404541358
Server2_77,Server2_251,50.0,0.401937357526236
Server2_251,Server2_77,50.0,0.401937357526236
Server2_646,Server2_843,50.0,0.3632170871689348
Server2_843,Server2_646,50.0,0.3632170871689348
Server2_646,Server2_727,50.0,0.4007236392102465
Server2_727,Server2_646,50.0,0.4007236392102465
Server2_646,Server2_627,50.0,0.398494382057252
Server2_627,Server2_646,50.0,0.398494382057252
Server2_456,Server2_6,50.0,0.3971831416894052
Server2_6,Server2_456,50.0,0.3971831416894052
Server2_456,Server2_926,50.0,0.3122705114685988
Server2_926,Server2_456,50.0,0.3122705114685988
Server2_456,Server2_282,50.0,0.3436553737434438
Server2_282,Server2_456,50.0,0.3436553737434438
Server2_196,Server2_114,50.0,0.3320649717786222
Server2_114,Server2_196,50.0,0.3320649717786222
Server2_196,Server2_139,50.0,0.3550837864345114
Server2_139,Server2_196,50.0,0.3550837864345114
Server2_196,Server2_332,50.0,0.346627910965158
Server2_332,Server2_196,50.0,0.346627910965158
Server2_729,Server2_166,50.0,0.350994505587904
Server2_166,Server2_729,50.0,0.350994505587904
Server2_366,Server2_156,50.0,0.3103259681148176
Server2_156,Server2_366,50.0,0.3103259681148176
Server2_366,Server2_887,50.0,0.4026739661016888
Server2_887,Server2_366,50.0,0.4026739661016888
Server2_366,Server2_946,50.0,0.3517919372725995
Server2_946,Server2_366,50.0,0.3517919372725995
Server2_482,Server2_880,50.0,0.31812662843784
Server2_880,Server2_482,50.0,0.31812662843784
Server2_482,Server2_396,50.0,0.383802975020832
Server2_396,Server2_482,50.0,0.383802975020832
Server2_482,Server2_204,50.0,0.3823072087605212
Server2_204,Server2_482,50.0,0.3823072087605212
Server2_174,Server2_99,50.0,0.3010864910938984
Server2_99,Server2_174,50.0,0.3010864910938984
Server2_174,Server2_778,50.0,0.4124620329815166
Server2_778,Server2_174,50.0,0.4124620329815166
Server2_174,Server2_916,50.0,0.3206007005595744
Server2_916,Server2_174,50.0,0.3206007005595744
Server2_335,Server2_551,50.0,0.292613120231152
Server2_551,Server2_335,50.0,0.292613120231152
Server2_335,Server2_634,50.0,0.3680323098493637
Server2_634,Server2_335,50.0,0.3680323098493637
Server2_587,Server2_747,50.0,0.3714277849588904
Server2_747,Server2_587,50.0,0.3714277849588904
Server2_713,Server2_144,50.0,0.3974476991249684
Server2_144,Server2_713,50.0,0.3974476991249684
Server2_254,Server2_608,50.0,0.441286055581553
Server2_608,Server2_254,50.0,0.441286055581553
Server2_923,Server2_282,50.0,0.3047474645146964
Server2_282,Server2_923,50.0,0.3047474645146964
Server2_923,Server2_6,50.0,0.3230214277666362
Server2_6,Server2_923,50.0,0.3230214277666362
Server2_462,Server2_194,50.0,0.2988275573945694
Server2_194,Server2_462,50.0,0.2988275573945694
Server2_462,Server2_653,50.0,0.2738818709727584
Server2_653,Server2_462,50.0,0.2738818709727584
Server2_882,Server2_254,50.0,0.2763919772638048
Server2_254,Server2_882,50.0,0.2763919772638048
Server2_490,Server2_64,50.0,0.3885653694437527
Server2_64,Server2_490,50.0,0.3885653694437527
Server2_490,Server2_175,50.0,0.426076682805525
Server2_175,Server2_490,50.0,0.426076682805525
Server2_1000,Server2_405,50.0,0.2899447313459554
Server2_405,Server2_1000,50.0,0.2899447313459554
Server2_1000,Server2_606,50.0,0.3426509773183667
Server2_606,Server2_1000,50.0,0.3426509773183667
Server2_830,Server2_272,50.0,0.363150043931414
Server2_272,Server2_830,50.0,0.363150043931414
Server2_511,Server2_334,50.0,0.3623727195837806
Server2_334,Server2_511,50.0,0.3623727195837806
Server2_511,Server2_103,50.0,0.3849794167726664
Server2_103,Server2_511,50.0,0.3849794167726664
Server2_775,Server2_674,50.0,0.3902226039558067
Server2_674,Server2_775,50.0,0.3902226039558067
Server2_555,Server2_152,50.0,0.4710585094817142
Server2_152,Server2_555,50.0,0.4710585094817142
Server2_555,Server2_247,50.0,0.4124345869218632
Server2_247,Server2_555,50.0,0.4124345869218632
Server2_555,Server2_974,50.0,0.4851724726689407
Server2_974,Server2_555,50.0,0.4851724726689407
Server2_267,Server2_251,50.0,0.3595026272514758
Server2_251,Server2_267,50.0,0.3595026272514758
Server2_267,Server2_763,50.0,0.3489612979515578
Server2_763,Server2_267,50.0,0.3489612979515578
Server2_267,Server2_703,50.0,0.3072869789088818
Server2_703,Server2_267,50.0,0.3072869789088818
Server2_173,Server2_744,50.0,0.3277206516239736
Server2_744,Server2_173,50.0,0.3277206516239736
Server2_601,Server2_915,50.0,0.336080074530892
Server2_915,Server2_601,50.0,0.336080074530892
Server2_601,Server2_394,50.0,0.3326609214893214
Server2_394,Server2_601,50.0,0.3326609214893214
Server2_601,Server2_145,50.0,0.3457829434029649
Server2_145,Server2_601,50.0,0.3457829434029649
Server2_192,Server2_475,50.0,0.349505537655928
Server2_475,Server2_192,50.0,0.349505537655928
Server2_192,Server2_225,50.0,0.3624804981977786
Server2_225,Server2_192,50.0,0.3624804981977786
Server2_192,Server2_500,50.0,0.294443556388254
Server2_500,Server2_192,50.0,0.294443556388254
Server2_632,Server2_483,50.0,0.359968411590982
Server2_483,Server2_632,50.0,0.359968411590982
Server2_632,Server2_515,50.0,0.3765901129200183
Server2_515,Server2_632,50.0,0.3765901129200183
Server2_632,Server2_476,50.0,0.358720495443409
Server2_476,Server2_632,50.0,0.358720495443409
Server2_643,Server2_51,50.0,0.5739226685602028
Server2_51,Server2_643,50.0,0.5739226685602028
Server2_645,Server2_614,50.0,0.3348983952321396
Server2_614,Server2_645,50.0,0.3348983952321396
Server2_645,Server2_693,50.0,0.2964965927395468
Server2_693,Server2_645,50.0,0.2964965927395468
Server2_649,Server2_865,50.0,0.37865632321234
Server2_865,Server2_649,50.0,0.37865632321234
Server2_649,Server2_807,50.0,0.3769610958895066
Server2_807,Server2_649,50.0,0.3769610958895066
Server2_207,Server2_207,50.0,0.3254979460081912
Server2_207,Server2_787,50.0,0.5637806658742147
Server2_787,Server2_207,50.0,0.5637806658742147
Server2_207,Server2_70,50.0,0.4104388831310678
Server2_70,Server2_207,50.0,0.4104388831310678
Server2_887,Server2_188,50.0,0.4142042043723785
Server2_188,Server2_887,50.0,0.4142042043723785
Server2_887,Server2_785,50.0,0.3997304279683262
Server2_785,Server2_887,50.0,0.3997304279683262
Server2_106,Server2_280,50.0,0.3768497734446316
Server2_280,Server2_106,50.0,0.3768497734446316
Server2_929,Server2_18,50.0,0.4056035639971564
Server2_18,Server2_929,50.0,0.4056035639971564
Server2_929,Server2_228,50.0,0.3144123442520312
Server2_228,Server2_929,50.0,0.3144123442520312
Server2_10,Server2_30,50.0,0.3205851722159548
Server2_30,Server2_10,50.0,0.3205851722159548
Server2_10,Server2_564,50.0,0.3441314919223672
Server2_564,Server2_10,50.0,0.3441314919223672
Server2_50,Server2_853,50.0,0.3840052872757536
Server2_853,Server2_50,50.0,0.3840052872757536
Server2_50,Server2_335,50.0,0.3274767160265412
Server2_335,Server2_50,50.0,0.3274767160265412
Server2_50,Server2_814,50.0,0.2935971661705154
Server2_814,Server2_50,50.0,0.2935971661705154
Server2_370,Server2_281,50.0,0.5863506940262251
Server2_281,Server2_370,50.0,0.5863506940262251
Server2_55,Server2_855,50.0,0.4345648584206718
Server2_855,Server2_55,50.0,0.4345648584206718
Server2_404,Server2_581,50.0,0.3612154947382044
Server2_581,Server2_404,50.0,0.3612154947382044
Server2_426,Server2_726,50.0,0.4053040049580416
Server2_726,Server2_426,50.0,0.4053040049580416
Server2_426,Server2_489,50.0,0.5373921712900142
Server2_489,Server2_426,50.0,0.5373921712900142
Server2_972,Server2_279,50.0,0.2797227415901334
Server2_279,Server2_972,50.0,0.2797227415901334
Server2_823,Server2_52,50.0,0.399822106505415
Server2_52,Server2_823,50.0,0.399822106505415
Server2_823,Server2_423,50.0,0.3467035728995276
Server2_423,Server2_823,50.0,0.3467035728995276
Server2_823,Server2_224,50.0,0.4063875532676541
Server2_224,Server2_823,50.0,0.4063875532676541
Server2_41,Server2_645,50.0,0.390609272809815
Server2_645,Server2_41,50.0,0.390609272809815
Server2_41,Server2_601,50.0,0.3018835354576666
Server2_601,Server2_41,50.0,0.3018835354576666
Server2_41,Server2_564,50.0,0.3759131962152278
Server2_564,Server2_41,50.0,0.3759131962152278
Server2_354,Server2_447,50.0,0.3494627509688116
Server2_447,Server2_354,50.0,0.3494627509688116
Server2_756,Server2_869,50.0,0.4205622890070884
Server2_869,Server2_756,50.0,0.4205622890070884
Server2_756,Server2_488,50.0,0.4344155620113348
Server2_488,Server2_756,50.0,0.4344155620113348
Server2_756,Server2_358,50.0,0.3536106181813364
Server2_358,Server2_756,50.0,0.3536106181813364
Server2_31,Server2_82,50.0,0.3611695225832358
Server2_82,Server2_31,50.0,0.3611695225832358
Server2_358,Server2_38,50.0,0.3873331181038096
Server2_38,Server2_358,50.0,0.3873331181038096
Server2_110,Server2_620,50.0,0.4328561026020949
Server2_620,Server2_110,50.0,0.4328561026020949
Server2_781,Server2_98,50.0,0.3888565150152694
Server2_98,Server2_781,50.0,0.3888565150152694
Server2_781,Server2_83,50.0,0.3618049097373936
Server2_83,Server2_781,50.0,0.3618049097373936
Server2_492,Server2_732,50.0,0.2643639833163796
Server2_732,Server2_492,50.0,0.2643639833163796
Server2_492,Server2_672,50.0,0.3655025259606856
Server2_672,Server2_492,50.0,0.3655025259606856
Server2_492,Server2_463,50.0,0.34470846078912
Server2_463,Server2_492,50.0,0.34470846078912
Server2_263,Server2_324,50.0,0.3569508968965956
Server2_324,Server2_263,50.0,0.3569508968965956
Server2_263,Server2_654,50.0,0.3697049408738486
Server2_654,Server2_263,50.0,0.3697049408738486
Server2_263,Server2_549,50.0,0.4030051530026428
Server2_549,Server2_263,50.0,0.4030051530026428
Server2_210,Server2_156,50.0,0.4332306928168637
Server2_156,Server2_210,50.0,0.4332306928168637
Server2_210,Server2_887,50.0,0.3024993347778427
Server2_887,Server2_210,50.0,0.3024993347778427
Server2_586,Server2_187,50.0,0.2838591601612732
Server2_187,Server2_586,50.0,0.2838591601612732
Server2_586,Server2_780,50.0,0.4121152061042606
Server2_780,Server2_586,50.0,0.4121152061042606
Server2_12,Server2_463,50.0,0.4023812142925392
Server2_463,Server2_12,50.0,0.4023812142925392
Server2_12,Server2_672,50.0,0.4183620556003626
Server2_672,Server2_12,50.0,0.4183620556003626
Server2_378,Server2_982,50.0,0.3458063132073102
Server2_982,Server2_378,50.0,0.3458063132073102
Server2_672,Server2_67,50.0,0.395930910681079
Server2_67,Server2_672,50.0,0.395930910681079
Server2_672,Server2_582,50.0,0.294268677711593
Server2_582,Server2_672,50.0,0.294268677711593
Server2_631,Server2_224,50.0,0.3668223220576492
Server2_224,Server2_631,50.0,0.3668223220576492
Server2_631,Server2_2,50.0,0.3888320769155699
Server2_2,Server2_631,50.0,0.3888320769155699
Server2_461,Server2_746,50.0,0.3916840415710574
Server2_746,Server2_461,50.0,0.3916840415710574
Server2_461,Server2_596,50.0,0.2711801247352882
Server2_596,Server2_461,50.0,0.2711801247352882
Server2_364,Server2_292,50.0,0.4376118131276371
Server2_292,Server2_364,50.0,0.4376118131276371
Server2_364,Server2_441,50.0,0.3048826937980044
Server2_441,Server2_364,50.0,0.3048826937980044
Server2_62,Server2_572,50.0,0.4432070211311012
Server2_572,Server2_62,50.0,0.4432070211311012
Server2_62,Server2_136,50.0,0.2887882423761035
Server2_136,Server2_62,50.0,0.2887882423761035
Server2_62,Server2_112,50.0,0.400120763327058
Server2_112,Server2_62,50.0,0.400120763327058
Server2_610,Server2_63,50.0,0.2852656402567392
Server2_63,Server2_610,50.0,0.2852656402567392
Server2_705,Server2_349,50.0,0.3982078665191884
Server2_349,Server2_705,50.0,0.3982078665191884
Server2_705,Server2_364,50.0,0.3171006840845242
Server2_364,Server2_705,50.0,0.3171006840845242
Server2_705,Server2_835,50.0,0.2917452039417832
Server2_835,Server2_705,50.0,0.2917452039417832
Server2_418,Server2_961,50.0,0.4007469145714066
Server2_961,Server2_418,50.0,0.4007469145714066
Server2_418,Server2_473,50.0,0.4349144931780844
Server2_473,Server2_418,50.0,0.4349144931780844
Server2_418,Server2_361,50.0,0.3659727726936904
Server2_361,Server2_418,50.0,0.3659727726936904
Server2_754,Server2_969,50.0,0.6208961281633814
Server2_969,Server2_754,50.0,0.6208961281633814
Server2_754,Server2_409,50.0,0.3902675887797496
Server2_409,Server2_754,50.0,0.3902675887797496
Server2_543,Server2_849,50.0,0.3636859306740026
Server2_849,Server2_543,50.0,0.3636859306740026
Server2_941,Server2_422,50.0,0.3917922860676342
Server2_422,Server2_941,50.0,0.3917922860676342
Server2_941,Server2_211,50.0,0.3035909985505446
Server2_211,Server2_941,50.0,0.3035909985505446
Server2_669,Server2_160,50.0,0.279476682563974
Server2_160,Server2_669,50.0,0.279476682563974
Server2_669,Server2_805,50.0,0.3369665899031765
Server2_805,Server2_669,50.0,0.3369665899031765
Server2_72,Server2_388,50.0,0.2896793063292498
Server2_388,Server2_72,50.0,0.2896793063292498
Server2_72,Server2_303,50.0,0.3240128362754286
Server2_303,Server2_72,50.0,0.3240128362754286
Server2_72,Server2_804,50.0,0.3405092375531547
Server2_804,Server2_72,50.0,0.3405092375531547
Server2_202,Server2_288,50.0,0.4551549761005233
Server2_288,Server2_202,50.0,0.4551549761005233
Server2_382,Server2_120,50.0,0.3135100185307548
Server2_120,Server2_382,50.0,0.3135100185307548
Server2_989,Server2_872,50.0,0.3263377304942372
Server2_872,Server2_989,50.0,0.3263377304942372
Server2_989,Server2_414,50.0,0.3848194025580774
Server2_414,Server2_989,50.0,0.3848194025580774
Server2_989,Server2_38,50.0,0.3449833414851025
Server2_38,Server2_989,50.0,0.3449833414851025
Server2_39,Server2_741,50.0,0.2821858967048987
Server2_741,Server2_39,50.0,0.2821858967048987
Server2_39,Server2_805,50.0,0.370560977166573
Server2_805,Server2_39,50.0,0.370560977166573
Server2_39,Server2_834,50.0,0.3765019173675337
Server2_834,Server2_39,50.0,0.3765019173675337
Server2_720,Server2_451,50.0,0.2717848276679689
Server2_451,Server2_720,50.0,0.2717848276679689
Server2_720,Server2_395,50.0,0.281215491876317
Server2_395,Server2_720,50.0,0.281215491876317
Server2_720,Server2_652,50.0,0.3481750782397547
Server2_652,Server2_720,50.0,0.3481750782397547
Server2_259,Server2_928,50.0,0.3292170892220576
Server2_928,Server2_259,50.0,0.3292170892220576
Server2_259,Server2_918,50.0,0.4218078185380588
Server2_918,Server2_259,50.0,0.4218078185380588
Server2_259,Server2_780,50.0,0.4039447401600948
Server2_780,Server2_259,50.0,0.4039447401600948
Server2_578,Server2_606,50.0,0.409424804046292
Server2_606,Server2_578,50.0,0.409424804046292
Server2_578,Server2_449,50.0,0.3500080198520314
Server2_449,Server2_578,50.0,0.3500080198520314
Server2_578,Server2_909,50.0,0.4555060702837322
Server2_909,Server2_578,50.0,0.4555060702837322
Server2_157,Server2_32,50.0,0.3210728398543396
Server2_32,Server2_157,50.0,0.3210728398543396
Server2_413,Server2_470,50.0,0.2945908416328888
Server2_470,Server2_413,50.0,0.2945908416328888
Server2_413,Server2_299,50.0,0.3868553561826142
Server2_299,Server2_413,50.0,0.3868553561826142
Server2_413,Server2_821,50.0,0.2802094729765811
Server2_821,Server2_413,50.0,0.2802094729765811
Server2_890,Server2_635,50.0,0.4169223959008608
Server2_635,Server2_890,50.0,0.4169223959008608
Server2_70,Server2_542,50.0,0.5255096662185027
Server2_542,Server2_70,50.0,0.5255096662185027
Server2_304,Server2_228,50.0,0.3867740569216337
Server2_228,Server2_304,50.0,0.3867740569216337
Server2_483,Server2_131,50.0,0.3369353814470264
Server2_131,Server2_483,50.0,0.3369353814470264
Server2_483,Server2_324,50.0,0.3793476565736522
Server2_324,Server2_483,50.0,0.3793476565736522
Server2_483,Server2_476,50.0,0.3326270461987006
Server2_476,Server2_483,50.0,0.3326270461987006
Server2_440,Server2_283,50.0,0.390870109162809
Server2_283,Server2_440,50.0,0.390870109162809
Server2_440,Server2_389,50.0,0.3676107793280932
Server2_389,Server2_440,50.0,0.3676107793280932
Server2_440,Server2_238,50.0,0.3346248947521254
Server2_238,Server2_440,50.0,0.3346248947521254
Server2_268,Server2_489,50.0,0.4051172468590733
Server2_489,Server2_268,50.0,0.4051172468590733
Server2_191,Server2_733,50.0,0.3241734799053291
Server2_733,Server2_191,50.0,0.3241734799053291
Server2_614,Server2_319,50.0,0.2813809796665174
Server2_319,Server2_614,50.0,0.2813809796665174
Server2_614,Server2_693,50.0,0.3851008937893592
Server2_693,Server2_614,50.0,0.3851008937893592
Server2_614,Server2_499,50.0,0.356955557864137
Server2_499,Server2_614,50.0,0.356955557864137
Server2_443,Server2_332,50.0,0.4803732474549894
Server2_332,Server2_443,50.0,0.4803732474549894
Server2_943,Server2_890,50.0,0.3716094068806462
Server2_890,Server2_943,50.0,0.3716094068806462
Server2_943,Server2_635,50.0,0.3469329270561678
Server2_635,Server2_943,50.0,0.3469329270561678
Server2_814,Server2_201,50.0,0.3746991092831032
Server2_201,Server2_814,50.0,0.3746991092831032
Server2_814,Server2_634,50.0,0.3785945356703248
Server2_634,Server2_814,50.0,0.3785945356703248
Server2_66,Server2_220,50.0,0.4086743235856677
Server2_220,Server2_66,50.0,0.4086743235856677
Server2_301,Server2_488,50.0,0.2895109404160243
Server2_488,Server2_301,50.0,0.2895109404160243
Server2_494,Server2_468,50.0,0.5810541300890566
Server2_468,Server2_494,50.0,0.5810541300890566
Server2_99,Server2_420,50.0,0.4282745700774658
Server2_420,Server2_99,50.0,0.4282745700774658
Server2_538,Server2_388,50.0,0.2868539366091662
Server2_388,Server2_538,50.0,0.2868539366091662
Server2_538,Server2_26,50.0,0.4461029231941118
Server2_26,Server2_538,50.0,0.4461029231941118
Server2_538,Server2_72,50.0,0.4021499571747046
Server2_72,Server2_538,50.0,0.4021499571747046
Server2_325,Server2_803,50.0,0.4664597733087474
Server2_803,Server2_325,50.0,0.4664597733087474
Server2_325,Server2_795,50.0,0.3335379327120256
Server2_795,Server2_325,50.0,0.3335379327120256
Server2_402,Server2_403,50.0,0.2823285827194157
Server2_403,Server2_402,50.0,0.2823285827194157
Server2_402,Server2_122,50.0,0.349206563412029
Server2_122,Server2_402,50.0,0.349206563412029
Server2_402,Server2_748,50.0,0.3850975284411166
Server2_748,Server2_402,50.0,0.3850975284411166
Server2_981,Server2_122,50.0,0.3603918231919668
Server2_122,Server2_981,50.0,0.3603918231919668
Server2_927,Server2_90,50.0,0.433441038011364
Server2_90,Server2_927,50.0,0.433441038011364
Server2_927,Server2_827,50.0,0.4648472584106232
Server2_827,Server2_927,50.0,0.4648472584106232
Server2_927,Server2_454,50.0,0.4753484030532708
Server2_454,Server2_927,50.0,0.4753484030532708
Server2_808,Server2_623,50.0,0.3375176648138886
Server2_623,Server2_808,50.0,0.3375176648138886
Server2_808,Server2_55,50.0,0.4224381852384547
Server2_55,Server2_808,50.0,0.4224381852384547
Server2_808,Server2_182,50.0,0.4393284587688568
Server2_182,Server2_808,50.0,0.4393284587688568
Server2_433,Server2_942,50.0,0.4483035618509842
Server2_942,Server2_433,50.0,0.4483035618509842
Server2_15,Server2_126,50.0,0.3817129876897526
Server2_126,Server2_15,50.0,0.3817129876897526
Server2_95,Server2_217,50.0,0.3879490776041609
Server2_217,Server2_95,50.0,0.3879490776041609
Server2_95,Server2_84,50.0,0.313904498200465
Server2_84,Server2_95,50.0,0.313904498200465
Server2_95,Server2_877,50.0,0.3774920347167628
Server2_877,Server2_95,50.0,0.3774920347167628
Server2_579,Server2_165,50.0,0.312798227526262
Server2_165,Server2_579,50.0,0.312798227526262
Server2_579,Server2_318,50.0,0.2980985211252961
Server2_318,Server2_579,50.0,0.2980985211252961
Server2_811,Server2_200,50.0,0.4181000765758546
Server2_200,Server2_811,50.0,0.4181000765758546
Server2_811,Server2_742,50.0,0.4681296139208571
Server2_742,Server2_811,50.0,0.4681296139208571
Server2_187,Server2_124,50.0,0.2994215979547427
Server2_124,Server2_187,50.0,0.2994215979547427
Server2_187,Server2_847,50.0,0.4135145215828792
Server2_847,Server2_187,50.0,0.4135145215828792
Server2_751,Server2_86,50.0,0.3996058223937346
Server2_86,Server2_751,50.0,0.3996058223937346
Server2_966,Server2_612,50.0,0.4718130002211748
Server2_612,Server2_966,50.0,0.4718130002211748
Server2_384,Server2_109,50.0,0.4058646259731411
Server2_109,Server2_384,50.0,0.4058646259731411
Server2_384,Server2_399,50.0,0.299059402756874
Server2_399,Server2_384,50.0,0.299059402756874
Server2_765,Server2_297,50.0,0.397620018284445
Server2_297,Server2_765,50.0,0.397620018284445
Server2_765,Server2_183,50.0,0.4089932184510074
Server2_183,Server2_765,50.0,0.4089932184510074
Server2_765,Server2_85,50.0,0.3077290927847422
Server2_85,Server2_765,50.0,0.3077290927847422
Server2_797,Server2_124,50.0,0.3747238249580055
Server2_124,Server2_797,50.0,0.3747238249580055
Server2_630,Server2_471,50.0,0.398503625713477
Server2_471,Server2_630,50.0,0.398503625713477
Server2_118,Server2_905,50.0,0.3626593799293391
Server2_905,Server2_118,50.0,0.3626593799293391
Server2_118,Server2_524,50.0,0.3387654950773786
Server2_524,Server2_118,50.0,0.3387654950773786
Server2_545,Server2_17,50.0,0.3385203845282672
Server2_17,Server2_545,50.0,0.3385203845282672
Server2_545,Server2_675,50.0,0.3858902010227266
Server2_675,Server2_545,50.0,0.3858902010227266
Server2_545,Server2_678,50.0,0.3802501248684329
Server2_678,Server2_545,50.0,0.3802501248684329
Server2_454,Server2_910,50.0,0.2931845176506628
Server2_910,Server2_454,50.0,0.2931845176506628
Server2_454,Server2_173,50.0,0.3950250930231013
Server2_173,Server2_454,50.0,0.3950250930231013
Server2_454,Server2_886,50.0,0.3112324365581534
Server2_886,Server2_454,50.0,0.3112324365581534
Server2_132,Server2_533,50.0,0.3360358688325626
Server2_533,Server2_132,50.0,0.3360358688325626
Server2_132,Server2_279,50.0,0.3383526017777388
Server2_279,Server2_132,50.0,0.3383526017777388
Server2_132,Server2_893,50.0,0.5578462059943674
Server2_893,Server2_132,50.0,0.5578462059943674
Server2_381,Server2_704,50.0,0.3888146340146697
Server2_704,Server2_381,50.0,0.3888146340146697
Server2_521,Server2_383,50.0,0.3687156554424806
Server2_383,Server2_521,50.0,0.3687156554424806
Server2_521,Server2_689,50.0,0.3800385998982408
Server2_689,Server2_521,50.0,0.3800385998982408
Server2_652,Server2_340,50.0,0.3085981487820089
Server2_340,Server2_652,50.0,0.3085981487820089
Server2_652,Server2_451,50.0,0.3038884028660047
Server2_451,Server2_652,50.0,0.3038884028660047
Server2_652,Server2_35,50.0,0.3808572117228702
Server2_35,Server2_652,50.0,0.3808572117228702
Server2_932,Server2_280,50.0,0.3080362367049664
Server2_280,Server2_932,50.0,0.3080362367049664
Server2_932,Server2_54,50.0,0.3764553563442712
Server2_54,Server2_932,50.0,0.3764553563442712
Server2_932,Server2_773,50.0,0.3899313584550517
Server2_773,Server2_932,50.0,0.3899313584550517
Server2_998,Server2_64,50.0,0.4254947626518754
Server2_64,Server2_998,50.0,0.4254947626518754
Server2_998,Server2_452,50.0,0.342100572838806
Server2_452,Server2_998,50.0,0.342100572838806
Server2_998,Server2_873,50.0,0.3806703282779752
Server2_873,Server2_998,50.0,0.3806703282779752
Server2_435,Server2_546,50.0,0.3674035808756908
Server2_546,Server2_435,50.0,0.3674035808756908
Server2_435,Server2_714,50.0,0.3036329007276724
Server2_714,Server2_435,50.0,0.3036329007276724
Server2_435,Server2_188,50.0,0.2985225681471254
Server2_188,Server2_435,50.0,0.2985225681471254
Server2_209,Server2_558,50.0,0.376007558273871
Server2_558,Server2_209,50.0,0.376007558273871
Server2_209,Server2_845,50.0,0.3058164977914851
Server2_845,Server2_209,50.0,0.3058164977914851
Server2_23,Server2_588,50.0,0.2927700867606768
Server2_588,Server2_23,50.0,0.2927700867606768
Server2_13,Server2_366,50.0,0.3557886202509024
Server2_366,Server2_13,50.0,0.3557886202509024
Server2_872,Server2_225,50.0,0.3601038696624696
Server2_225,Server2_872,50.0,0.3601038696624696
Server2_872,Server2_191,50.0,0.3599339513796599
Server2_191,Server2_872,50.0,0.3599339513796599
Server2_178,Server2_992,50.0,0.3032762688939944
Server2_992,Server2_178,50.0,0.3032762688939944
Server2_249,Server2_902,50.0,0.3086870201568614
Server2_902,Server2_249,50.0,0.3086870201568614
Server2_249,Server2_185,50.0,0.3099252915126654
Server2_185,Server2_249,50.0,0.3099252915126654
Server2_891,Server2_139,50.0,0.339876217643135
Server2_139,Server2_891,50.0,0.339876217643135
Server2_891,Server2_196,50.0,0.3523216645748135
Server2_196,Server2_891,50.0,0.3523216645748135
Server2_467,Server2_480,50.0,0.3663544826042276
Server2_480,Server2_467,50.0,0.3663544826042276
Server2_67,Server2_922,50.0,0.365937220702431
Server2_922,Server2_67,50.0,0.365937220702431
Server2_67,Server2_749,50.0,0.425154643227939
Server2_749,Server2_67,50.0,0.425154643227939
Server2_329,Server2_697,50.0,0.4357651767494548
Server2_697,Server2_329,50.0,0.4357651767494548
Server2_329,Server2_273,50.0,0.4228454956254298
Server2_273,Server2_329,50.0,0.4228454956254298
Server2_329,Server2_760,50.0,0.3234909083084649
Server2_760,Server2_329,50.0,0.3234909083084649
Server2_310,Server2_898,50.0,0.3661184214776756
Server2_898,Server2_310,50.0,0.3661184214776756
Server2_310,Server2_935,50.0,0.4165116679663696
Server2_935,Server2_310,50.0,0.4165116679663696
Server2_116,Server2_552,50.0,0.320032244881079
Server2_552,Server2_116,50.0,0.320032244881079
Server2_94,Server2_751,50.0,0.3986108105022286
Server2_751,Server2_94,50.0,0.3986108105022286
Server2_799,Server2_480,50.0,0.393223878207986
Server2_480,Server2_799,50.0,0.393223878207986
Server2_303,Server2_116,50.0,0.3747012325245682
Server2_116,Server2_303,50.0,0.3747012325245682
Server2_303,Server2_538,50.0,0.3251969683735802
Server2_538,Server2_303,50.0,0.3251969683735802
Server2_346,Server2_501,50.0,0.3914254915157468
Server2_501,Server2_346,50.0,0.3914254915157468
Server2_346,Server2_57,50.0,0.296267191231732
Server2_57,Server2_346,50.0,0.296267191231732
Server2_812,Server2_697,50.0,0.5024022217274073
Server2_697,Server2_812,50.0,0.5024022217274073
Server2_275,Server2_519,50.0,0.3398988332665839
Server2_519,Server2_275,50.0,0.3398988332665839
Server2_275,Server2_648,50.0,0.4050712935630026
Server2_648,Server2_275,50.0,0.4050712935630026
Server2_275,Server2_879,50.0,0.3585042240555138
Server2_879,Server2_275,50.0,0.3585042240555138
Server2_341,Server2_962,50.0,0.4045077180122902
Server2_962,Server2_341,50.0,0.4045077180122902
Server2_341,Server2_96,50.0,0.3377198299338378
Server2_96,Server2_341,50.0,0.3377198299338378
Server2_93,Server2_449,50.0,0.3124817421646555
Server2_449,Server2_93,50.0,0.3124817421646555
Server2_93,Server2_405,50.0,0.3573731367953779
Server2_405,Server2_93,50.0,0.3573731367953779
Server2_93,Server2_606,50.0,0.3739911621523212
Server2_606,Server2_93,50.0,0.3739911621523212
Server2_115,Server2_158,50.0,0.3607224367231238
Server2_158,Server2_115,50.0,0.3607224367231238
Server2_115,Server2_108,50.0,0.3758763747359986
Server2_108,Server2_115,50.0,0.3758763747359986
Server2_115,Server2_630,50.0,0.4054206609340232
Server2_630,Server2_115,50.0,0.4054206609340232
Server2_166,Server2_594,50.0,0.3025541364770672
Server2_594,Server2_166,50.0,0.3025541364770672
Server2_166,Server2_270,50.0,0.4006085091633797
Server2_270,Server2_166,50.0,0.4006085091633797
Server2_166,Server2_845,50.0,0.3899264830884427
Server2_845,Server2_166,50.0,0.3899264830884427
Server2_206,Server2_941,50.0,0.3238689061849051
Server2_941,Server2_206,50.0,0.3238689061849051
Server2_206,Server2_496,50.0,0.330962942882282
Server2_496,Server2_206,50.0,0.330962942882282
Server2_377,Server2_892,50.0,0.2863692953129255
Server2_892,Server2_377,50.0,0.2863692953129255
Server2_287,Server2_984,50.0,0.2930172944937346
Server2_984,Server2_287,50.0,0.2930172944937346
Server2_290,Server2_448,50.0,0.3415511571332114
Server2_448,Server2_290,50.0,0.3415511571332114
Server2_526,Server2_771,50.0,0.40093774289799
Server2_771,Server2_526,50.0,0.40093774289799
Server2_990,Server2_73,50.0,0.3702739656344556
Server2_73,Server2_990,50.0,0.3702739656344556
Server2_990,Server2_608,50.0,0.4740370873118714
Server2_608,Server2_990,50.0,0.4740370873118714
Server2_990,Server2_882,50.0,0.3688101134356516
Server2_882,Server2_990,50.0,0.3688101134356516
Server2_506,Server2_923,50.0,0.3055472721505922
Server2_923,Server2_506,50.0,0.3055472721505922
Server2_506,Server2_429,50.0,0.3338240139074682
Server2_429,Server2_506,50.0,0.3338240139074682
Server2_136,Server2_756,50.0,0.3940750546003566
Server2_756,Server2_136,50.0,0.3940750546003566
Server2_136,Server2_29,50.0,0.4258557554398126
Server2_29,Server2_136,50.0,0.4258557554398126
Server2_768,Server2_392,50.0,0.3690264466392218
Server2_392,Server2_768,50.0,0.3690264466392218
Server2_768,Server2_47,50.0,0.3980178366643324
Server2_47,Server2_768,50.0,0.3980178366643324
Server2_768,Server2_119,50.0,0.3697043707528546
Server2_119,Server2_768,50.0,0.3697043707528546
Server2_918,Server2_586,50.0,0.4067635878003064
Server2_586,Server2_918,50.0,0.4067635878003064
Server2_918,Server2_975,50.0,0.3654837062243582
Server2_975,Server2_918,50.0,0.3654837062243582
Server2_559,Server2_935,50.0,0.3653799135051462
Server2_935,Server2_559,50.0,0.3653799135051462
Server2_559,Server2_678,50.0,0.4037456136489322
Server2_678,Server2_559,50.0,0.4037456136489322
Server2_955,Server2_617,50.0,0.4272007166881912
Server2_617,Server2_955,50.0,0.4272007166881912
Server2_955,Server2_81,50.0,0.364265665208218
Server2_81,Server2_955,50.0,0.364265665208218
Server2_484,Server2_44,50.0,0.3210951686177712
Server2_44,Server2_484,50.0,0.3210951686177712
Server2_922,Server2_463,50.0,0.3400891164915052
Server2_463,Server2_922,50.0,0.3400891164915052
Server2_922,Server2_888,50.0,0.3870207044153708
Server2_888,Server2_922,50.0,0.3870207044153708
Server2_922,Server2_617,50.0,0.3047817934132448
Server2_617,Server2_922,50.0,0.3047817934132448
Server2_595,Server2_953,50.0,0.5288313734765898
Server2_953,Server2_595,50.0,0.5288313734765898
Server2_595,Server2_136,50.0,0.5238151326670909
Server2_136,Server2_595,50.0,0.5238151326670909
Server2_595,Server2_293,50.0,0.4230822925281522
Server2_293,Server2_595,50.0,0.4230822925281522
Server2_22,Server2_304,50.0,0.4707091630896129
Server2_304,Server2_22,50.0,0.4707091630896129
Server2_33,Server2_474,50.0,0.3041902302419654
Server2_474,Server2_33,50.0,0.3041902302419654
Server2_33,Server2_438,50.0,0.2871545686556552
Server2_438,Server2_33,50.0,0.2871545686556552
Server2_156,Server2_887,50.0,0.2828282623791417
Server2_887,Server2_156,50.0,0.2828282623791417
Server2_156,Server2_267,50.0,0.3959374981079134
Server2_267,Server2_156,50.0,0.3959374981079134
Server2_925,Server2_169,50.0,0.322868271882331
Server2_169,Server2_925,50.0,0.322868271882331
Server2_925,Server2_724,50.0,0.3484975003546338
Server2_724,Server2_925,50.0,0.3484975003546338
Server2_389,Server2_238,50.0,0.3750500531725043
Server2_238,Server2_389,50.0,0.3750500531725043
Server2_389,Server2_768,50.0,0.4089511322135821
Server2_768,Server2_389,50.0,0.4089511322135821
Server2_664,Server2_644,50.0,0.2944245685722184
Server2_644,Server2_664,50.0,0.2944245685722184
Server2_664,Server2_54,50.0,0.4331087680394222
Server2_54,Server2_664,50.0,0.4331087680394222
Server2_107,Server2_729,50.0,0.3461419552374879
Server2_729,Server2_107,50.0,0.3461419552374879
Server2_107,Server2_166,50.0,0.3358580182323947
Server2_166,Server2_107,50.0,0.3358580182323947
Server2_504,Server2_883,50.0,0.4407869001169476
Server2_883,Server2_504,50.0,0.4407869001169476
Server2_504,Server2_819,50.0,0.2939063073789371
Server2_819,Server2_504,50.0,0.2939063073789371
Server2_721,Server2_204,50.0,0.2935090516892392
Server2_204,Server2_721,50.0,0.2935090516892392
Server2_721,Server2_738,50.0,0.3038062557991318
Server2_738,Server2_721,50.0,0.3038062557991318
Server2_240,Server2_360,50.0,0.6030041915048826
Server2_360,Server2_240,50.0,0.6030041915048826
Server2_240,Server2_742,50.0,0.4641693025213063
Server2_742,Server2_240,50.0,0.4641693025213063
Server2_240,Server2_171,50.0,1.047957162531664
Server2_171,Server2_240,50.0,1.047957162531664
Server2_297,Server2_638,50.0,0.3305405292311338
Server2_638,Server2_297,50.0,0.3305405292311338
Server2_297,Server2_718,50.0,0.3554541102478601
Server2_718,Server2_297,50.0,0.3554541102478601
Server2_297,Server2_223,50.0,0.4027953553365994
Server2_223,Server2_297,50.0,0.4027953553365994
Server2_241,Server2_225,50.0,0.2798158646836829
Server2_225,Server2_241,50.0,0.2798158646836829
Server2_241,Server2_340,50.0,0.3461615887520848
Server2_340,Server2_241,50.0,0.3461615887520848
Server2_429,Server2_905,50.0,0.3032115328965478
Server2_905,Server2_429,50.0,0.3032115328965478
Server2_429,Server2_338,50.0,0.3470130399831361
Server2_338,Server2_429,50.0,0.3470130399831361
Server2_564,Server2_614,50.0,0.3248903382282654
Server2_614,Server2_564,50.0,0.3248903382282654
Server2_564,Server2_841,50.0,0.4090408851100082
Server2_841,Server2_564,50.0,0.4090408851100082
Server2_379,Server2_536,50.0,0.5108370173206332
Server2_536,Server2_379,50.0,0.5108370173206332
Server2_813,Server2_207,50.0,0.3657548964716313
Server2_207,Server2_813,50.0,0.3657548964716313
Server2_813,Server2_70,50.0,0.4399071057039916
Server2_70,Server2_813,50.0,0.4399071057039916
Server2_898,Server2_20,50.0,0.342430016856516
Server2_20,Server2_898,50.0,0.342430016856516
Server2_119,Server2_42,50.0,0.35081744918084
Server2_42,Server2_119,50.0,0.35081744918084
Server2_851,Server2_164,50.0,0.3034373927604536
Server2_164,Server2_851,50.0,0.3034373927604536
Server2_851,Server2_636,50.0,0.3117377350267206
Server2_636,Server2_851,50.0,0.3117377350267206
Server2_851,Server2_402,50.0,0.3561708698954892
Server2_402,Server2_851,50.0,0.3561708698954892
Server2_195,Server2_50,50.0,0.4209374620921172
Server2_50,Server2_195,50.0,0.4209374620921172
Server2_195,Server2_601,50.0,0.2953408208771432
Server2_601,Server2_195,50.0,0.2953408208771432
Server2_195,Server2_510,50.0,0.3285500004302418
Server2_510,Server2_195,50.0,0.3285500004302418
Server2_874,Server2_611,50.0,0.3695789324509036
Server2_611,Server2_874,50.0,0.3695789324509036
Server2_78,Server2_6,50.0,0.353977270221476
Server2_6,Server2_78,50.0,0.353977270221476
Server2_78,Server2_381,50.0,0.353446455151297
Server2_381,Server2_78,50.0,0.353446455151297
Server2_65,Server2_452,50.0,0.3830641356940868
Server2_452,Server2_65,50.0,0.3830641356940868
Server2_724,Server2_386,50.0,0.331229198001135
Server2_386,Server2_724,50.0,0.331229198001135
Server2_724,Server2_770,50.0,0.2898904543515164
Server2_770,Server2_724,50.0,0.2898904543515164
Server2_724,Server2_134,50.0,0.380556700771396
Server2_134,Server2_724,50.0,0.380556700771396
Server2_665,Server2_796,50.0,0.367947597968174
Server2_796,Server2_665,50.0,0.367947597968174
Server2_674,Server2_390,50.0,0.4211536248340018
Server2_390,Server2_674,50.0,0.4211536248340018
Server2_674,Server2_842,50.0,0.3952543412821229
Server2_842,Server2_674,50.0,0.3952543412821229
Server2_18,Server2_224,50.0,0.3522881259929108
Server2_224,Server2_18,50.0,0.3522881259929108
Server2_18,Server2_228,50.0,0.374875020342114
Server2_228,Server2_18,50.0,0.374875020342114
Server2_334,Server2_917,50.0,0.2845355063067351
Server2_917,Server2_334,50.0,0.2845355063067351
Server2_334,Server2_661,50.0,0.2853129719264881
Server2_661,Server2_334,50.0,0.2853129719264881
Server2_334,Server2_609,50.0,0.3227082072714148
Server2_609,Server2_334,50.0,0.3227082072714148
Server2_121,Server2_113,50.0,0.3933506199693006
Server2_113,Server2_121,50.0,0.3933506199693006
Server2_121,Server2_521,50.0,0.4468565154101676
Server2_521,Server2_121,50.0,0.4468565154101676
Server2_121,Server2_447,50.0,0.3913847519819238
Server2_447,Server2_121,50.0,0.3913847519819238
Server2_727,Server2_42,50.0,0.2911304335418736
Server2_42,Server2_727,50.0,0.2911304335418736
Server2_727,Server2_577,50.0,0.3377924609556134
Server2_577,Server2_727,50.0,0.3377924609556134
Server2_727,Server2_117,50.0,0.4242083770861562
Server2_117,Server2_727,50.0,0.4242083770861562
Server2_160,Server2_865,50.0,0.3431455110534482
Server2_865,Server2_160,50.0,0.3431455110534482
Server2_160,Server2_141,50.0,0.3226438706907046
Server2_141,Server2_160,50.0,0.3226438706907046
Server2_575,Server2_566,50.0,0.3403274440438923
Server2_566,Server2_575,50.0,0.3403274440438923
Server2_575,Server2_332,50.0,0.3910968225256408
Server2_332,Server2_575,50.0,0.3910968225256408
Server2_575,Server2_139,50.0,0.3147657396855668
Server2_139,Server2_575,50.0,0.3147657396855668
Server2_760,Server2_155,50.0,0.3671914357874316
Server2_155,Server2_760,50.0,0.3671914357874316
Server2_760,Server2_937,50.0,0.2990771828540093
Server2_937,Server2_760,50.0,0.2990771828540093
Server2_557,Server2_952,50.0,0.4486073702182338
Server2_952,Server2_557,50.0,0.4486073702182338
Server2_557,Server2_777,50.0,0.3982381972910515
Server2_777,Server2_557,50.0,0.3982381972910515
Server2_779,Server2_190,50.0,0.2970443863611306
Server2_190,Server2_779,50.0,0.2970443863611306
Server2_795,Server2_81,50.0,0.3233922173383311
Server2_81,Server2_795,50.0,0.3233922173383311
Server2_795,Server2_803,50.0,0.451553682719176
Server2_803,Server2_795,50.0,0.451553682719176
Server2_123,Server2_672,50.0,0.4745691101071245
Server2_672,Server2_123,50.0,0.4745691101071245
Server2_123,Server2_922,50.0,0.324791669364291
Server2_922,Server2_123,50.0,0.324791669364291
Server2_123,Server2_888,50.0,0.3250902840095412
Server2_888,Server2_123,50.0,0.3250902840095412
Server2_818,Server2_232,50.0,0.3560506129210564
Server2_232,Server2_818,50.0,0.3560506129210564
Server2_818,Server2_624,50.0,0.3999559751998328
Server2_624,Server2_818,50.0,0.3999559751998328
Server2_818,Server2_967,50.0,0.4811536118222839
Server2_967,Server2_818,50.0,0.4811536118222839
Server2_832,Server2_137,50.0,0.3537519087082659
Server2_137,Server2_832,50.0,0.3537519087082659
Server2_832,Server2_396,50.0,0.304682754872313
Server2_396,Server2_832,50.0,0.304682754872313
Server2_832,Server2_105,50.0,0.3978646559223724
Server2_105,Server2_832,50.0,0.3978646559223724
Server2_837,Server2_9,50.0,0.3889236064649987
Server2_9,Server2_837,50.0,0.3889236064649987
Server2_837,Server2_240,50.0,0.4865972784115083
Server2_240,Server2_837,50.0,0.4865972784115083
Server2_837,Server2_742,50.0,0.5063217397886363
Server2_742,Server2_837,50.0,0.5063217397886363
Server2_959,Server2_982,50.0,0.4026140525547302
Server2_982,Server2_959,50.0,0.4026140525547302
Server2_959,Server2_84,50.0,0.4152740834862601
Server2_84,Server2_959,50.0,0.4152740834862601
Server2_703,Server2_188,50.0,0.359970320383281
Server2_188,Server2_703,50.0,0.359970320383281
Server2_703,Server2_861,50.0,0.359999731487776
Server2_861,Server2_703,50.0,0.359999731487776
Server2_865,Server2_805,50.0,0.2968762301375787
Server2_805,Server2_865,50.0,0.2968762301375787
Server2_914,Server2_361,50.0,0.332380184862221
Server2_361,Server2_914,50.0,0.332380184862221
Server2_914,Server2_755,50.0,0.3250071232953956
Server2_755,Server2_914,50.0,0.3250071232953956
Server2_914,Server2_620,50.0,0.4051470191640385
Server2_620,Server2_914,50.0,0.4051470191640385
Server2_906,Server2_900,50.0,0.2948985959545758
Server2_900,Server2_906,50.0,0.2948985959545758
Server2_446,Server2_770,50.0,0.4660177231052414
Server2_770,Server2_446,50.0,0.4660177231052414
Server2_446,Server2_237,50.0,0.437206431252385
Server2_237,Server2_446,50.0,0.437206431252385
Server2_854,Server2_741,50.0,0.3798729408466498
Server2_741,Server2_854,50.0,0.3798729408466498
Server2_854,Server2_229,50.0,0.377118347606876
Server2_229,Server2_854,50.0,0.377118347606876
Server2_854,Server2_45,50.0,0.389605689064634
Server2_45,Server2_854,50.0,0.389605689064634
Server2_662,Server2_818,50.0,0.4048704279321974
Server2_818,Server2_662,50.0,0.4048704279321974
Server2_188,Server2_763,50.0,0.2813554805333708
Server2_763,Server2_188,50.0,0.2813554805333708
Server2_670,Server2_976,50.0,0.5483633189547386
Server2_976,Server2_670,50.0,0.5483633189547386
Server2_701,Server2_107,50.0,0.3368939559474316
Server2_107,Server2_701,50.0,0.3368939559474316
Server2_701,Server2_746,50.0,0.317915287654785
Server2_746,Server2_701,50.0,0.317915287654785
Server2_620,Server2_755,50.0,0.3059785353161406
Server2_755,Server2_620,50.0,0.3059785353161406
Server2_620,Server2_912,50.0,0.3841124352062333
Server2_912,Server2_620,50.0,0.3841124352062333
Server2_870,Server2_238,50.0,0.3429087570657658
Server2_238,Server2_870,50.0,0.3429087570657658
Server2_870,Server2_687,50.0,0.391323775765162
Server2_687,Server2_870,50.0,0.391323775765162
Server2_870,Server2_37,50.0,0.429721694986174
Server2_37,Server2_870,50.0,0.429721694986174
Server2_85,Server2_223,50.0,0.4081461679056048
Server2_223,Server2_85,50.0,0.4081461679056048
Server2_885,Server2_537,50.0,0.327523151036224
Server2_537,Server2_885,50.0,0.327523151036224
Server2_885,Server2_281,50.0,0.3910827050517572
Server2_281,Server2_885,50.0,0.3910827050517572
Server2_885,Server2_480,50.0,0.3842641964062028
Server2_480,Server2_885,50.0,0.3842641964062028
Server2_75,Server2_511,50.0,0.2848945890506884
Server2_511,Server2_75,50.0,0.2848945890506884
Server2_75,Server2_484,50.0,0.2751098622860376
Server2_484,Server2_75,50.0,0.2751098622860376
Server2_75,Server2_936,50.0,0.3114897736598354
Server2_936,Server2_75,50.0,0.3114897736598354
Server2_53,Server2_269,50.0,0.366930573205337
Server2_269,Server2_53,50.0,0.366930573205337
Server2_53,Server2_698,50.0,0.3006103169106469
Server2_698,Server2_53,50.0,0.3006103169106469
Server2_53,Server2_270,50.0,0.3463471182235003
Server2_270,Server2_53,50.0,0.3463471182235003
Server2_352,Server2_171,50.0,0.5014304024538845
Server2_171,Server2_352,50.0,0.5014304024538845
Server2_352,Server2_710,50.0,0.5371807333986033
Server2_710,Server2_352,50.0,0.5371807333986033
Server2_963,Server2_996,50.0,0.4362043829442772
Server2_996,Server2_963,50.0,0.4362043829442772
Server2_970,Server2_732,50.0,0.3114837395623696
Server2_732,Server2_970,50.0,0.3114837395623696
Server2_970,Server2_492,50.0,0.3356114707850134
Server2_492,Server2_970,50.0,0.3356114707850134
Server2_976,Server2_433,50.0,0.3875676809185079
Server2_433,Server2_976,50.0,0.3875676809185079
Server2_390,Server2_876,50.0,0.3542889071168077
Server2_876,Server2_390,50.0,0.3542889071168077
Server2_390,Server2_604,50.0,0.4069245596427161
Server2_604,Server2_390,50.0,0.4069245596427161
Server2_14,Server2_469,50.0,0.4288448055528641
Server2_469,Server2_14,50.0,0.4288448055528641
Server2_14,Server2_967,50.0,0.6077125710050703
Server2_967,Server2_14,50.0,0.6077125710050703
Server2_999,Server2_213,50.0,0.3855667131233708
Server2_213,Server2_999,50.0,0.3855667131233708
Server2_999,Server2_684,50.0,0.3009528981384014
Server2_684,Server2_999,50.0,0.3009528981384014
Server2_294,Server2_767,50.0,0.348596018751925
Server2_767,Server2_294,50.0,0.348596018751925
Server2_486,Server2_718,50.0,0.3046458195300436
Server2_718,Server2_486,50.0,0.3046458195300436
Server2_255,Server2_743,50.0,0.3711365230446704
Server2_743,Server2_255,50.0,0.3711365230446704
Server2_213,Server2_587,50.0,0.3869480911698626
Server2_587,Server2_213,50.0,0.3869480911698626
Server2_495,Server2_957,50.0,0.4049539656477354
Server2_957,Server2_495,50.0,0.4049539656477354
Server2_495,Server2_11,50.0,0.2948436235250344
Server2_11,Server2_495,50.0,0.2948436235250344
Server2_103,Server2_484,50.0,0.3528620652727436
Server2_484,Server2_103,50.0,0.3528620652727436
Server2_305,Server2_116,50.0,0.3663922358636978
Server2_116,Server2_305,50.0,0.3663922358636978
Server2_305,Server2_282,50.0,0.3551270470266619
Server2_282,Server2_305,50.0,0.3551270470266619
Server2_305,Server2_437,50.0,0.3532877554635546
Server2_437,Server2_305,50.0,0.3532877554635546
Server2_577,Server2_238,50.0,0.4077156596501823
Server2_238,Server2_577,50.0,0.4077156596501823
Server2_577,Server2_389,50.0,0.4142128455673739
Server2_389,Server2_577,50.0,0.4142128455673739
Server2_637,Server2_991,50.0,0.4749122680061039
Server2_991,Server2_637,50.0,0.4749122680061039
Server2_637,Server2_824,50.0,0.4942427611481719
Server2_824,Server2_637,50.0,0.4942427611481719
Server2_637,Server2_629,50.0,0.4620458871617292
Server2_629,Server2_637,50.0,0.4620458871617292
Server2_478,Server2_874,50.0,0.3182601025990424
Server2_874,Server2_478,50.0,0.3182601025990424
Server2_242,Server2_838,50.0,0.4279695957409168
Server2_838,Server2_242,50.0,0.4279695957409168
Server2_328,Server2_624,50.0,0.3406213838490267
Server2_624,Server2_328,50.0,0.3406213838490267
Server2_436,Server2_557,50.0,0.3801013472450084
Server2_557,Server2_436,50.0,0.3801013472450084
Server2_567,Server2_920,50.0,0.3847423012448312
Server2_920,Server2_567,50.0,0.3847423012448312
Server2_567,Server2_632,50.0,0.4830410241214003
Server2_632,Server2_567,50.0,0.4830410241214003
Server2_567,Server2_407,50.0,0.4317068772520695
Server2_407,Server2_567,50.0,0.4317068772520695
Server2_912,Server2_418,50.0,0.433476084422484
Server2_418,Server2_912,50.0,0.433476084422484
Server2_912,Server2_473,50.0,0.360760442959914
Server2_473,Server2_912,50.0,0.360760442959914
Server2_342,Server2_694,50.0,0.381528601339376
Server2_694,Server2_342,50.0,0.381528601339376
Server2_342,Server2_855,50.0,0.2953931468332232
Server2_855,Server2_342,50.0,0.2953931468332232
Server2_342,Server2_144,50.0,0.3818390708991932
Server2_144,Server2_342,50.0,0.3818390708991932
Server2_428,Server2_878,50.0,0.3487779138798142
Server2_878,Server2_428,50.0,0.3487779138798142
Server2_428,Server2_602,50.0,0.4091605215952111
Server2_602,Server2_428,50.0,0.4091605215952111
Server2_428,Server2_745,50.0,0.3689591330215232
Server2_745,Server2_428,50.0,0.3689591330215232
Server2_945,Server2_554,50.0,0.3383344219509507
Server2_554,Server2_945,50.0,0.3383344219509507
Server2_945,Server2_395,50.0,0.4030035665954722
Server2_395,Server2_945,50.0,0.4030035665954722
Server2_395,Server2_264,50.0,0.3369256943446677
Server2_264,Server2_395,50.0,0.3369256943446677
Server2_395,Server2_599,50.0,0.3356674313217664
Server2_599,Server2_395,50.0,0.3356674313217664
Server2_17,Server2_783,50.0,0.3702882642362203
Server2_783,Server2_17,50.0,0.3702882642362203
Server2_714,Server2_188,50.0,0.300341842520778
Server2_188,Server2_714,50.0,0.300341842520778
Server2_996,Server2_162,50.0,0.5194372071944563
Server2_162,Server2_996,50.0,0.5194372071944563
Server2_996,Server2_465,50.0,0.3427675865773097
Server2_465,Server2_996,50.0,0.3427675865773097
Server2_711,Server2_860,50.0,0.4459565855951285
Server2_860,Server2_711,50.0,0.4459565855951285
Server2_711,Server2_84,50.0,0.4861087987317274
Server2_84,Server2_711,50.0,0.4861087987317274
Server2_829,Server2_685,50.0,0.791975069000703
Server2_685,Server2_829,50.0,0.791975069000703
Server2_829,Server2_352,50.0,0.4642499950829729
Server2_352,Server2_829,50.0,0.4642499950829729
Server2_224,Server2_2,50.0,0.3526089364983734
Server2_2,Server2_224,50.0,0.3526089364983734
Server2_224,Server2_202,50.0,0.3765740486107964
Server2_202,Server2_224,50.0,0.3765740486107964
Server2_767,Server2_883,50.0,0.2849375266936948
Server2_883,Server2_767,50.0,0.2849375266936948
Server2_767,Server2_392,50.0,0.2749758701921726
Server2_392,Server2_767,50.0,0.2749758701921726
Server2_558,Server2_461,50.0,0.3709075971878381
Server2_461,Server2_558,50.0,0.3709075971878381
Server2_135,Server2_25,50.0,0.427069551487943
Server2_25,Server2_135,50.0,0.427069551487943
Server2_135,Server2_126,50.0,0.3564993168713763
Server2_126,Server2_135,50.0,0.3564993168713763
Server2_135,Server2_854,50.0,0.411394410466419
Server2_854,Server2_135,50.0,0.411394410466419
Server2_145,Server2_266,50.0,0.4043837988034768
Server2_266,Server2_145,50.0,0.4043837988034768
Server2_145,Server2_165,50.0,0.3322896743162165
Server2_165,Server2_145,50.0,0.3322896743162165
Server2_145,Server2_41,50.0,0.3766445426762158
Server2_41,Server2_145,50.0,0.3766445426762158
Server2_198,Server2_599,50.0,0.3335260274757329
Server2_599,Server2_198,50.0,0.3335260274757329
Server2_430,Server2_345,50.0,0.2704386433268
Server2_345,Server2_430,50.0,0.2704386433268
Server2_348,Server2_881,50.0,0.542351645402779
Server2_881,Server2_348,50.0,0.542351645402779
Server2_348,Server2_858,50.0,0.4531265273687863
Server2_858,Server2_348,50.0,0.4531265273687863
Server2_348,Server2_15,50.0,0.5110760622750201
Server2_15,Server2_348,50.0,0.5110760622750201
Server2_603,Server2_118,50.0,0.3698954683126954
Server2_118,Server2_603,50.0,0.3698954683126954
Server2_355,Server2_176,50.0,0.3503629540959992
Server2_176,Server2_355,50.0,0.3503629540959992
Server2_230,Server2_907,50.0,0.3115503841318955
Server2_907,Server2_230,50.0,0.3115503841318955
Server2_393,Server2_411,50.0,0.3696942428749798
Server2_411,Server2_393,50.0,0.3696942428749798
Server2_393,Server2_936,50.0,0.2900572251075132
Server2_936,Server2_393,50.0,0.2900572251075132
Server2_666,Server2_228,50.0,0.4494611422609106
Server2_228,Server2_666,50.0,0.4494611422609106
Server2_152,Server2_775,50.0,0.5037668875304899
Server2_775,Server2_152,50.0,0.5037668875304899
Server2_819,Server2_294,50.0,0.3316564028573022
Server2_294,Server2_819,50.0,0.3316564028573022
Server2_183,Server2_816,50.0,0.4380985675521546
Server2_816,Server2_183,50.0,0.4380985675521546
Server2_748,Server2_474,50.0,0.3412564903329676
Server2_474,Server2_748,50.0,0.3412564903329676
Server2_748,Server2_63,50.0,0.2995749329277586
Server2_63,Server2_748,50.0,0.2995749329277586
Server2_613,Server2_816,50.0,0.3429180043869241
Server2_816,Server2_613,50.0,0.3429180043869241
Server2_613,Server2_85,50.0,0.3897286575282539
Server2_85,Server2_613,50.0,0.3897286575282539
Server2_613,Server2_287,50.0,0.2963568448487313
Server2_287,Server2_613,50.0,0.2963568448487313
Server2_594,Server2_746,50.0,0.3367922097078299
Server2_746,Server2_594,50.0,0.3367922097078299
Server2_594,Server2_458,50.0,0.2749669854357714
Server2_458,Server2_594,50.0,0.2749669854357714
Server2_594,Server2_56,50.0,0.311739565490222
Server2_56,Server2_594,50.0,0.311739565490222
Server2_343,Server2_959,50.0,0.4305122205610873
Server2_959,Server2_343,50.0,0.4305122205610873
Server2_934,Server2_745,50.0,0.4122180922937309
Server2_745,Server2_934,50.0,0.4122180922937309
Server2_695,Server2_1,50.0,0.4331574220813462
Server2_1,Server2_695,50.0,0.4331574220813462
Server2_695,Server2_758,50.0,0.3795288914000924
Server2_758,Server2_695,50.0,0.3795288914000924
Server2_695,Server2_231,50.0,0.4376872674968202
Server2_231,Server2_695,50.0,0.4376872674968202
Server2_36,Server2_941,50.0,0.3605608717691338
Server2_941,Server2_36,50.0,0.3605608717691338
Server2_573,Server2_519,50.0,0.3156428800977136
Server2_519,Server2_573,50.0,0.3156428800977136
Server2_2,Server2_817,50.0,0.4218850991326226
Server2_817,Server2_2,50.0,0.4218850991326226
Server2_640,Server2_357,50.0,0.2631592231518254
Server2_357,Server2_640,50.0,0.2631592231518254
Server2_640,Server2_500,50.0,0.3996858812863787
Server2_500,Server2_640,50.0,0.3996858812863787
Server2_640,Server2_792,50.0,0.3933053000701548
Server2_792,Server2_640,50.0,0.3933053000701548
Server2_444,Server2_383,50.0,0.3846119835028305
Server2_383,Server2_444,50.0,0.3846119835028305
Server2_806,Server2_42,50.0,0.2747664374993034
Server2_42,Server2_806,50.0,0.2747664374993034
Server2_806,Server2_767,50.0,0.287407554922683
Server2_767,Server2_806,50.0,0.287407554922683
Server2_806,Server2_768,50.0,0.351694478253628
Server2_768,Server2_806,50.0,0.351694478253628
Server2_407,Server2_980,50.0,0.3522882939826026
Server2_980,Server2_407,50.0,0.3522882939826026
Server2_45,Server2_983,50.0,0.2977091285429593
Server2_983,Server2_45,50.0,0.2977091285429593
Server2_434,Server2_171,50.0,0.4544587288344973
Server2_171,Server2_434,50.0,0.4544587288344973
Server2_434,Server2_710,50.0,0.536632957821078
Server2_710,Server2_434,50.0,0.536632957821078
Server2_434,Server2_728,50.0,0.5665021234916666
Server2_728,Server2_434,50.0,0.5665021234916666
Server2_363,Server2_376,50.0,0.333479759351965
Server2_376,Server2_363,50.0,0.333479759351965
Server2_363,Server2_672,50.0,0.2852572194153178
Server2_672,Server2_363,50.0,0.2852572194153178
Server2_363,Server2_582,50.0,0.3708704712022532
Server2_582,Server2_363,50.0,0.3708704712022532
Server2_273,Server2_820,50.0,0.4168394986474472
Server2_820,Server2_273,50.0,0.4168394986474472
Server2_273,Server2_3,50.0,0.422785406635956
Server2_3,Server2_273,50.0,0.422785406635956
Server2_726,Server2_846,50.0,0.5856785935398471
Server2_846,Server2_726,50.0,0.5856785935398471
Server2_726,Server2_92,50.0,0.42626443328453
Server2_92,Server2_726,50.0,0.42626443328453
Server2_628,Server2_671,50.0,0.3132191954205817
Server2_671,Server2_628,50.0,0.3132191954205817
Server2_628,Server2_238,50.0,0.4279097365038772
Server2_238,Server2_628,50.0,0.4279097365038772
Server2_524,Server2_249,50.0,0.4391493193643004
Server2_249,Server2_524,50.0,0.4391493193643004
Server2_524,Server2_926,50.0,0.3698262937662269
Server2_926,Server2_524,50.0,0.3698262937662269
Server2_524,Server2_574,50.0,0.3983023491980292
Server2_574,Server2_524,50.0,0.3983023491980292
Server2_368,Server2_553,50.0,0.3923153564198812
Server2_553,Server2_368,50.0,0.3923153564198812
Server2_368,Server2_143,50.0,0.3864083629260975
Server2_143,Server2_368,50.0,0.3864083629260975
Server2_368,Server2_630,50.0,0.3819236627808314
Server2_630,Server2_368,50.0,0.3819236627808314
Server2_758,Server2_1,50.0,0.3768627821971227
Server2_1,Server2_758,50.0,0.3768627821971227
Server2_745,Server2_786,50.0,0.3357083541999578
Server2_786,Server2_745,50.0,0.3357083541999578
Server2_745,Server2_119,50.0,0.3333664352802028
Server2_119,Server2_745,50.0,0.3333664352802028
Server2_171,Server2_710,50.0,0.323860906806219
Server2_710,Server2_171,50.0,0.323860906806219
Server2_958,Server2_956,50.0,0.4945025098824154
Server2_956,Server2_958,50.0,0.4945025098824154
Server2_958,Server2_680,50.0,0.3771992793750897
Server2_680,Server2_958,50.0,0.3771992793750897
Server2_958,Server2_343,50.0,0.473600460667415
Server2_343,Server2_958,50.0,0.473600460667415
Server2_948,Server2_993,50.0,0.3794176067702014
Server2_993,Server2_948,50.0,0.3794176067702014
Server2_948,Server2_620,50.0,0.3418799022473784
Server2_620,Server2_948,50.0,0.3418799022473784
Server2_948,Server2_361,50.0,0.4304197933398511
Server2_361,Server2_948,50.0,0.4304197933398511
Server2_253,Server2_17,50.0,0.3607329665395254
Server2_17,Server2_253,50.0,0.3607329665395254
Server2_253,Server2_675,50.0,0.4472017163051668
Server2_675,Server2_253,50.0,0.4472017163051668
Server2_253,Server2_313,50.0,0.3600706384609244
Server2_313,Server2_253,50.0,0.3600706384609244
Server2_9,Server2_811,50.0,0.3678785826719306
Server2_811,Server2_9,50.0,0.3678785826719306
Server2_580,Server2_852,50.0,0.4102370838468431
Server2_852,Server2_580,50.0,0.4102370838468431
Server2_27,Server2_32,50.0,0.28806461188261
Server2_32,Server2_27,50.0,0.28806461188261
Server2_698,Server2_270,50.0,0.3822181123953563
Server2_270,Server2_698,50.0,0.3822181123953563
Server2_698,Server2_729,50.0,0.324072568634911
Server2_729,Server2_698,50.0,0.324072568634911
Server2_659,Server2_149,50.0,0.3307221159140208
Server2_149,Server2_659,50.0,0.3307221159140208
Server2_659,Server2_907,50.0,0.3282358161158241
Server2_907,Server2_659,50.0,0.3282358161158241
Server2_16,Server2_917,50.0,0.2923341600992202
Server2_917,Server2_16,50.0,0.2923341600992202
Server2_584,Server2_859,50.0,0.3896279523333322
Server2_859,Server2_584,50.0,0.3896279523333322
Server2_584,Server2_436,50.0,0.5839430710984915
Server2_436,Server2_584,50.0,0.5839430710984915
Server2_190,Server2_113,50.0,0.3408114606656568
Server2_113,Server2_190,50.0,0.3408114606656568
Server2_190,Server2_93,50.0,0.4067365280415013
Server2_93,Server2_190,50.0,0.4067365280415013
Server2_503,Server2_930,50.0,0.284428791643034
Server2_930,Server2_503,50.0,0.284428791643034
Server2_503,Server2_794,50.0,0.3255805008449514
Server2_794,Server2_503,50.0,0.3255805008449514
Server2_503,Server2_668,50.0,0.3195088644276866
Server2_668,Server2_503,50.0,0.3195088644276866
Server2_336,Server2_822,50.0,0.418286797561013
Server2_822,Server2_336,50.0,0.418286797561013
Server2_336,Server2_252,50.0,0.4953453148555237
Server2_252,Server2_336,50.0,0.4953453148555237
Server2_876,Server2_788,50.0,0.4196592434770099
Server2_788,Server2_876,50.0,0.4196592434770099
Server2_805,Server2_160,50.0,0.2843325191738189
Server2_160,Server2_805,50.0,0.2843325191738189
Server2_805,Server2_807,50.0,0.348142695367733
Server2_807,Server2_805,50.0,0.348142695367733
Server2_189,Server2_828,50.0,0.331350963534992
Server2_828,Server2_189,50.0,0.331350963534992
Server2_189,Server2_264,50.0,0.3653015902912231
Server2_264,Server2_189,50.0,0.3653015902912231
Server2_769,Server2_315,50.0,0.3318716543969729
Server2_315,Server2_769,50.0,0.3318716543969729
Server2_677,Server2_442,50.0,0.4102900907451484
Server2_442,Server2_677,50.0,0.4102900907451484
Server2_677,Server2_916,50.0,0.3442764958617569
Server2_916,Server2_677,50.0,0.3442764958617569
Server2_677,Server2_350,50.0,0.3858092399365738
Server2_350,Server2_677,50.0,0.3858092399365738
Server2_740,Server2_699,50.0,0.3606558838734408
Server2_699,Server2_740,50.0,0.3606558838734408
Server2_740,Server2_773,50.0,0.3797558843878287
Server2_773,Server2_740,50.0,0.3797558843878287
Server2_740,Server2_280,50.0,0.3444558737951663
Server2_280,Server2_740,50.0,0.3444558737951663
Server2_133,Server2_889,50.0,0.3670262590182872
Server2_889,Server2_133,50.0,0.3670262590182872
Server2_133,Server2_996,50.0,0.3948633578022006
Server2_996,Server2_133,50.0,0.3948633578022006
Server2_133,Server2_465,50.0,0.4323506722109889
Server2_465,Server2_133,50.0,0.4323506722109889
Server2_76,Server2_185,50.0,0.2814485847298208
Server2_185,Server2_76,50.0,0.2814485847298208
Server2_76,Server2_723,50.0,0.2770188599403625
Server2_723,Server2_76,50.0,0.2770188599403625
Server2_693,Server2_205,50.0,0.3760999101596522
Server2_205,Server2_693,50.0,0.3760999101596522
Server2_693,Server2_124,50.0,0.3036420476989674
Server2_124,Server2_693,50.0,0.3036420476989674
Server2_608,Server2_856,50.0,0.377916446097705
Server2_856,Server2_608,50.0,0.377916446097705
Server2_608,Server2_836,50.0,0.3484250752091003
Server2_836,Server2_608,50.0,0.3484250752091003
Server2_608,Server2_712,50.0,0.4145994297234702
Server2_712,Server2_608,50.0,0.4145994297234702
Server2_857,Server2_63,50.0,0.2640588254567486
Server2_63,Server2_857,50.0,0.2640588254567486
Server2_857,Server2_438,50.0,0.3531883793136002
Server2_438,Server2_857,50.0,0.3531883793136002
Server2_318,Server2_266,50.0,0.3228532167629038
Server2_266,Server2_318,50.0,0.3228532167629038
Server2_318,Server2_510,50.0,0.3348240182963892
Server2_510,Server2_318,50.0,0.3348240182963892
Server2_680,Server2_982,50.0,0.4544378577918267
Server2_982,Server2_680,50.0,0.4544378577918267
Server2_986,Server2_847,50.0,0.2700638167833762
Server2_847,Server2_986,50.0,0.2700638167833762
Server2_986,Server2_797,50.0,0.3834476899736592
Server2_797,Server2_986,50.0,0.3834476899736592
Server2_986,Server2_187,50.0,0.374505523024548
Server2_187,Server2_986,50.0,0.374505523024548
Server2_285,Server2_723,50.0,0.3663890253034776
Server2_723,Server2_285,50.0,0.3663890253034776
Server2_285,Server2_410,50.0,0.3898860070773421
Server2_410,Server2_285,50.0,0.3898860070773421
Server2_422,Server2_137,50.0,0.2960854039866774
Server2_137,Server2_422,50.0,0.2960854039866774
Server2_423,Server2_365,50.0,0.3646102357590905
Server2_365,Server2_423,50.0,0.3646102357590905
Server2_877,Server2_842,50.0,0.3686512705470843
Server2_842,Server2_877,50.0,0.3686512705470843
Server2_877,Server2_505,50.0,0.329562158301285
Server2_505,Server2_877,50.0,0.329562158301285
Server2_877,Server2_959,50.0,0.4332324292796806
Server2_959,Server2_877,50.0,0.4332324292796806
Server2_621,Server2_545,50.0,0.3833068220548124
Server2_545,Server2_621,50.0,0.3833068220548124
Server2_79,Server2_512,50.0,0.3196083603019712
Server2_512,Server2_79,50.0,0.3196083603019712
Server2_79,Server2_287,50.0,0.362761494182201
Server2_287,Server2_79,50.0,0.362761494182201
Server2_952,Server2_486,50.0,0.3479975319066577
Server2_486,Server2_952,50.0,0.3479975319066577
Server2_952,Server2_866,50.0,0.3801408828667451
Server2_866,Server2_952,50.0,0.3801408828667451
Server2_952,Server2_507,50.0,0.3455130627781066
Server2_507,Server2_952,50.0,0.3455130627781066
Server2_565,Server2_44,50.0,0.325485302029576
Server2_44,Server2_565,50.0,0.325485302029576
Server2_565,Server2_344,50.0,0.2880022222011836
Server2_344,Server2_565,50.0,0.2880022222011836
Server2_565,Server2_94,50.0,0.3301915418706321
Server2_94,Server2_565,50.0,0.3301915418706321
Server2_323,Server2_75,50.0,0.4057817113936696
Server2_75,Server2_323,50.0,0.4057817113936696
Server2_323,Server2_44,50.0,0.3174064215951393
Server2_44,Server2_323,50.0,0.3174064215951393
Server2_992,Server2_844,50.0,0.2792507778660197
Server2_844,Server2_992,50.0,0.2792507778660197
Server2_992,Server2_426,50.0,0.5299823485211054
Server2_426,Server2_992,50.0,0.5299823485211054
Server2_64,Server2_928,50.0,0.379800516660734
Server2_928,Server2_64,50.0,0.379800516660734
Server2_64,Server2_175,50.0,0.3146444633827096
Server2_175,Server2_64,50.0,0.3146444633827096
Server2_64,Server2_847,50.0,0.2974530815511562
Server2_847,Server2_64,50.0,0.2974530815511562
Server2_641,Server2_302,50.0,0.4777405996315248
Server2_302,Server2_641,50.0,0.4777405996315248
Server2_641,Server2_135,50.0,0.5543224519322357
Server2_135,Server2_641,50.0,0.5543224519322357
Server2_522,Server2_442,50.0,0.3828418719553664
Server2_442,Server2_522,50.0,0.3828418719553664
Server2_528,Server2_333,50.0,0.3054620331275912
Server2_333,Server2_528,50.0,0.3054620331275912
Server2_528,Server2_242,50.0,0.2735907457017292
Server2_242,Server2_528,50.0,0.2735907457017292
Server2_512,Server2_507,50.0,0.3775454147816318
Server2_507,Server2_512,50.0,0.3775454147816318
Server2_512,Server2_816,50.0,0.2750712855681542
Server2_816,Server2_512,50.0,0.2750712855681542
Server2_512,Server2_718,50.0,0.3805100805562444
Server2_718,Server2_512,50.0,0.3805100805562444
Server2_790,Server2_563,50.0,0.4014772034632234
Server2_563,Server2_790,50.0,0.4014772034632234
Server2_790,Server2_721,50.0,0.3981906050752418
Server2_721,Server2_790,50.0,0.3981906050752418
Server2_790,Server2_738,50.0,0.35821648236502
Server2_738,Server2_790,50.0,0.35821648236502
Server2_763,Server2_875,50.0,0.3475432244471725
Server2_875,Server2_763,50.0,0.3475432244471725
Server2_763,Server2_77,50.0,0.3927338688314332
Server2_77,Server2_763,50.0,0.3927338688314332
Server2_763,Server2_263,50.0,0.31862962275627
Server2_263,Server2_763,50.0,0.31862962275627
Server2_561,Server2_894,50.0,0.4159576124496238
Server2_894,Server2_561,50.0,0.4159576124496238
Server2_561,Server2_122,50.0,0.3112126138834554
Server2_122,Server2_561,50.0,0.3112126138834554
Server2_787,Server2_954,50.0,0.3113095724754477
Server2_954,Server2_787,50.0,0.3113095724754477
Server2_787,Server2_466,50.0,0.310971970305699
Server2_466,Server2_787,50.0,0.310971970305699
Server2_398,Server2_153,50.0,0.37176307773664
Server2_153,Server2_398,50.0,0.37176307773664
Server2_491,Server2_286,50.0,0.3448849928444238
Server2_286,Server2_491,50.0,0.3448849928444238
Server2_491,Server2_830,50.0,0.3489999708024674
Server2_830,Server2_491,50.0,0.3489999708024674
Server2_491,Server2_272,50.0,0.3727893850855354
Server2_272,Server2_491,50.0,0.3727893850855354
Server2_604,Server2_775,50.0,0.4055354010168829
Server2_775,Server2_604,50.0,0.4055354010168829
Server2_604,Server2_690,50.0,0.4811604366809707
Server2_690,Server2_604,50.0,0.4811604366809707
Server2_547,Server2_359,50.0,0.35750060896351
Server2_359,Server2_547,50.0,0.35750060896351
Server2_897,Server2_462,50.0,0.8679761777876578
Server2_462,Server2_897,50.0,0.8679761777876578
Server2_897,Server2_685,50.0,1.19194089039876
Server2_685,Server2_897,50.0,1.19194089039876
Server2_903,Server2_786,50.0,0.4227526916402083
Server2_786,Server2_903,50.0,0.4227526916402083
Server2_657,Server2_591,50.0,0.3646640072482756
Server2_591,Server2_657,50.0,0.3646640072482756
Server2_1,Server2_408,50.0,0.3431037229373586
Server2_408,Server2_1,50.0,0.3431037229373586
Server2_274,Server2_636,50.0,0.3180329777813985
Server2_636,Server2_274,50.0,0.3180329777813985
Server2_274,Server2_122,50.0,0.2627519035101573
Server2_122,Server2_274,50.0,0.2627519035101573
Server2_274,Server2_894,50.0,0.324116331753767
Server2_894,Server2_274,50.0,0.324116331753767
Server2_134,Server2_770,50.0,0.2927459984468237
Server2_770,Server2_134,50.0,0.2927459984468237
Server2_154,Server2_683,50.0,0.3834214195431114
Server2_683,Server2_154,50.0,0.3834214195431114
Server2_372,Server2_846,50.0,0.2680135512972342
Server2_846,Server2_372,50.0,0.2680135512972342
Server2_372,Server2_750,50.0,0.3664781672971139
Server2_750,Server2_372,50.0,0.3664781672971139
Server2_197,Server2_629,50.0,0.6443893444804695
Server2_629,Server2_197,50.0,0.6443893444804695
Server2_98,Server2_875,50.0,0.3919854132369686
Server2_875,Server2_98,50.0,0.3919854132369686
Server2_98,Server2_188,50.0,0.2722392068367448
Server2_188,Server2_98,50.0,0.2722392068367448
Server2_6,Server2_506,50.0,0.349904800281289
Server2_506,Server2_6,50.0,0.349904800281289
Server2_6,Server2_429,50.0,0.4019378270040699
Server2_429,Server2_6,50.0,0.4019378270040699
Server2_667,Server2_86,50.0,0.3301153449928512
Server2_86,Server2_667,50.0,0.3301153449928512
Server2_667,Server2_398,50.0,0.2732694012995807
Server2_398,Server2_667,50.0,0.2732694012995807
Server2_667,Server2_751,50.0,0.3384286698515906
Server2_751,Server2_667,50.0,0.3384286698515906
Server2_924,Server2_300,50.0,0.4192247970123674
Server2_300,Server2_924,50.0,0.4192247970123674
Server2_924,Server2_353,50.0,0.3873296769817792
Server2_353,Server2_924,50.0,0.3873296769817792
Server2_924,Server2_39,50.0,0.4082753413319198
Server2_39,Server2_924,50.0,0.4082753413319198
Server2_749,Server2_421,50.0,0.3894442810349296
Server2_421,Server2_749,50.0,0.3894442810349296
Server2_749,Server2_672,50.0,0.3631442963561278
Server2_672,Server2_749,50.0,0.3631442963561278
Server2_749,Server2_445,50.0,0.4196140084416863
Server2_445,Server2_749,50.0,0.4196140084416863
Server2_80,Server2_921,50.0,0.3034980380945444
Server2_921,Server2_80,50.0,0.3034980380945444
Server2_80,Server2_526,50.0,0.3056815665921722
Server2_526,Server2_80,50.0,0.3056815665921722
Server2_80,Server2_177,50.0,0.4632033321330951
Server2_177,Server2_80,50.0,0.4632033321330951
Server2_217,Server2_695,50.0,0.4447721353218856
Server2_695,Server2_217,50.0,0.4447721353218856
Server2_537,Server2_455,50.0,0.4288242721877605
Server2_455,Server2_537,50.0,0.4288242721877605
Server2_84,Server2_913,50.0,0.4198180628688598
Server2_913,Server2_84,50.0,0.4198180628688598
Server2_84,Server2_217,50.0,0.3181137049356549
Server2_217,Server2_84,50.0,0.3181137049356549
Server2_871,Server2_869,50.0,0.3182672186616513
Server2_869,Server2_871,50.0,0.3182672186616513
Server2_871,Server2_872,50.0,0.407944751979793
Server2_872,Server2_871,50.0,0.407944751979793
Server2_867,Server2_398,50.0,0.2921562070478547
Server2_398,Server2_867,50.0,0.2921562070478547
Server2_867,Server2_900,50.0,0.3315817066452749
Server2_900,Server2_867,50.0,0.3315817066452749
Server2_867,Server2_321,50.0,0.3894197357119128
Server2_321,Server2_867,50.0,0.3894197357119128
Server2_56,Server2_746,50.0,0.294679050887843
Server2_746,Server2_56,50.0,0.294679050887843
Server2_519,Server2_213,50.0,0.292766534883514
Server2_213,Server2_519,50.0,0.292766534883514
Server2_519,Server2_587,50.0,0.3618158624210517
Server2_587,Server2_519,50.0,0.3618158624210517
Server2_551,Server2_658,50.0,0.3005976445160694
Server2_658,Server2_551,50.0,0.3005976445160694
Server2_551,Server2_794,50.0,0.3881440674047959
Server2_794,Server2_551,50.0,0.3881440674047959
Server2_551,Server2_471,50.0,0.3905645097478051
Server2_471,Server2_551,50.0,0.3905645097478051
Server2_120,Server2_913,50.0,0.2938112953148837
Server2_913,Server2_120,50.0,0.2938112953148837
Server2_513,Server2_781,50.0,0.4379903690440651
Server2_781,Server2_513,50.0,0.4379903690440651
Server2_513,Server2_98,50.0,0.342128236056328
Server2_98,Server2_513,50.0,0.342128236056328
Server2_979,Server2_648,50.0,0.3065581059172869
Server2_648,Server2_979,50.0,0.3065581059172869
Server2_979,Server2_213,50.0,0.4044684580734509
Server2_213,Server2_979,50.0,0.4044684580734509
Server2_979,Server2_179,50.0,0.3318765348501237
Server2_179,Server2_979,50.0,0.3318765348501237
Server2_104,Server2_979,50.0,0.3329322555983959
Server2_979,Server2_104,50.0,0.3329322555983959
Server2_104,Server2_587,50.0,0.3373333132610903
Server2_587,Server2_104,50.0,0.3373333132610903
Server2_616,Server2_325,50.0,0.466837327878312
Server2_325,Server2_616,50.0,0.466837327878312
Server2_102,Server2_795,50.0,0.4482498896819972
Server2_795,Server2_102,50.0,0.4482498896819972
Server2_102,Server2_81,50.0,0.3708512150304776
Server2_81,Server2_102,50.0,0.3708512150304776
Server2_102,Server2_616,50.0,0.3820158968835116
Server2_616,Server2_102,50.0,0.3820158968835116
Server2_392,Server2_947,50.0,0.3960388733642481
Server2_947,Server2_392,50.0,0.3960388733642481
Server2_392,Server2_58,50.0,0.2902079299277694
Server2_58,Server2_392,50.0,0.2902079299277694
Server2_400,Server2_614,50.0,0.3205289145186974
Server2_614,Server2_400,50.0,0.3205289145186974
Server2_400,Server2_124,50.0,0.3180822736277172
Server2_124,Server2_400,50.0,0.3180822736277172
Server2_400,Server2_233,50.0,0.3149166050653
Server2_233,Server2_400,50.0,0.3149166050653
Server2_982,Server2_671,50.0,0.4654730329727246
Server2_671,Server2_982,50.0,0.4654730329727246
Server2_982,Server2_343,50.0,0.3713606782670602
Server2_343,Server2_982,50.0,0.3713606782670602
Server2_369,Server2_543,50.0,0.2728852304508138
Server2_543,Server2_369,50.0,0.2728852304508138
Server2_369,Server2_427,50.0,0.3880184048712789
Server2_427,Server2_369,50.0,0.3880184048712789
Server2_369,Server2_131,50.0,0.3055775660048584
Server2_131,Server2_369,50.0,0.3055775660048584
Server2_473,Server2_725,50.0,0.4123480060125148
Server2_725,Server2_473,50.0,0.4123480060125148
Server2_167,Server2_866,50.0,0.3536255259237271
Server2_866,Server2_167,50.0,0.3536255259237271
Server2_167,Server2_952,50.0,0.3625621863929782
Server2_952,Server2_167,50.0,0.3625621863929782
Server2_167,Server2_784,50.0,0.3200927733146124
Server2_784,Server2_167,50.0,0.3200927733146124
Server2_531,Server2_15,50.0,0.5348991848921375
Server2_15,Server2_531,50.0,0.5348991848921375
Server2_531,Server2_45,50.0,0.3553884449464944
Server2_45,Server2_531,50.0,0.3553884449464944
Server2_531,Server2_983,50.0,0.3986063647831472
Server2_983,Server2_531,50.0,0.3986063647831472
Server2_733,Server2_529,50.0,0.36594579346287
Server2_529,Server2_733,50.0,0.36594579346287
Server2_470,Server2_371,50.0,0.415364688564995
Server2_371,Server2_470,50.0,0.415364688564995
Server2_470,Server2_843,50.0,0.4208608095365564
Server2_843,Server2_470,50.0,0.4208608095365564
Server2_707,Server2_361,50.0,0.386562691015361
Server2_361,Server2_707,50.0,0.386562691015361
Server2_707,Server2_954,50.0,0.3718441356965466
Server2_954,Server2_707,50.0,0.3718441356965466
Server2_707,Server2_252,50.0,0.4098402414227042
Server2_252,Server2_707,50.0,0.4098402414227042
Server2_803,Server2_856,50.0,0.4076346057499929
Server2_856,Server2_803,50.0,0.4076346057499929
Server2_803,Server2_54,50.0,0.376995107025984
Server2_54,Server2_803,50.0,0.376995107025984
Server2_507,Server2_718,50.0,0.2677760387742968
Server2_718,Server2_507,50.0,0.2677760387742968
Server2_507,Server2_223,50.0,0.3804260813903696
Server2_223,Server2_507,50.0,0.3804260813903696
Server2_321,Server2_264,50.0,0.2865924011492918
Server2_264,Server2_321,50.0,0.2865924011492918
Server2_321,Server2_337,50.0,0.3239991972135197
Server2_337,Server2_321,50.0,0.3239991972135197
Server2_321,Server2_86,50.0,0.3036573435060298
Server2_86,Server2_321,50.0,0.3036573435060298
Server2_59,Server2_520,50.0,0.3527660523821316
Server2_520,Server2_59,50.0,0.3527660523821316
Server2_59,Server2_92,50.0,0.415867365866528
Server2_92,Server2_59,50.0,0.415867365866528
Server2_59,Server2_726,50.0,0.3430869461174904
Server2_726,Server2_59,50.0,0.3430869461174904
Server2_347,Server2_663,50.0,0.3706289576450464
Server2_663,Server2_347,50.0,0.3706289576450464
Server2_200,Server2_240,50.0,0.495167436024694
Server2_240,Server2_200,50.0,0.495167436024694
Server2_200,Server2_750,50.0,0.813996561538814
Server2_750,Server2_200,50.0,0.813996561538814
Server2_200,Server2_742,50.0,0.4574292363978736
Server2_742,Server2_200,50.0,0.4574292363978736
Server2_497,Server2_400,50.0,0.301638645303498
Server2_400,Server2_497,50.0,0.301638645303498
Server2_497,Server2_841,50.0,0.3314322737854143
Server2_841,Server2_497,50.0,0.3314322737854143
Server2_485,Server2_226,50.0,0.3777298857379862
Server2_226,Server2_485,50.0,0.3777298857379862
Server2_485,Server2_910,50.0,0.3761765228315542
Server2_910,Server2_485,50.0,0.3761765228315542
Server2_815,Server2_81,50.0,0.3518734111062473
Server2_81,Server2_815,50.0,0.3518734111062473
Server2_34,Server2_442,50.0,0.3744297415274227
Server2_442,Server2_34,50.0,0.3744297415274227
Server2_34,Server2_522,50.0,0.3451789505738516
Server2_522,Server2_34,50.0,0.3451789505738516
Server2_258,Server2_878,50.0,0.2826133437996678
Server2_878,Server2_258,50.0,0.2826133437996678
Server2_235,Server2_669,50.0,0.3791468067375952
Server2_669,Server2_235,50.0,0.3791468067375952
Server2_235,Server2_741,50.0,0.4485229139463018
Server2_741,Server2_235,50.0,0.4485229139463018
Server2_235,Server2_935,50.0,0.365179706593527
Server2_935,Server2_235,50.0,0.365179706593527
Server2_388,Server2_282,50.0,0.4168971292405898
Server2_282,Server2_388,50.0,0.4168971292405898
Server2_231,Server2_866,50.0,0.3604400859626055
Server2_866,Server2_231,50.0,0.3604400859626055
Server2_365,Server2_52,50.0,0.319995334786225
Server2_52,Server2_365,50.0,0.319995334786225
Server2_550,Server2_767,50.0,0.313804814270863
Server2_767,Server2_550,50.0,0.313804814270863
Server2_550,Server2_684,50.0,0.3251200874659475
Server2_684,Server2_550,50.0,0.3251200874659475
Server2_935,Server2_649,50.0,0.4880074698045964
Server2_649,Server2_935,50.0,0.4880074698045964
Server2_498,Server2_332,50.0,0.4047833106602736
Server2_332,Server2_498,50.0,0.4047833106602736
Server2_718,Server2_223,50.0,0.3425983710859249
Server2_223,Server2_718,50.0,0.3425983710859249
Server2_718,Server2_984,50.0,0.3081505613796982
Server2_984,Server2_718,50.0,0.3081505613796982
Server2_685,Server2_653,50.0,0.7086388587372845
Server2_653,Server2_685,50.0,0.7086388587372845
Server2_685,Server2_431,50.0,0.6029281992026563
Server2_431,Server2_685,50.0,0.6029281992026563
Server2_141,Server2_968,50.0,0.3324381213889456
Server2_968,Server2_141,50.0,0.3324381213889456
Server2_141,Server2_741,50.0,0.3108167235035709
Server2_741,Server2_141,50.0,0.3108167235035709
Server2_853,Server2_547,50.0,0.4237115144720866
Server2_547,Server2_853,50.0,0.4237115144720866
Server2_496,Server2_832,50.0,0.3445714785791138
Server2_832,Server2_496,50.0,0.3445714785791138
Server2_496,Server2_738,50.0,0.3709845531503766
Server2_738,Server2_496,50.0,0.3709845531503766
Server2_496,Server2_396,50.0,0.350250033009887
Server2_396,Server2_496,50.0,0.350250033009887
Server2_138,Server2_120,50.0,0.361049783880055
Server2_120,Server2_138,50.0,0.361049783880055
Server2_138,Server2_722,50.0,0.466878139695848
Server2_722,Server2_138,50.0,0.466878139695848
Server2_138,Server2_695,50.0,0.3982266910104555
Server2_695,Server2_138,50.0,0.3982266910104555
Server2_735,Server2_173,50.0,0.4126511675710346
Server2_173,Server2_735,50.0,0.4126511675710346
Server2_735,Server2_744,50.0,0.4736722800532398
Server2_744,Server2_735,50.0,0.4736722800532398
Server2_624,Server2_593,50.0,0.4213134326532298
Server2_593,Server2_624,50.0,0.4213134326532298
Server2_624,Server2_696,50.0,0.3448602601987544
Server2_696,Server2_624,50.0,0.3448602601987544
Server2_831,Server2_461,50.0,0.3137848102517196
Server2_461,Server2_831,50.0,0.3137848102517196
Server2_831,Server2_393,50.0,0.3554408227172952
Server2_393,Server2_831,50.0,0.3554408227172952
Server2_946,Server2_251,50.0,0.3662698425380716
Server2_251,Server2_946,50.0,0.3662698425380716
Server2_988,Server2_1,50.0,0.450868494556984
Server2_1,Server2_988,50.0,0.450868494556984
Server2_387,Server2_758,50.0,0.3996698250165057
Server2_758,Server2_387,50.0,0.3996698250165057
Server2_387,Server2_695,50.0,0.4663203793121462
Server2_695,Server2_387,50.0,0.4663203793121462
Server2_387,Server2_1,50.0,0.4395407490642768
Server2_1,Server2_387,50.0,0.4395407490642768
Server2_800,Server2_35,50.0,0.3550081242393542
Server2_35,Server2_800,50.0,0.3550081242393542
Server2_800,Server2_340,50.0,0.3687810867092292
Server2_340,Server2_800,50.0,0.3687810867092292
Server2_800,Server2_599,50.0,0.3711918332676837
Server2_599,Server2_800,50.0,0.3711918332676837
Server2_825,Server2_30,50.0,0.4101543084496172
Server2_30,Server2_825,50.0,0.4101543084496172
Server2_825,Server2_601,50.0,0.3525925907778333
Server2_601,Server2_825,50.0,0.3525925907778333
Server2_825,Server2_536,50.0,0.3982423900216104
Server2_536,Server2_825,50.0,0.3982423900216104
Server2_563,Server2_425,50.0,0.367418170917695
Server2_425,Server2_563,50.0,0.367418170917695
Server2_563,Server2_458,50.0,0.3626984823503166
Server2_458,Server2_563,50.0,0.3626984823503166
Server2_111,Server2_101,50.0,0.3307210416968882
Server2_101,Server2_111,50.0,0.3307210416968882
Server2_111,Server2_310,50.0,0.3619453930691894
Server2_310,Server2_111,50.0,0.3619453930691894
Server2_47,Server2_843,50.0,0.3359252404971044
Server2_843,Server2_47,50.0,0.3359252404971044
Server2_238,Server2_767,50.0,0.3682834404877763
Server2_767,Server2_238,50.0,0.3682834404877763
Server2_479,Server2_332,50.0,0.3864934816886593
Server2_332,Server2_479,50.0,0.3864934816886593
Server2_833,Server2_247,50.0,0.425262883473489
Server2_247,Server2_833,50.0,0.425262883473489
Server2_833,Server2_670,50.0,0.2845203692358446
Server2_670,Server2_833,50.0,0.2845203692358446
Server2_833,Server2_974,50.0,0.5294439699243938
Server2_974,Server2_833,50.0,0.5294439699243938
Server2_974,Server2_387,50.0,0.5294216314873671
Server2_387,Server2_974,50.0,0.5294216314873671
Server2_974,Server2_152,50.0,0.5010158500276085
Server2_152,Server2_974,50.0,0.5010158500276085
Server2_974,Server2_247,50.0,0.4111090733325351
Server2_247,Server2_974,50.0,0.4111090733325351
Server2_299,Server2_495,50.0,0.3963605175819664
Server2_495,Server2_299,50.0,0.3963605175819664
Server2_299,Server2_371,50.0,0.2772642503236127
Server2_371,Server2_299,50.0,0.2772642503236127
Server2_49,Server2_441,50.0,0.3458911143278996
Server2_441,Server2_49,50.0,0.3458911143278996
Server2_306,Server2_507,50.0,0.381878094772225
Server2_507,Server2_306,50.0,0.381878094772225
Server2_971,Server2_861,50.0,0.3100194261029531
Server2_861,Server2_971,50.0,0.3100194261029531
Server2_971,Server2_703,50.0,0.4181015550035465
Server2_703,Server2_971,50.0,0.4181015550035465
Server2_971,Server2_987,50.0,0.2833867734798288
Server2_987,Server2_971,50.0,0.2833867734798288
Server2_926,Server2_78,50.0,0.3498819921635535
Server2_78,Server2_926,50.0,0.3498819921635535
Server2_926,Server2_603,50.0,0.3663725553665366
Server2_603,Server2_926,50.0,0.3663725553665366
Server2_515,Server2_978,50.0,0.351862495325183
Server2_978,Server2_515,50.0,0.351862495325183
Server2_515,Server2_416,50.0,0.3034662642615426
Server2_416,Server2_515,50.0,0.3034662642615426
Server2_362,Server2_119,50.0,0.322793628816752
Server2_119,Server2_362,50.0,0.322793628816752
Server2_362,Server2_786,50.0,0.3994267693081846
Server2_786,Server2_362,50.0,0.3994267693081846
Server2_362,Server2_727,50.0,0.3546693449664866
Server2_727,Server2_362,50.0,0.3546693449664866
Server2_51,Server2_593,50.0,0.2647588964829426
Server2_593,Server2_51,50.0,0.2647588964829426
Server2_51,Server2_232,50.0,0.3766331007819713
Server2_232,Server2_51,50.0,0.3766331007819713
Server2_949,Server2_22,50.0,0.453899286188619
Server2_22,Server2_949,50.0,0.453899286188619
Server2_736,Server2_730,50.0,0.2805163719203801
Server2_730,Server2_736,50.0,0.2805163719203801
Server2_861,Server2_569,50.0,0.4084204266390418
Server2_569,Server2_861,50.0,0.4084204266390418
Server2_861,Server2_688,50.0,0.4049423393352385
Server2_688,Server2_861,50.0,0.4049423393352385
Server2_411,Server2_32,50.0,0.3332158617357862
Server2_32,Server2_411,50.0,0.3332158617357862
Server2_449,Server2_428,50.0,0.4322904945485751
Server2_428,Server2_449,50.0,0.4322904945485751
Server2_449,Server2_261,50.0,0.3629820716122406
Server2_261,Server2_449,50.0,0.3629820716122406
Server2_574,Server2_501,50.0,0.3693894511945866
Server2_501,Server2_574,50.0,0.3693894511945866
Server2_574,Server2_926,50.0,0.3711662458696857
Server2_926,Server2_574,50.0,0.3711662458696857
Server2_571,Server2_401,50.0,0.420908684964126
Server2_401,Server2_571,50.0,0.420908684964126
Server2_330,Server2_465,50.0,0.41915482949684
Server2_465,Server2_330,50.0,0.41915482949684
Server2_879,Server2_899,50.0,0.3127786828726918
Server2_899,Server2_879,50.0,0.3127786828726918
Server2_879,Server2_519,50.0,0.3593994569050155
Server2_519,Server2_879,50.0,0.3593994569050155
Server2_702,Server2_193,50.0,0.2784564526465378
Server2_193,Server2_702,50.0,0.2784564526465378
Server2_702,Server2_19,50.0,0.3424133003527412
Server2_19,Server2_702,50.0,0.3424133003527412
Server2_702,Server2_260,50.0,0.4009669375001878
Server2_260,Server2_702,50.0,0.4009669375001878
Server2_518,Server2_305,50.0,0.3146614162030698
Server2_305,Server2_518,50.0,0.3146614162030698
Server2_518,Server2_455,50.0,0.4181807007626074
Server2_455,Server2_518,50.0,0.4181807007626074
Server2_518,Server2_303,50.0,0.4078032806407119
Server2_303,Server2_518,50.0,0.4078032806407119
Server2_598,Server2_185,50.0,0.375723515659728
Server2_185,Server2_598,50.0,0.375723515659728
Server2_660,Server2_526,50.0,0.3126406445391248
Server2_526,Server2_660,50.0,0.3126406445391248
Server2_676,Server2_801,50.0,0.3811239773848006
Server2_801,Server2_676,50.0,0.3811239773848006
Server2_676,Server2_97,50.0,0.3857023739176881
Server2_97,Server2_676,50.0,0.3857023739176881
Server2_619,Server2_204,50.0,0.3767278561907166
Server2_204,Server2_619,50.0,0.3767278561907166
Server2_619,Server2_790,50.0,0.3967766670565004
Server2_790,Server2_619,50.0,0.3967766670565004
Server2_619,Server2_277,50.0,0.3248776667232764
Server2_277,Server2_619,50.0,0.3248776667232764
Server2_753,Server2_317,50.0,0.3820813467686772
Server2_317,Server2_753,50.0,0.3820813467686772
Server2_634,Server2_551,50.0,0.3689434831196098
Server2_551,Server2_634,50.0,0.3689434831196098
Server2_634,Server2_547,50.0,0.3701158175330938
Server2_547,Server2_634,50.0,0.3701158175330938
Server2_548,Server2_593,50.0,0.4193261820732211
Server2_593,Server2_548,50.0,0.4193261820732211
Server2_548,Server2_148,50.0,0.443477642243795
Server2_148,Server2_548,50.0,0.443477642243795
Server2_256,Server2_459,50.0,0.3083514116554566
Server2_459,Server2_256,50.0,0.3083514116554566
Server2_256,Server2_48,50.0,0.3782233453357689
Server2_48,Server2_256,50.0,0.3782233453357689
Server2_246,Server2_778,50.0,0.2995971040913202
Server2_778,Server2_246,50.0,0.2995971040913202
Server2_834,Server2_805,50.0,0.4093493780849644
Server2_805,Server2_834,50.0,0.4093493780849644
Server2_847,Server2_797,50.0,0.295181340573948
Server2_797,Server2_847,50.0,0.295181340573948
Server2_469,Server2_624,50.0,0.5876286731531479
Server2_624,Server2_469,50.0,0.5876286731531479
Server2_469,Server2_227,50.0,0.3703560175325236
Server2_227,Server2_469,50.0,0.3703560175325236
Server2_322,Server2_497,50.0,0.4459926851629124
Server2_497,Server2_322,50.0,0.4459926851629124
Server2_322,Server2_394,50.0,0.3175743723636768
Server2_394,Server2_322,50.0,0.3175743723636768
Server2_322,Server2_918,50.0,0.3957341185357588
Server2_918,Server2_322,50.0,0.3957341185357588
Server2_316,Server2_394,50.0,0.3436644809927054
Server2_394,Server2_316,50.0,0.3436644809927054
Server2_316,Server2_30,50.0,0.408841679429723
Server2_30,Server2_316,50.0,0.408841679429723
Server2_939,Server2_331,50.0,0.2789813408726076
Server2_331,Server2_939,50.0,0.2789813408726076
Server2_939,Server2_679,50.0,0.3475354075719127
Server2_679,Server2_939,50.0,0.3475354075719127
Server2_939,Server2_295,50.0,0.3397896973574654
Server2_295,Server2_939,50.0,0.3397896973574654
Server2_909,Server2_354,50.0,0.3550115919957204
Server2_354,Server2_909,50.0,0.3550115919957204
Server2_42,Server2_238,50.0,0.3570500185298809
Server2_238,Server2_42,50.0,0.3570500185298809
Server2_42,Server2_440,50.0,0.3918538175662749
Server2_440,Server2_42,50.0,0.3918538175662749
Server2_409,Server2_468,50.0,0.722259235694916
Server2_468,Server2_409,50.0,0.722259235694916
Server2_855,Server2_438,50.0,0.416341544452572
Server2_438,Server2_855,50.0,0.416341544452572
Server2_855,Server2_122,50.0,0.3225963517589782
Server2_122,Server2_855,50.0,0.3225963517589782
Server2_855,Server2_477,50.0,0.3554390369843366
Server2_477,Server2_855,50.0,0.3554390369843366
Server2_159,Server2_730,50.0,0.3190232475601354
Server2_730,Server2_159,50.0,0.3190232475601354
Server2_159,Server2_248,50.0,0.3354209541098382
Server2_248,Server2_159,50.0,0.3354209541098382
Server2_868,Server2_101,50.0,0.338303081571511
Server2_101,Server2_868,50.0,0.338303081571511
Server2_868,Server2_111,50.0,0.3583598887199954
Server2_111,Server2_868,50.0,0.3583598887199954
Server2_399,Server2_109,50.0,0.3784228602781627
Server2_109,Server2_399,50.0,0.3784228602781627
Server2_399,Server2_624,50.0,0.428597678269327
Server2_624,Server2_399,50.0,0.428597678269327
Server2_416,Server2_776,50.0,0.3109059360974272
Server2_776,Server2_416,50.0,0.3109059360974272
Server2_416,Server2_948,50.0,0.3140941925508426
Server2_948,Server2_416,50.0,0.3140941925508426
Server2_416,Server2_761,50.0,0.3485301194579345
Server2_761,Server2_416,50.0,0.3485301194579345
Server2_19,Server2_94,50.0,0.3802304169592446
Server2_94,Server2_19,50.0,0.3802304169592446
Server2_19,Server2_344,50.0,0.3338715960143324
Server2_344,Server2_19,50.0,0.3338715960143324
Server2_89,Server2_930,50.0,0.3654483512812622
Server2_930,Server2_89,50.0,0.3654483512812622
Server2_89,Server2_503,50.0,0.2771112179071543
Server2_503,Server2_89,50.0,0.2771112179071543
Server2_89,Server2_907,50.0,0.3068168840570524
Server2_907,Server2_89,50.0,0.3068168840570524
Server2_501,Server2_603,50.0,0.2878308098025017
Server2_603,Server2_501,50.0,0.2878308098025017
Server2_501,Server2_524,50.0,0.3287902389474814
Server2_524,Server2_501,50.0,0.3287902389474814
Server2_716,Server2_874,50.0,0.2890242298946498
Server2_874,Server2_716,50.0,0.2890242298946498
Server2_716,Server2_209,50.0,0.3449289271633195
Server2_209,Server2_716,50.0,0.3449289271633195
Server2_540,Server2_654,50.0,0.424049772083601
Server2_654,Server2_540,50.0,0.424049772083601
Server2_357,Server2_192,50.0,0.283368493909581
Server2_192,Server2_357,50.0,0.283368493909581
Server2_357,Server2_500,50.0,0.265981973717669
Server2_500,Server2_357,50.0,0.265981973717669
Server2_63,Server2_438,50.0,0.3208498350736722
Server2_438,Server2_63,50.0,0.3208498350736722
Server2_63,Server2_474,50.0,0.2902696216681308
Server2_474,Server2_63,50.0,0.2902696216681308
Server2_554,Server2_35,50.0,0.3910372533322757
Server2_35,Server2_554,50.0,0.3910372533322757
Server2_344,Server2_264,50.0,0.309991622745602
Server2_264,Server2_344,50.0,0.309991622745602
Server2_344,Server2_193,50.0,0.3144414890474056
Server2_193,Server2_344,50.0,0.3144414890474056
Server2_427,Server2_257,50.0,0.4270928680195127
Server2_257,Server2_427,50.0,0.4270928680195127
Server2_272,Server2_286,50.0,0.34436090002773
Server2_286,Server2_272,50.0,0.34436090002773
Server2_661,Server2_103,50.0,0.346048769794881
Server2_103,Server2_661,50.0,0.346048769794881
Server2_661,Server2_944,50.0,0.3820021598746512
Server2_944,Server2_661,50.0,0.3820021598746512
Server2_661,Server2_75,50.0,0.3523095740646212
Server2_75,Server2_661,50.0,0.3523095740646212
Server2_928,Server2_128,50.0,0.3840063421015908
Server2_128,Server2_928,50.0,0.3840063421015908
Server2_468,Server2_140,50.0,0.6330715076003157
Server2_140,Server2_468,50.0,0.6330715076003157
Server2_784,Server2_327,50.0,0.2699243303465418
Server2_327,Server2_784,50.0,0.2699243303465418
Server2_784,Server2_952,50.0,0.3568504186398784
Server2_952,Server2_784,50.0,0.3568504186398784
Server2_794,Server2_89,50.0,0.3273212537604542
Server2_89,Server2_794,50.0,0.3273212537604542
Server2_151,Server2_749,50.0,0.4513973733340406
Server2_749,Server2_151,50.0,0.4513973733340406
Server2_151,Server2_174,50.0,0.3794481263707211
Server2_174,Server2_151,50.0,0.3794481263707211
Server2_151,Server2_445,50.0,0.4725910071046798
Server2_445,Server2_151,50.0,0.4725910071046798
Server2_771,Server2_410,50.0,0.341074339521391
Server2_410,Server2_771,50.0,0.341074339521391
Server2_771,Server2_3,50.0,0.364056563662636
Server2_3,Server2_771,50.0,0.364056563662636
Server2_606,Server2_261,50.0,0.4271021822627555
Server2_261,Server2_606,50.0,0.4271021822627555
Server2_466,Server2_954,50.0,0.337820540604159
Server2_954,Server2_466,50.0,0.337820540604159
Server2_466,Server2_473,50.0,0.2979233946649982
Server2_473,Server2_466,50.0,0.2979233946649982
Server2_466,Server2_993,50.0,0.3493090363759611
Server2_993,Server2_466,50.0,0.3493090363759611
Server2_417,Server2_204,50.0,0.3939913019995256
Server2_204,Server2_417,50.0,0.3939913019995256
Server2_417,Server2_790,50.0,0.3250211456871399
Server2_790,Server2_417,50.0,0.3250211456871399
Server2_417,Server2_721,50.0,0.3907758179713306
Server2_721,Server2_417,50.0,0.3907758179713306
Server2_581,Server2_153,50.0,0.3566965983555386
Server2_153,Server2_581,50.0,0.3566965983555386
Server2_581,Server2_71,50.0,0.2780239618949814
Server2_71,Server2_581,50.0,0.2780239618949814
Server2_69,Server2_108,50.0,0.323892072806846
Server2_108,Server2_69,50.0,0.323892072806846
Server2_69,Server2_553,50.0,0.3505425158060174
Server2_553,Server2_69,50.0,0.3505425158060174
Server2_69,Server2_930,50.0,0.3741339070747886
Server2_930,Server2_69,50.0,0.3741339070747886
Server2_289,Server2_286,50.0,0.2903713100878914
Server2_286,Server2_289,50.0,0.2903713100878914
Server2_289,Server2_830,50.0,0.3809094590891858
Server2_830,Server2_289,50.0,0.3809094590891858
Server2_214,Server2_187,50.0,0.2858014416545057
Server2_187,Server2_214,50.0,0.2858014416545057
Server2_155,Server2_820,50.0,0.4718863085212868
Server2_820,Server2_155,50.0,0.4718863085212868
Server2_3,Server2_789,50.0,0.3969282635291776
Server2_789,Server2_3,50.0,0.3969282635291776
Server2_61,Server2_180,50.0,0.4952870374890402
Server2_180,Server2_61,50.0,0.4952870374890402
Server2_480,Server2_356,50.0,0.3650305348614558
Server2_356,Server2_480,50.0,0.3650305348614558
Server2_239,Server2_532,50.0,0.5278538381017343
Server2_532,Server2_239,50.0,0.5278538381017343
Server2_359,Server2_814,50.0,0.300032554508282
Server2_814,Server2_359,50.0,0.300032554508282
Server2_359,Server2_645,50.0,0.3479250041430403
Server2_645,Server2_359,50.0,0.3479250041430403
Server2_712,Server2_280,50.0,0.3671171417208705
Server2_280,Server2_712,50.0,0.3671171417208705
Server2_58,Server2_294,50.0,0.3570767651036872
Server2_294,Server2_58,50.0,0.3570767651036872
Server2_761,Server2_776,50.0,0.3702425200671965
Server2_776,Server2_761,50.0,0.3702425200671965
Server2_875,Server2_946,50.0,0.4021470832172034
Server2_946,Server2_875,50.0,0.4021470832172034
Server2_875,Server2_251,50.0,0.3116873414263001
Server2_251,Server2_875,50.0,0.3116873414263001
Server2_759,Server2_875,50.0,0.3459384470717392
Server2_875,Server2_759,50.0,0.3459384470717392
Server2_759,Server2_781,50.0,0.3595343088391552
Server2_781,Server2_759,50.0,0.3595343088391552
Server2_759,Server2_513,50.0,0.3912947347870564
Server2_513,Server2_759,50.0,0.3912947347870564
Server2_260,Server2_344,50.0,0.3933903752018937
Server2_344,Server2_260,50.0,0.3933903752018937
Server2_260,Server2_751,50.0,0.2915910621452261
Server2_751,Server2_260,50.0,0.2915910621452261
Server2_752,Server2_309,50.0,0.4164973964922576
Server2_309,Server2_752,50.0,0.4164973964922576
Server2_100,Server2_234,50.0,0.386342596629535
Server2_234,Server2_100,50.0,0.386342596629535
Server2_163,Server2_160,50.0,0.3620429472184662
Server2_160,Server2_163,50.0,0.3620429472184662
Server2_163,Server2_805,50.0,0.3731592447228078
Server2_805,Server2_163,50.0,0.3731592447228078
Server2_26,Server2_437,50.0,0.327898132021555
Server2_437,Server2_26,50.0,0.327898132021555
Server2_26,Server2_115,50.0,0.3668087898904322
Server2_115,Server2_26,50.0,0.3668087898904322
Server2_26,Server2_503,50.0,0.3864708911415907
Server2_503,Server2_26,50.0,0.3864708911415907
Server2_91,Server2_957,50.0,0.3654275225831773
Server2_957,Server2_91,50.0,0.3654275225831773
Server2_91,Server2_843,50.0,0.3817453040090554
Server2_843,Server2_91,50.0,0.3817453040090554
Server2_638,Server2_507,50.0,0.2985440444559764
Server2_507,Server2_638,50.0,0.2985440444559764
Server2_638,Server2_718,50.0,0.299881348974165
Server2_718,Server2_638,50.0,0.299881348974165
Server2_457,Server2_114,50.0,0.634484318556635
Server2_114,Server2_457,50.0,0.634484318556635
Server2_457,Server2_994,50.0,0.3041388080413387
Server2_994,Server2_457,50.0,0.3041388080413387
Server2_593,Server2_232,50.0,0.2813500791974078
Server2_232,Server2_593,50.0,0.2813500791974078
Server2_593,Server2_662,50.0,0.2947379708777642
Server2_662,Server2_593,50.0,0.2947379708777642
Server2_383,Server2_569,50.0,0.3201947505313731
Server2_569,Server2_383,50.0,0.3201947505313731
Server2_383,Server2_971,50.0,0.3291596673438678
Server2_971,Server2_383,50.0,0.3291596673438678
Server2_383,Server2_263,50.0,0.4048801683899504
Server2_263,Server2_383,50.0,0.4048801683899504
Server2_654,Server2_714,50.0,0.3243857419785458
Server2_714,Server2_654,50.0,0.3243857419785458
Server2_656,Server2_117,50.0,0.4040929470871396
Server2_117,Server2_656,50.0,0.4040929470871396
Server2_656,Server2_392,50.0,0.3507869664369962
Server2_392,Server2_656,50.0,0.3507869664369962
Server2_968,Server2_353,50.0,0.3674785398242332
Server2_353,Server2_968,50.0,0.3674785398242332
Server2_568,Server2_186,50.0,0.400477550350831
Server2_186,Server2_568,50.0,0.400477550350831
Server2_534,Server2_817,50.0,0.3845794116995647
Server2_817,Server2_534,50.0,0.3845794116995647
Server2_534,Server2_24,50.0,0.4193518036836184
Server2_24,Server2_534,50.0,0.4193518036836184
Server2_534,Server2_150,50.0,0.3281093191931126
Server2_150,Server2_534,50.0,0.3281093191931126
Server2_894,Server2_636,50.0,0.316893321791539
Server2_636,Server2_894,50.0,0.316893321791539
Server2_894,Server2_402,50.0,0.3767126927306231
Server2_402,Server2_894,50.0,0.3767126927306231
Server2_688,Server2_689,50.0,0.3580176476584118
Server2_689,Server2_688,50.0,0.3580176476584118
Server2_176,Server2_729,50.0,0.3544271014946073
Server2_729,Server2_176,50.0,0.3544271014946073
Server2_176,Server2_461,50.0,0.3105846752578484
Server2_461,Server2_176,50.0,0.3105846752578484
Server2_176,Server2_698,50.0,0.3721685711285071
Server2_698,Server2_176,50.0,0.3721685711285071
Server2_708,Server2_152,50.0,0.3771890087603106
Server2_152,Server2_708,50.0,0.3771890087603106
Server2_722,Server2_940,50.0,0.3848654485683412
Server2_940,Server2_722,50.0,0.3848654485683412
Server2_722,Server2_79,50.0,0.4432120621506634
Server2_79,Server2_722,50.0,0.4432120621506634
Server2_722,Server2_382,50.0,0.3046304227399332
Server2_382,Server2_722,50.0,0.3046304227399332
Server2_283,Server2_577,50.0,0.2705262746256442
Server2_577,Server2_283,50.0,0.2705262746256442
Server2_283,Server2_314,50.0,0.4253033278804078
Server2_314,Server2_283,50.0,0.4253033278804078
Server2_455,Server2_762,50.0,0.3353898083957832
Server2_762,Server2_455,50.0,0.3353898083957832
Server2_153,Server2_733,50.0,0.3734462270272419
Server2_733,Server2_153,50.0,0.3734462270272419
Server2_995,Server2_154,50.0,0.414201220574457
Server2_154,Server2_995,50.0,0.414201220574457
Server2_474,Server2_438,50.0,0.3673792043538272
Server2_438,Server2_474,50.0,0.3673792043538272
Server2_822,Server2_920,50.0,0.5587027071815251
Server2_920,Server2_822,50.0,0.5587027071815251
Server2_822,Server2_517,50.0,0.6422200109839503
Server2_517,Server2_822,50.0,0.6422200109839503
Server2_822,Server2_680,50.0,0.4837300492410041
Server2_680,Server2_822,50.0,0.4837300492410041
Server2_820,Server2_274,50.0,0.2849372439487368
Server2_274,Server2_820,50.0,0.2849372439487368
Server2_820,Server2_438,50.0,0.4071447895629992
Server2_438,Server2_820,50.0,0.4071447895629992
Server2_820,Server2_636,50.0,0.3104883790086586
Server2_636,Server2_820,50.0,0.3104883790086586
Server2_40,Server2_464,50.0,0.342748753996565
Server2_464,Server2_40,50.0,0.342748753996565
Server2_40,Server2_194,50.0,0.3954399872830774
Server2_194,Server2_40,50.0,0.3954399872830774
Server2_11,Server2_821,50.0,0.3080028871696186
Server2_821,Server2_11,50.0,0.3080028871696186
Server2_11,Server2_146,50.0,0.341858398998873
Server2_146,Server2_11,50.0,0.341858398998873
Server2_35,Server2_451,50.0,0.2946030770008059
Server2_451,Server2_35,50.0,0.2946030770008059
Server2_35,Server2_198,50.0,0.3762112830617109
Server2_198,Server2_35,50.0,0.3762112830617109
Server2_802,Server2_851,50.0,0.4234653711053591
Server2_851,Server2_802,50.0,0.4234653711053591
Server2_802,Server2_122,50.0,0.4366568700539639
Server2_122,Server2_802,50.0,0.4366568700539639
Server2_802,Server2_33,50.0,0.3790490478882272
Server2_33,Server2_802,50.0,0.3790490478882272
Server2_220,Server2_40,50.0,0.5889991238258113
Server2_40,Server2_220,50.0,0.5889991238258113
Server2_46,Server2_794,50.0,0.3165100152125897
Server2_794,Server2_46,50.0,0.3165100152125897
Server2_46,Server2_553,50.0,0.3085515261934866
Server2_553,Server2_46,50.0,0.3085515261934866
Server2_704,Server2_506,50.0,0.4127718141770811
Server2_506,Server2_704,50.0,0.4127718141770811
Server2_117,Server2_47,50.0,0.4103571838451728
Server2_47,Server2_117,50.0,0.4103571838451728
Server2_117,Server2_843,50.0,0.3740207741345046
Server2_843,Server2_117,50.0,0.3740207741345046
Server2_862,Server2_278,50.0,0.4077467256489104
Server2_278,Server2_862,50.0,0.4077467256489104
Server2_862,Server2_543,50.0,0.3036397094637808
Server2_543,Server2_862,50.0,0.3036397094637808
Server2_862,Server2_849,50.0,0.3667108985289828
Server2_849,Server2_862,50.0,0.3667108985289828
Server2_856,Server2_54,50.0,0.3130695254547648
Server2_54,Server2_856,50.0,0.3130695254547648
Server2_856,Server2_712,50.0,0.386914594713567
Server2_712,Server2_856,50.0,0.386914594713567
Server2_738,Server2_482,50.0,0.354845527293157
Server2_482,Server2_738,50.0,0.354845527293157
Server2_842,Server2_651,50.0,0.3740197295853517
Server2_651,Server2_842,50.0,0.3740197295853517
Server2_842,Server2_487,50.0,0.3048792701624726
Server2_487,Server2_842,50.0,0.3048792701624726
Server2_842,Server2_919,50.0,0.3238323090842414
Server2_919,Server2_842,50.0,0.3238323090842414
Server2_835,Server2_349,50.0,0.2841414887889642
Server2_349,Server2_835,50.0,0.2841414887889642
Server2_835,Server2_364,50.0,0.2990584777585986
Server2_364,Server2_835,50.0,0.2990584777585986
Server2_778,Server2_916,50.0,0.3484575464122274
Server2_916,Server2_778,50.0,0.3484575464122274
Server2_778,Server2_365,50.0,0.4247372309396083
Server2_365,Server2_778,50.0,0.4247372309396083
Server2_105,Server2_790,50.0,0.3843839820709483
Server2_790,Server2_105,50.0,0.3843839820709483
Server2_73,Server2_782,50.0,0.2936060534979284
Server2_782,Server2_73,50.0,0.2936060534979284
Server2_73,Server2_177,50.0,0.3310964106870606
Server2_177,Server2_73,50.0,0.3310964106870606
Server2_73,Server2_921,50.0,0.4076953180864445
Server2_921,Server2_73,50.0,0.4076953180864445
Server2_376,Server2_749,50.0,0.392655303023784
Server2_749,Server2_376,50.0,0.392655303023784
Server2_276,Server2_585,50.0,0.3705833316620412
Server2_585,Server2_276,50.0,0.3705833316620412
Server2_276,Server2_526,50.0,0.3637279651419984
Server2_526,Server2_276,50.0,0.3637279651419984
Server2_295,Server2_239,50.0,0.4287827110449208
Server2_239,Server2_295,50.0,0.4287827110449208
Server2_315,Server2_156,50.0,0.3824366125669058
Server2_156,Server2_315,50.0,0.3824366125669058
Server2_315,Server2_113,50.0,0.3188229495332433
Server2_113,Server2_315,50.0,0.3188229495332433
Server2_296,Server2_166,50.0,0.4330182273064126
Server2_166,Server2_296,50.0,0.4330182273064126
Server2_296,Server2_698,50.0,0.3528624130369634
Server2_698,Server2_296,50.0,0.3528624130369634
Server2_445,Server2_376,50.0,0.417730341019599
Server2_376,Server2_445,50.0,0.417730341019599
Server2_445,Server2_363,50.0,0.3977262982259079
Server2_363,Server2_445,50.0,0.3977262982259079
Server2_588,Server2_516,50.0,0.3279840889704032
Server2_516,Server2_588,50.0,0.3279840889704032
Server2_588,Server2_715,50.0,0.5207425045260567
Server2_715,Server2_588,50.0,0.5207425045260567
Server2_292,Server2_49,50.0,0.2915413401830529
Server2_49,Server2_292,50.0,0.2915413401830529
Server2_292,Server2_839,50.0,0.3347530414071841
Server2_839,Server2_292,50.0,0.3347530414071841
Server2_408,Server2_223,50.0,0.3726454415081322
Server2_223,Server2_408,50.0,0.3726454415081322
Server2_764,Server2_791,50.0,0.3202928754174126
Server2_791,Server2_764,50.0,0.3202928754174126
Server2_764,Server2_622,50.0,0.2704004300039066
Server2_622,Server2_764,50.0,0.2704004300039066
Server2_8,Server2_535,50.0,0.4573727157345708
Server2_535,Server2_8,50.0,0.4573727157345708
Server2_8,Server2_291,50.0,0.4926493907329801
Server2_291,Server2_8,50.0,0.4926493907329801
Server2_985,Server2_114,50.0,0.4308387090254153
Server2_114,Server2_985,50.0,0.4308387090254153
Server2_985,Server2_607,50.0,0.4291740488073664
Server2_607,Server2_985,50.0,0.4291740488073664
Server2_985,Server2_332,50.0,0.4065306034554162
Server2_332,Server2_985,50.0,0.4065306034554162
Server2_300,Server2_834,50.0,0.3454118891999701
Server2_834,Server2_300,50.0,0.3454118891999701
Server2_300,Server2_353,50.0,0.3203761468949154
Server2_353,Server2_300,50.0,0.3203761468949154
Server2_476,Server2_562,50.0,0.4082645229891182
Server2_562,Server2_476,50.0,0.4082645229891182
Server2_476,Server2_962,50.0,0.3368411439182899
Server2_962,Server2_476,50.0,0.3368411439182899
Server2_500,Server2_153,50.0,0.2724733557560168
Server2_153,Server2_500,50.0,0.2724733557560168
Server2_942,Server2_770,50.0,0.4198043205097335
Server2_770,Server2_942,50.0,0.4198043205097335
Server2_313,Server2_25,50.0,0.3786034627897469
Server2_25,Server2_313,50.0,0.3786034627897469
Server2_313,Server2_545,50.0,0.3932671497935949
Server2_545,Server2_313,50.0,0.3932671497935949
Server2_313,Server2_678,50.0,0.409281823247845
Server2_678,Server2_313,50.0,0.409281823247845
Server2_757,Server2_121,50.0,0.3606700380286576
Server2_121,Server2_757,50.0,0.3606700380286576
Server2_757,Server2_447,50.0,0.4057254480213377
Server2_447,Server2_757,50.0,0.4057254480213377
Server2_731,Server2_56,50.0,0.3171605273333446
Server2_56,Server2_731,50.0,0.3171605273333446
Server2_731,Server2_82,50.0,0.3561759739620324
Server2_82,Server2_731,50.0,0.3561759739620324
Server2_776,Server2_978,50.0,0.3842651862109769
Server2_978,Server2_776,50.0,0.3842651862109769
Server2_74,Server2_682,50.0,0.3116623156053258
Server2_682,Server2_74,50.0,0.3116623156053258
Server2_314,Server2_58,50.0,0.3163836356181592
Server2_58,Server2_314,50.0,0.3163836356181592
Server2_314,Server2_806,50.0,0.3664518669148546
Server2_806,Server2_314,50.0,0.3664518669148546
Server2_314,Server2_883,50.0,0.3556208138143962
Server2_883,Server2_314,50.0,0.3556208138143962
Server2_772,Server2_224,50.0,0.398731894612049
Server2_224,Server2_772,50.0,0.398731894612049
Server2_772,Server2_307,50.0,0.4350279708424894
Server2_307,Server2_772,50.0,0.4350279708424894
Server2_772,Server2_271,50.0,0.3801306985205184
Server2_271,Server2_772,50.0,0.3801306985205184
Server2_611,Server2_831,50.0,0.3970666421376881
Server2_831,Server2_611,50.0,0.3970666421376881
Server2_697,Server2_322,50.0,0.4305240933470848
Server2_322,Server2_697,50.0,0.4305240933470848
Server2_860,Server2_982,50.0,0.391222079041633
Server2_982,Server2_860,50.0,0.391222079041633
Server2_860,Server2_362,50.0,0.3630181551814163
Server2_362,Server2_860,50.0,0.3630181551814163
Server2_361,Server2_993,50.0,0.29755156114492
Server2_993,Server2_361,50.0,0.29755156114492
Server2_280,Server2_54,50.0,0.2733526046491238
Server2_54,Server2_280,50.0,0.2733526046491238
Server2_600,Server2_934,50.0,0.399463848179563
Server2_934,Server2_600,50.0,0.399463848179563
Server2_600,Server2_336,50.0,0.3754087974588866
Server2_336,Server2_600,50.0,0.3754087974588866
Server2_911,Server2_219,50.0,0.351390248701339
Server2_219,Server2_911,50.0,0.351390248701339
Server2_911,Server2_155,50.0,0.3542616435256423
Server2_155,Server2_911,50.0,0.3542616435256423
Server2_911,Server2_773,50.0,0.4321602906207731
Server2_773,Server2_911,50.0,0.4321602906207731
Server2_309,Server2_901,50.0,0.3969721115528002
Server2_901,Server2_309,50.0,0.3969721115528002
Server2_309,Server2_245,50.0,0.3056863148870842
Server2_245,Server2_309,50.0,0.3056863148870842
Server2_309,Server2_162,50.0,0.3639014524059268
Server2_162,Server2_309,50.0,0.3639014524059268
Server2_367,Server2_652,50.0,0.2842350772479264
Server2_652,Server2_367,50.0,0.2842350772479264
Server2_367,Server2_198,50.0,0.2898012892790967
Server2_198,Server2_367,50.0,0.2898012892790967
Server2_367,Server2_720,50.0,0.2796941196905826
Server2_720,Server2_367,50.0,0.2796941196905826
Server2_978,Server2_416,50.0,0.4523726145055137
Server2_416,Server2_978,50.0,0.4523726145055137
Server2_978,Server2_453,50.0,0.3188503125296255
Server2_453,Server2_978,50.0,0.3188503125296255
Server2_221,Server2_173,50.0,0.3780024510808772
Server2_173,Server2_221,50.0,0.3780024510808772
Server2_68,Server2_522,50.0,0.4558402811547199
Server2_522,Server2_68,50.0,0.4558402811547199
Server2_68,Server2_5,50.0,0.4647531160190214
Server2_5,Server2_68,50.0,0.4647531160190214
Server2_668,Server2_230,50.0,0.2875469267612114
Server2_230,Server2_668,50.0,0.2875469267612114
Server2_668,Server2_143,50.0,0.3771958655246601
Server2_143,Server2_668,50.0,0.3771958655246601
Server2_101,Server2_898,50.0,0.4554531672780711
Server2_898,Server2_101,50.0,0.4554531672780711
Server2_101,Server2_4,50.0,0.3924875202494952
Server2_4,Server2_101,50.0,0.3924875202494952
Server2_101,Server2_20,50.0,0.4478593481951506
Server2_20,Server2_101,50.0,0.4478593481951506
Server2_984,Server2_512,50.0,0.2730431776032287
Server2_512,Server2_984,50.0,0.2730431776032287
Server2_984,Server2_765,50.0,0.3950541658386648
Server2_765,Server2_984,50.0,0.3950541658386648
Server2_225,Server2_800,50.0,0.264750320112196
Server2_800,Server2_225,50.0,0.264750320112196
Server2_225,Server2_500,50.0,0.315536669679123
Server2_500,Server2_225,50.0,0.315536669679123
Server2_673,Server2_57,50.0,0.3752756735828137
Server2_57,Server2_673,50.0,0.3752756735828137
Server2_673,Server2_346,50.0,0.3627466638830379
Server2_346,Server2_673,50.0,0.3627466638830379
Server2_673,Server2_501,50.0,0.3597546623161623
Server2_501,Server2_673,50.0,0.3597546623161623
Server2_170,Server2_258,50.0,0.4599861533074485
Server2_258,Server2_170,50.0,0.4599861533074485
Server2_572,Server2_683,50.0,0.3570696694153356
Server2_683,Server2_572,50.0,0.3570696694153356
Server2_572,Server2_989,50.0,0.286956025275126
Server2_989,Server2_572,50.0,0.286956025275126
Server2_181,Server2_404,50.0,0.3194808174550094
Server2_404,Server2_181,50.0,0.3194808174550094
Server2_181,Server2_225,50.0,0.3215678702411724
Server2_225,Server2_181,50.0,0.3215678702411724
Server2_181,Server2_71,50.0,0.3627497857673918
Server2_71,Server2_181,50.0,0.3627497857673918
Server2_591,Server2_730,50.0,0.3677353960540936
Server2_730,Server2_591,50.0,0.3677353960540936
Server2_591,Server2_931,50.0,0.3315743444386768
Server2_931,Server2_591,50.0,0.3315743444386768
Server2_591,Server2_598,50.0,0.2866199888122572
Server2_598,Server2_591,50.0,0.2866199888122572
Server2_493,Server2_172,50.0,0.2848251462171326
Server2_172,Server2_493,50.0,0.2848251462171326
Server2_493,Server2_783,50.0,0.2920680222533558
Server2_783,Server2_493,50.0,0.2920680222533558
Server2_493,Server2_481,50.0,0.390033615824728
Server2_481,Server2_493,50.0,0.390033615824728
Server2_38,Server2_488,50.0,0.3708067872564337
Server2_488,Server2_38,50.0,0.3708067872564337
Server2_52,Server2_99,50.0,0.4406074110611372
Server2_99,Server2_52,50.0,0.4406074110611372
Server2_915,Server2_853,50.0,0.3659799195065182
Server2_853,Server2_915,50.0,0.3659799195065182
Server2_353,Server2_39,50.0,0.3253727018289605
Server2_39,Server2_353,50.0,0.3253727018289605
Server2_353,Server2_7,50.0,0.4338535579820968
Server2_7,Server2_353,50.0,0.4338535579820968
Server2_732,Server2_617,50.0,0.289707902616313
Server2_617,Server2_732,50.0,0.289707902616313
Server2_732,Server2_376,50.0,0.4347584353504836
Server2_376,Server2_732,50.0,0.4347584353504836
Server2_162,Server2_753,50.0,0.295748687591856
Server2_753,Server2_162,50.0,0.295748687591856
Server2_162,Server2_963,50.0,0.3050035124576268
Server2_963,Server2_162,50.0,0.3050035124576268
Server2_162,Server2_901,50.0,0.4838765496300005
Server2_901,Server2_162,50.0,0.4838765496300005
Server2_962,Server2_131,50.0,0.3492487841199544
Server2_131,Server2_962,50.0,0.3492487841199544
Server2_962,Server2_895,50.0,0.350289821227586
Server2_895,Server2_962,50.0,0.350289821227586
Server2_962,Server2_562,50.0,0.3009713050479169
Server2_562,Server2_962,50.0,0.3009713050479169
Server2_583,Server2_891,50.0,0.4263638967454758
Server2_891,Server2_583,50.0,0.4263638967454758
Server2_583,Server2_784,50.0,0.3535902973670252
Server2_784,Server2_583,50.0,0.3535902973670252
Server2_933,Server2_633,50.0,0.7914182076287749
Server2_633,Server2_933,50.0,0.7914182076287749
Server2_933,Server2_14,50.0,0.5717153509918379
Server2_14,Server2_933,50.0,0.5717153509918379
Server2_933,Server2_818,50.0,0.9185703067787098
Server2_818,Server2_933,50.0,0.9185703067787098
Server2_969,Server2_380,50.0,0.5042277075504287
Server2_380,Server2_969,50.0,0.5042277075504287
Server2_969,Server2_826,50.0,0.557640526922981
Server2_826,Server2_969,50.0,0.557640526922981
Server2_969,Server2_626,50.0,0.597902931789274
Server2_626,Server2_969,50.0,0.597902931789274
Server2_277,Server2_56,50.0,0.2988163930792479
Server2_56,Server2_277,50.0,0.2988163930792479
Server2_277,Server2_563,50.0,0.3795931720847887
Server2_563,Server2_277,50.0,0.3795931720847887
Server2_150,Server2_817,50.0,0.3583496844568115
Server2_817,Server2_150,50.0,0.3583496844568115
Server2_113,Server2_692,50.0,0.4228950934682417
Server2_692,Server2_113,50.0,0.4228950934682417
Server2_113,Server2_366,50.0,0.347260235688808
Server2_366,Server2_113,50.0,0.347260235688808
Server2_517,Server2_466,50.0,0.452850475072839
Server2_466,Server2_517,50.0,0.452850475072839
Server2_517,Server2_725,50.0,0.4050905723842168
Server2_725,Server2_517,50.0,0.4050905723842168
Server2_177,Server2_3,50.0,0.4114115098600136
Server2_3,Server2_177,50.0,0.4114115098600136
Server2_177,Server2_793,50.0,0.441187171018203
Server2_793,Server2_177,50.0,0.441187171018203
Server2_177,Server2_526,50.0,0.396089961908866
Server2_526,Server2_177,50.0,0.396089961908866
Server2_838,Server2_365,50.0,0.3835120248899198
Server2_365,Server2_838,50.0,0.3835120248899198
Server2_838,Server2_421,50.0,0.3561284611487368
Server2_421,Server2_838,50.0,0.3561284611487368
Server2_973,Server2_273,50.0,0.305936915811907
Server2_273,Server2_973,50.0,0.305936915811907
Server2_973,Server2_998,50.0,0.436815438686937
Server2_998,Server2_973,50.0,0.436815438686937
Server2_916,Server2_151,50.0,0.4336004920647176
Server2_151,Server2_916,50.0,0.4336004920647176
Server2_671,Server2_378,50.0,0.4338619429390962
Server2_378,Server2_671,50.0,0.4338619429390962
Server2_30,Server2_601,50.0,0.2843179368583804
Server2_601,Server2_30,50.0,0.2843179368583804
Server2_627,Server2_821,50.0,0.3507729895365644
Server2_821,Server2_627,50.0,0.3507729895365644
Server2_627,Server2_413,50.0,0.2751868465717582
Server2_413,Server2_627,50.0,0.2751868465717582
Server2_529,Server2_404,50.0,0.3965350740474814
Server2_404,Server2_529,50.0,0.3965350740474814
Server2_931,Server2_864,50.0,0.294041485331096
Server2_864,Server2_931,50.0,0.294041485331096
Server2_307,Server2_202,50.0,0.3523934113743378
Server2_202,Server2_307,50.0,0.3523934113743378
Server2_307,Server2_817,50.0,0.3722139819847836
Server2_817,Server2_307,50.0,0.3722139819847836
Server2_307,Server2_2,50.0,0.3258637822717782
Server2_2,Server2_307,50.0,0.3258637822717782
Server2_869,Server2_112,50.0,0.317733624555706
Server2_112,Server2_869,50.0,0.317733624555706
Server2_869,Server2_700,50.0,0.3942760233292276
Server2_700,Server2_869,50.0,0.3942760233292276
Server2_869,Server2_572,50.0,0.4017738811068772
Server2_572,Server2_869,50.0,0.4017738811068772
Server2_788,Server2_988,50.0,0.4575033464918041
Server2_988,Server2_788,50.0,0.4575033464918041
Server2_237,Server2_134,50.0,0.4699295900598986
Server2_134,Server2_237,50.0,0.4699295900598986
Server2_237,Server2_527,50.0,0.3916026512682842
Server2_527,Server2_237,50.0,0.3916026512682842
Server2_792,Server2_475,50.0,0.3332624042229034
Server2_475,Server2_792,50.0,0.3332624042229034
Server2_792,Server2_599,50.0,0.3867514569927756
Server2_599,Server2_792,50.0,0.3867514569927756
Server2_596,Server2_746,50.0,0.2717411581445974
Server2_746,Server2_596,50.0,0.2717411581445974
Server2_893,Server2_406,50.0,0.3525512178133398
Server2_406,Server2_893,50.0,0.3525512178133398
Server2_893,Server2_552,50.0,0.488292799748707
Server2_552,Server2_893,50.0,0.488292799748707
Server2_589,Server2_388,50.0,0.4737059575893734
Server2_388,Server2_589,50.0,0.4737059575893734
Server2_589,Server2_762,50.0,0.4224447905780886
Server2_762,Server2_589,50.0,0.4224447905780886
Server2_419,Server2_570,50.0,0.5030590382734978
Server2_570,Server2_419,50.0,0.5030590382734978
Server2_544,Server2_442,50.0,0.4349951593897938
Server2_442,Server2_544,50.0,0.4349951593897938
Server2_544,Server2_151,50.0,0.2934618623726359
Server2_151,Server2_544,50.0,0.2934618623726359
Server2_331,Server2_679,50.0,0.3874126464084092
Server2_679,Server2_331,50.0,0.3874126464084092
Server2_331,Server2_161,50.0,0.341716776236554
Server2_161,Server2_331,50.0,0.341716776236554
Server2_128,Server2_960,50.0,0.349733447543145
Server2_960,Server2_128,50.0,0.349733447543145
Server2_618,Server2_790,50.0,0.3808995481780381
Server2_790,Server2_618,50.0,0.3808995481780381
Server2_618,Server2_396,50.0,0.3074023931932162
Server2_396,Server2_618,50.0,0.3074023931932162
Server2_278,Server2_849,50.0,0.3614112046696438
Server2_849,Server2_278,50.0,0.3614112046696438
Server2_451,Server2_198,50.0,0.261658647782051
Server2_198,Server2_451,50.0,0.261658647782051
Server2_739,Server2_248,50.0,0.4380883264640677
Server2_248,Server2_739,50.0,0.4380883264640677
Server2_739,Server2_406,50.0,0.331887705242822
Server2_406,Server2_739,50.0,0.331887705242822
Server2_938,Server2_19,50.0,0.2879465364215428
Server2_19,Server2_938,50.0,0.2879465364215428
Server2_938,Server2_828,50.0,0.3391086002565936
Server2_828,Server2_938,50.0,0.3391086002565936
Server2_262,Server2_247,50.0,0.3519627465740058
Server2_247,Server2_262,50.0,0.3519627465740058
Server2_858,Server2_530,50.0,0.456318566591727
Server2_530,Server2_858,50.0,0.456318566591727
Server2_774,Server2_921,50.0,0.3929689889178698
Server2_921,Server2_774,50.0,0.3929689889178698
Server2_774,Server2_276,50.0,0.3632851740147624
Server2_276,Server2_774,50.0,0.3632851740147624
Server2_774,Server2_965,50.0,0.4327555427985656
Server2_965,Server2_774,50.0,0.4327555427985656
Server2_509,Server2_584,50.0,0.4304843265674046
Server2_584,Server2_509,50.0,0.4304843265674046
Server2_509,Server2_860,50.0,0.5187773079321677
Server2_860,Server2_509,50.0,0.5187773079321677
Server2_920,Server2_1000,50.0,0.3833058909651198
Server2_1000,Server2_920,50.0,0.3833058909651198
Server2_920,Server2_407,50.0,0.320732849027359
Server2_407,Server2_920,50.0,0.320732849027359
Server2_920,Server2_909,50.0,0.3351642247920594
Server2_909,Server2_920,50.0,0.3351642247920594
Server2_143,Server2_906,50.0,0.3658103311093015
Server2_906,Server2_143,50.0,0.3658103311093015
Server2_766,Server2_404,50.0,0.3951785357271479
Server2_404,Server2_766,50.0,0.3951785357271479
Server2_766,Server2_191,50.0,0.3354142250077336
Server2_191,Server2_766,50.0,0.3354142250077336
Server2_766,Server2_340,50.0,0.4069667315147007
Server2_340,Server2_766,50.0,0.4069667315147007
Server2_265,Server2_271,50.0,0.3884543229623139
Server2_271,Server2_265,50.0,0.3884543229623139
Server2_265,Server2_18,50.0,0.3865904540915148
Server2_18,Server2_265,50.0,0.3865904540915148
Server2_841,Server2_30,50.0,0.3312838622307714
Server2_30,Server2_841,50.0,0.3312838622307714
Server2_841,Server2_214,50.0,0.3681428078237698
Server2_214,Server2_841,50.0,0.3681428078237698
Server2_841,Server2_394,50.0,0.3613992067436792
Server2_394,Server2_841,50.0,0.3613992067436792
Server2_448,Server2_586,50.0,0.3400377533788177
Server2_586,Server2_448,50.0,0.3400377533788177
Server2_824,Server2_753,50.0,0.3302764698381957
Server2_753,Server2_824,50.0,0.3302764698381957
Server2_824,Server2_963,50.0,0.2666607221321579
Server2_963,Server2_824,50.0,0.2666607221321579
Server2_824,Server2_317,50.0,0.4120864182437328
Server2_317,Server2_824,50.0,0.4120864182437328
Server2_459,Server2_386,50.0,0.5322670823342629
Server2_386,Server2_459,50.0,0.5322670823342629
Server2_83,Server2_98,50.0,0.3446572947496093
Server2_98,Server2_83,50.0,0.3446572947496093
Server2_43,Server2_214,50.0,0.3108546238634868
Server2_214,Server2_43,50.0,0.3108546238634868
Server2_232,Server2_848,50.0,0.410828902015228
Server2_848,Server2_232,50.0,0.410828902015228
Server2_405,Server2_602,50.0,0.4383451529168964
Server2_602,Server2_405,50.0,0.4383451529168964
Server2_951,Server2_652,50.0,0.3616061817278975
Server2_652,Server2_951,50.0,0.3616061817278975
Server2_951,Server2_683,50.0,0.3571228179977619
Server2_683,Server2_951,50.0,0.3571228179977619
Server2_951,Server2_154,50.0,0.3584370777284204
Server2_154,Server2_951,50.0,0.3584370777284204
Server2_172,Server2_298,50.0,0.3287619364224686
Server2_298,Server2_172,50.0,0.3287619364224686
Server2_734,Server2_749,50.0,0.3899925511638248
Server2_749,Server2_734,50.0,0.3899925511638248
Server2_734,Server2_463,50.0,0.4110350639014236
Server2_463,Server2_734,50.0,0.4110350639014236
Server2_836,Server2_219,50.0,0.3638185011143256
Server2_219,Server2_836,50.0,0.3638185011143256
Server2_472,Server2_256,50.0,0.4569218805028843
Server2_256,Server2_472,50.0,0.4569218805028843
Server2_319,Server2_400,50.0,0.3645450027616884
Server2_400,Server2_319,50.0,0.3645450027616884
Server2_319,Server2_693,50.0,0.3040739158023366
Server2_693,Server2_319,50.0,0.3040739158023366
Server2_542,Server2_207,50.0,0.5091847390161686
Server2_207,Server2_542,50.0,0.5091847390161686
Server2_542,Server2_813,50.0,0.5523045514630875
Server2_813,Server2_542,50.0,0.5523045514630875
Server2_279,Server2_8,50.0,0.3269556660996405
Server2_8,Server2_279,50.0,0.3269556660996405
Server2_438,Server2_438,50.0,0.3291379307375633
Server2_609,Server2_16,50.0,0.355924948536317
Server2_16,Server2_609,50.0,0.355924948536317
Server2_878,Server2_261,50.0,0.3646644960649368
Server2_261,Server2_878,50.0,0.3646644960649368
Server2_878,Server2_405,50.0,0.4285919785008736
Server2_405,Server2_878,50.0,0.4285919785008736
Server2_622,Server2_744,50.0,0.3068706300282404
Server2_744,Server2_622,50.0,0.3068706300282404
Server2_629,Server2_963,50.0,0.3089187869879744
Server2_963,Server2_629,50.0,0.3089187869879744
Server2_873,Server2_452,50.0,0.3557324414250139
Server2_452,Server2_873,50.0,0.3557324414250139
Server2_873,Server2_64,50.0,0.3950437691063738
Server2_64,Server2_873,50.0,0.3950437691063738
Server2_777,Server2_539,50.0,0.3472750925360457
Server2_539,Server2_777,50.0,0.3472750925360457
Server2_896,Server2_345,50.0,0.3813633434100391
Server2_345,Server2_896,50.0,0.3813633434100391
Server2_222,Server2_504,50.0,0.3866166834168075
Server2_504,Server2_222,50.0,0.3866166834168075
Server2_983,Server2_163,50.0,0.5033989312982319
Server2_163,Server2_983,50.0,0.5033989312982319
Server2_983,Server2_302,50.0,0.3751046848329226
Server2_302,Server2_983,50.0,0.3751046848329226
Server2_866,Server2_512,50.0,0.2794633933940114
Server2_512,Server2_866,50.0,0.2794633933940114
Server2_866,Server2_984,50.0,0.3533854796163776
Server2_984,Server2_866,50.0,0.3533854796163776
Server2_866,Server2_287,50.0,0.3658700411005344
Server2_287,Server2_866,50.0,0.3658700411005344
Server2_298,Server2_545,50.0,0.3879968738881234
Server2_545,Server2_298,50.0,0.3879968738881234
Server2_298,Server2_25,50.0,0.3303064538840146
Server2_25,Server2_298,50.0,0.3303064538840146
Server2_560,Server2_59,50.0,0.3621712979892824
Server2_59,Server2_560,50.0,0.3621712979892824
Server2_560,Server2_92,50.0,0.3651768943652819
Server2_92,Server2_560,50.0,0.3651768943652819
Server2_663,Server2_386,50.0,0.4778080462550978
Server2_386,Server2_663,50.0,0.4778080462550978
Server2_108,Server2_26,50.0,0.3996761873607648
Server2_26,Server2_108,50.0,0.3996761873607648
Server2_375,Server2_847,50.0,0.2754630072628542
Server2_847,Server2_375,50.0,0.2754630072628542
Server2_375,Server2_448,50.0,0.3689258773072928
Server2_448,Server2_375,50.0,0.3689258773072928
Server2_375,Server2_187,50.0,0.3950195234239978
Server2_187,Server2_375,50.0,0.3950195234239978
Server2_147,Server2_498,50.0,0.5324669392375115
Server2_498,Server2_147,50.0,0.5324669392375115
Server2_147,Server2_891,50.0,0.4890435488899382
Server2_891,Server2_147,50.0,0.4890435488899382
Server2_750,Server2_178,50.0,0.3414323100360609
Server2_178,Server2_750,50.0,0.3414323100360609
Server2_149,Server2_630,50.0,0.3801846449037194
Server2_630,Server2_149,50.0,0.3801846449037194
Server2_789,Server2_208,50.0,0.4496673019032823
Server2_208,Server2_789,50.0,0.4496673019032823
Server2_789,Server2_771,50.0,0.385856877097222
Server2_771,Server2_789,50.0,0.385856877097222
Server2_520,Server2_130,50.0,0.5849354530883197
Server2_130,Server2_520,50.0,0.5849354530883197
Server2_728,Server2_685,50.0,0.6871329053249915
Server2_685,Server2_728,50.0,0.6871329053249915
Server2_728,Server2_426,50.0,0.5891882197617527
Server2_426,Server2_728,50.0,0.5891882197617527
Server2_728,Server2_171,50.0,0.4377143982883537
Server2_171,Server2_728,50.0,0.4377143982883537
Server2_28,Server2_520,50.0,0.3934549990209174
Server2_520,Server2_28,50.0,0.3934549990209174
Server2_28,Server2_846,50.0,0.5147481848825233
Server2_846,Server2_28,50.0,0.5147481848825233
Server2_28,Server2_130,50.0,0.5486711050323347
Server2_130,Server2_28,50.0,0.5486711050323347
Server2_71,Server2_192,50.0,0.3340540847506756
Server2_192,Server2_71,50.0,0.3340540847506756
Server2_71,Server2_667,50.0,0.2766133381218673
Server2_667,Server2_71,50.0,0.2766133381218673
Server2_4,Server2_20,50.0,0.4301397605553326
Server2_20,Server2_4,50.0,0.4301397605553326
Server2_244,Server2_25,50.0,0.4258940086135134
Server2_25,Server2_244,50.0,0.4258940086135134
Server2_244,Server2_172,50.0,0.3617442288598862
Server2_172,Server2_244,50.0,0.3617442288598862
Server2_243,Server2_636,50.0,0.3656166397468264
Server2_636,Server2_243,50.0,0.3656166397468264
Server2_247,Server2_670,50.0,0.4407298767219974
Server2_670,Server2_247,50.0,0.4407298767219974
Server2_247,Server2_942,50.0,0.4593515075304823
Server2_942,Server2_247,50.0,0.4593515075304823
Server2_582,Server2_421,50.0,0.3664789882433774
Server2_421,Server2_582,50.0,0.3664789882433774
Server2_373,Server2_526,50.0,0.3303469712752581
Server2_526,Server2_373,50.0,0.3303469712752581
Server2_226,Server2_744,50.0,0.3231322222445436
Server2_744,Server2_226,50.0,0.3231322222445436
Server2_566,Server2_332,50.0,0.2634445383137738
Server2_332,Server2_566,50.0,0.2634445383137738
Server2_199,Server2_607,50.0,0.3973927012800018
Server2_607,Server2_199,50.0,0.3973927012800018
Server2_199,Server2_584,50.0,0.4787593794228657
Server2_584,Server2_199,50.0,0.4787593794228657
Server2_199,Server2_639,50.0,0.5926655910168668
Server2_639,Server2_199,50.0,0.5926655910168668
Server2_194,Server2_194,50.0,0.3892185890337926
Server2_194,Server2_884,50.0,0.343979585261408
Server2_884,Server2_194,50.0,0.343979585261408
Server2_350,Server2_68,50.0,0.3867958659295566
Server2_68,Server2_350,50.0,0.3867958659295566
Server2_32,Server2_936,50.0,0.3280594720306178
Server2_936,Server2_32,50.0,0.3280594720306178
Server2_32,Server2_334,50.0,0.3183645506167822
Server2_334,Server2_32,50.0,0.3183645506167822
Server2_32,Server2_511,50.0,0.2771906290186896
Server2_511,Server2_32,50.0,0.2771906290186896
Server2_168,Server2_977,50.0,0.310993844857465
Server2_977,Server2_168,50.0,0.310993844857465
Server2_168,Server2_644,50.0,0.4680699604558645
Server2_644,Server2_168,50.0,0.4680699604558645
Server2_168,Server2_106,50.0,0.2983807577768353
Server2_106,Server2_168,50.0,0.2983807577768353
Server2_175,Server2_960,50.0,0.4015858616176431
Server2_960,Server2_175,50.0,0.4015858616176431
Server2_97,Server2_289,50.0,0.2896914637854072
Server2_289,Server2_97,50.0,0.2896914637854072
Server2_97,Server2_272,50.0,0.3132104356631708
Server2_272,Server2_97,50.0,0.3132104356631708
Server2_690,Server2_664,50.0,0.3386006957774882
Server2_664,Server2_690,50.0,0.3386006957774882
Server2_987,Server2_483,50.0,0.427215641187921
Server2_483,Server2_987,50.0,0.427215641187921
Server2_843,Server2_413,50.0,0.3941490084041802
Server2_413,Server2_843,50.0,0.3941490084041802
Server2_420,Server2_228,50.0,0.3393439861375648
Server2_228,Server2_420,50.0,0.3393439861375648
Server2_420,Server2_333,50.0,0.430821854218977
Server2_333,Server2_420,50.0,0.430821854218977
Server2_327,Server2_167,50.0,0.3718129611522296
Server2_167,Server2_327,50.0,0.3718129611522296
Server2_391,Server2_635,50.0,0.4117977866394779
Server2_635,Server2_391,50.0,0.4117977866394779
Server2_391,Server2_653,50.0,0.439189259555806
Server2_653,Server2_391,50.0,0.439189259555806
Server2_391,Server2_194,50.0,0.563434710207597
Server2_194,Server2_391,50.0,0.563434710207597
Server2_994,Server2_575,50.0,0.5775378465247152
Server2_575,Server2_994,50.0,0.5775378465247152
Server2_994,Server2_332,50.0,0.5305044892582168
Server2_332,Server2_994,50.0,0.5305044892582168
Server2_994,Server2_443,50.0,0.484100456998879
Server2_443,Server2_994,50.0,0.484100456998879
Server2_269,Server2_44,50.0,0.325310677478299
Server2_44,Server2_269,50.0,0.325310677478299
Server2_269,Server2_702,50.0,0.3972045519462236
Server2_702,Server2_269,50.0,0.3972045519462236
Server2_424,Server2_360,50.0,0.5996802427843168
Server2_360,Server2_424,50.0,0.5996802427843168
Server2_715,Server2_380,50.0,0.3993810115524745
Server2_380,Server2_715,50.0,0.3993810115524745
Server2_715,Server2_717,50.0,0.4611870542792954
Server2_717,Server2_715,50.0,0.4611870542792954
Server2_715,Server2_537,50.0,0.3398878312300512
Server2_537,Server2_715,50.0,0.3398878312300512
Server2_908,Server2_684,50.0,0.4106388740243904
Server2_684,Server2_908,50.0,0.4106388740243904
Server2_412,Server2_143,50.0,0.3312301705833832
Server2_143,Server2_412,50.0,0.3312301705833832
Server2_477,Server2_63,50.0,0.4139704761297172
Server2_63,Server2_477,50.0,0.4139704761297172
Server2_450,Server2_535,50.0,0.3362020863484818
Server2_535,Server2_450,50.0,0.3362020863484818
Server2_450,Server2_279,50.0,0.409853473920828
Server2_279,Server2_450,50.0,0.409853473920828
Server2_807,Server2_935,50.0,0.4352627416583494
Server2_935,Server2_807,50.0,0.4352627416583494
Server2_549,Server2_654,50.0,0.288742815094566
Server2_654,Server2_549,50.0,0.288742815094566
Server2_549,Server2_540,50.0,0.3289004515047658
Server2_540,Server2_549,50.0,0.3289004515047658
Server2_828,Server2_269,50.0,0.2973508912919294
Server2_269,Server2_828,50.0,0.2973508912919294
Server2_828,Server2_702,50.0,0.3757857884010105
Server2_702,Server2_828,50.0,0.3757857884010105
Server2_821,Server2_371,50.0,0.3987974088727716
Server2_371,Server2_821,50.0,0.3987974088727716
Server2_821,Server2_299,50.0,0.3668628171216088
Server2_299,Server2_821,50.0,0.3668628171216088
Server2_193,Server2_667,50.0,0.3504951134541719
Server2_667,Server2_193,50.0,0.3504951134541719
Server2_762,Server2_116,50.0,0.3727639214230575
Server2_116,Server2_762,50.0,0.3727639214230575
Server2_762,Server2_388,50.0,0.3665064052265745
Server2_388,Server2_762,50.0,0.3665064052265745
Server2_683,Server2_301,50.0,0.2881916333556247
Server2_301,Server2_683,50.0,0.2881916333556247
Server2_458,Server2_746,50.0,0.2935971776629098
Server2_746,Server2_458,50.0,0.2935971776629098
Server2_458,Server2_478,50.0,0.3766011675906255
Server2_478,Server2_458,50.0,0.3766011675906255
Server2_458,Server2_425,50.0,0.3764857206581988
Server2_425,Server2_458,50.0,0.3764857206581988
Server2_312,Server2_520,50.0,0.5858861057674913
Server2_520,Server2_312,50.0,0.5858861057674913
Server2_312,Server2_431,50.0,0.538935487295667
Server2_431,Server2_312,50.0,0.538935487295667
Server2_212,Server2_387,50.0,0.3742531019839784
Server2_387,Server2_212,50.0,0.3742531019839784
Server2_687,Server2_440,50.0,0.3324958634664857
Server2_440,Server2_687,50.0,0.3324958634664857
Server2_687,Server2_768,50.0,0.3870379835712864
Server2_768,Server2_687,50.0,0.3870379835712864
Server2_126,Server2_25,50.0,0.3431129268634582
Server2_25,Server2_126,50.0,0.3431129268634582
Server2_293,Server2_184,50.0,0.4030865635239866
Server2_184,Server2_293,50.0,0.4030865635239866
Server2_320,Server2_55,50.0,0.4462778967202292
Server2_55,Server2_320,50.0,0.4462778967202292
Server2_320,Server2_218,50.0,0.4094219284084464
Server2_218,Server2_320,50.0,0.4094219284084464
Server2_320,Server2_236,50.0,0.4077682556113954
Server2_236,Server2_320,50.0,0.4077682556113954
Server2_681,Server2_61,50.0,0.3179608492991044
Server2_61,Server2_681,50.0,0.3179608492991044
Server2_681,Server2_423,50.0,0.3713528993095948
Server2_423,Server2_681,50.0,0.3713528993095948
Server2_681,Server2_180,50.0,0.3590640600814222
Server2_180,Server2_681,50.0,0.3590640600814222
Server2_5,Server2_899,50.0,0.2954558844067624
Server2_899,Server2_5,50.0,0.2954558844067624
Server2_5,Server2_550,50.0,0.3777504766575374
Server2_550,Server2_5,50.0,0.3777504766575374
Server2_7,Server2_865,50.0,0.3718484392643393
Server2_865,Server2_7,50.0,0.3718484392643393
Server2_7,Server2_235,50.0,0.3302666951637852
Server2_235,Server2_7,50.0,0.3302666951637852
Server2_7,Server2_741,50.0,0.345714859040959
Server2_741,Server2_7,50.0,0.345714859040959
Server2_977,Server2_712,50.0,0.4380473467778336
Server2_712,Server2_977,50.0,0.4380473467778336
Server2_977,Server2_280,50.0,0.4131328279662798
Server2_280,Server2_977,50.0,0.4131328279662798
Server2_180,Server2_17,50.0,0.3681146057756406
Server2_17,Server2_180,50.0,0.3681146057756406
Server2_180,Server2_298,50.0,0.3925578926446234
Server2_298,Server2_180,50.0,0.3925578926446234
Server2_553,Server2_630,50.0,0.3328557574564077
Server2_630,Server2_553,50.0,0.3328557574564077
Server2_553,Server2_658,50.0,0.3452051701719624
Server2_658,Server2_553,50.0,0.3452051701719624
Server2_553,Server2_907,50.0,0.3154304642021814
Server2_907,Server2_553,50.0,0.3154304642021814
Server2_261,Server2_578,50.0,0.3129567643426848
Server2_578,Server2_261,50.0,0.3129567643426848
Server2_261,Server2_428,50.0,0.3294916644365776
Server2_428,Server2_261,50.0,0.3294916644365776
Server2_122,Server2_403,50.0,0.3876089288701972
Server2_403,Server2_122,50.0,0.3876089288701972
Server2_122,Server2_122,50.0,0.3722864109551619
Server2_218,Server2_385,50.0,0.3345128420689748
Server2_385,Server2_218,50.0,0.3345128420689748
Server2_218,Server2_682,50.0,0.4382996445903632
Server2_682,Server2_218,50.0,0.4382996445903632
Server2_859,Server2_777,50.0,0.6092955847606997
Server2_777,Server2_859,50.0,0.6092955847606997
Server2_859,Server2_509,50.0,0.3580923757466386
Server2_509,Server2_859,50.0,0.3580923757466386
Server2_650,Server2_813,50.0,0.5334369007691264
Server2_813,Server2_650,50.0,0.5334369007691264
Server2_650,Server2_70,50.0,0.4465149205332622
Server2_70,Server2_650,50.0,0.4465149205332622
Server2_216,Server2_211,50.0,0.4254267436632128
Server2_211,Server2_216,50.0,0.4254267436632128
Server2_463,Server2_582,50.0,0.3614713369271386
Server2_582,Server2_463,50.0,0.3614713369271386
Server2_880,Server2_496,50.0,0.3138767770483666
Server2_496,Server2_880,50.0,0.3138767770483666
Server2_880,Server2_721,50.0,0.3604452359665103
Server2_721,Server2_880,50.0,0.3604452359665103
Server2_884,Server2_462,50.0,0.3372618589699128
Server2_462,Server2_884,50.0,0.3372618589699128
Server2_884,Server2_464,50.0,0.4032618648732126
Server2_464,Server2_884,50.0,0.4032618648732126
Server2_86,Server2_193,50.0,0.3059726577879368
Server2_193,Server2_86,50.0,0.3059726577879368
Server2_86,Server2_344,50.0,0.4029438951569002
Server2_344,Server2_86,50.0,0.4029438951569002
Server2_88,Server2_338,50.0,0.3331321744683202
Server2_338,Server2_88,50.0,0.3331321744683202
Server2_88,Server2_381,50.0,0.3785527336000956
Server2_381,Server2_88,50.0,0.3785527336000956
Server2_127,Server2_347,50.0,0.332094455846758
Server2_347,Server2_127,50.0,0.332094455846758
Server2_127,Server2_663,50.0,0.3642198658047318
Server2_663,Server2_127,50.0,0.3642198658047318
Server2_127,Server2_472,50.0,0.397609213394097
Server2_472,Server2_127,50.0,0.397609213394097
Server2_142,Server2_700,50.0,0.31054180579532
Server2_700,Server2_142,50.0,0.31054180579532
Server2_530,Server2_126,50.0,0.465339844639124
Server2_126,Server2_530,50.0,0.465339844639124
Server2_502,Server2_424,50.0,0.3845833945292668
Server2_424,Server2_502,50.0,0.3845833945292668
Server2_227,Server2_933,50.0,0.5330852001933357
Server2_933,Server2_227,50.0,0.5330852001933357
Server2_227,Server2_14,50.0,0.3899052753201856
Server2_14,Server2_227,50.0,0.3899052753201856
Server2_953,Server2_206,50.0,0.4478740879728296
Server2_206,Server2_953,50.0,0.4478740879728296
Server2_980,Server2_354,50.0,0.3964523076474438
Server2_354,Server2_980,50.0,0.3964523076474438
Server2_351,Server2_209,50.0,0.3416020067897042
Server2_209,Server2_351,50.0,0.3416020067897042
Server2_351,Server2_377,50.0,0.3134428163836392
Server2_377,Server2_351,50.0,0.3134428163836392
Server2_827,Server2_90,50.0,0.3949190230463076
Server2_90,Server2_827,50.0,0.3949190230463076
Server2_81,Server2_508,50.0,0.3541253778535121
Server2_508,Server2_81,50.0,0.3541253778535121
Server2_719,Server2_809,50.0,0.416342605893051
Server2_809,Server2_719,50.0,0.416342605893051
Server2_719,Server2_148,50.0,0.4250156591548075
Server2_148,Server2_719,50.0,0.4250156591548075
Server2_281,Server2_380,50.0,0.3039764596291758
Server2_380,Server2_281,50.0,0.3039764596291758
Server2_541,Server2_661,50.0,0.3163638682008381
Server2_661,Server2_541,50.0,0.3163638682008381
Server2_541,Server2_484,50.0,0.334446293497774
Server2_484,Server2_541,50.0,0.334446293497774
Server2_541,Server2_103,50.0,0.3376411101391206
Server2_103,Server2_541,50.0,0.3376411101391206
Server2_960,Server2_259,50.0,0.3226145952838525
Server2_259,Server2_960,50.0,0.3226145952838525
Server2_960,Server2_986,50.0,0.3277838868388276
Server2_986,Server2_960,50.0,0.3277838868388276
Server2_371,Server2_957,50.0,0.3949928132847482
Server2_957,Server2_371,50.0,0.3949928132847482
Server2_525,Server2_906,50.0,0.4140079173973586
Server2_906,Server2_525,50.0,0.4140079173973586
Server2_525,Server2_439,50.0,0.306002523748295
Server2_439,Server2_525,50.0,0.306002523748295
Server2_525,Server2_412,50.0,0.2797299681326604
Server2_412,Server2_525,50.0,0.2797299681326604
Server2_696,Server2_328,50.0,0.3385690367651904
Server2_328,Server2_696,50.0,0.3385690367651904
Server2_848,Server2_51,50.0,0.4519761909003176
Server2_51,Server2_848,50.0,0.4519761909003176
Server2_679,Server2_706,50.0,0.428589074843501
Server2_706,Server2_679,50.0,0.428589074843501
Server2_679,Server2_801,50.0,0.4168883633719086
Server2_801,Server2_679,50.0,0.4168883633719086
Server2_864,Server2_456,50.0,0.3400280270506745
Server2_456,Server2_864,50.0,0.3400280270506745
Server2_864,Server2_926,50.0,0.310331264064235
Server2_926,Server2_864,50.0,0.310331264064235
Server2_864,Server2_574,50.0,0.3922639958291622
Server2_574,Server2_864,50.0,0.3922639958291622
Server2_901,Server2_369,50.0,0.4065068619262581
Server2_369,Server2_901,50.0,0.4065068619262581
Server2_901,Server2_849,50.0,0.4505591914495497
Server2_849,Server2_901,50.0,0.4505591914495497
Server2_975,Server2_497,50.0,0.3844784281786335
Server2_497,Server2_975,50.0,0.3844784281786335
Server2_975,Server2_187,50.0,0.3818545644069402
Server2_187,Server2_975,50.0,0.3818545644069402
Server2_899,Server2_213,50.0,0.352265345141628
Server2_213,Server2_899,50.0,0.352265345141628
Server2_432,Server2_293,50.0,0.3503145335754006
Server2_293,Server2_432,50.0,0.3503145335754006
Server2_432,Server2_184,50.0,0.3603273119664667
Server2_184,Server2_432,50.0,0.3603273119664667
Server2_532,Server2_331,50.0,0.3058292918058292
Server2_331,Server2_532,50.0,0.3058292918058292
Server2_532,Server2_939,50.0,0.3276337460942216
Server2_939,Server2_532,50.0,0.3276337460942216
Server2_532,Server2_801,50.0,0.4170939324249612
Server2_801,Server2_532,50.0,0.4170939324249612
Server2_944,Server2_157,50.0,0.4011227210005851
Server2_157,Server2_944,50.0,0.4011227210005851
Server2_944,Server2_936,50.0,0.3684574759261167
Server2_936,Server2_944,50.0,0.3684574759261167
Server2_755,Server2_466,50.0,0.2924948160471791
Server2_466,Server2_755,50.0,0.2924948160471791
Server2_755,Server2_361,50.0,0.3272318550417674
Server2_361,Server2_755,50.0,0.3272318550417674
Server2_510,Server2_439,50.0,0.32277132420733
Server2_439,Server2_510,50.0,0.32277132420733
Server2_917,Server2_845,50.0,0.2873269904552272
Server2_845,Server2_917,50.0,0.2873269904552272
Server2_917,Server2_661,50.0,0.3806229114215134
Server2_661,Server2_917,50.0,0.3806229114215134
Server2_917,Server2_511,50.0,0.3706421528370104
Server2_511,Server2_917,50.0,0.3706421528370104
Server2_44,Server2_203,50.0,0.2896204021380576
Server2_203,Server2_44,50.0,0.2896204021380576
Server2_109,Server2_633,50.0,0.4563136034364002
Server2_633,Server2_109,50.0,0.4563136034364002
Server2_441,Server2_965,50.0,0.3223331037562147
Server2_965,Server2_441,50.0,0.3223331037562147
Server2_930,Server2_630,50.0,0.2708136958961038
Server2_630,Server2_930,50.0,0.2708136958961038
Server2_291,Server2_450,50.0,0.3282086892863962
Server2_450,Server2_291,50.0,0.3282086892863962
Server2_308,Server2_771,50.0,0.4098090499809874
Server2_771,Server2_308,50.0,0.4098090499809874
Server2_308,Server2_647,50.0,0.3345974223506828
Server2_647,Server2_308,50.0,0.3345974223506828
Server2_308,Server2_810,50.0,0.4318454370961209
Server2_810,Server2_308,50.0,0.4318454370961209
Server2_397,Server2_420,50.0,0.4202231915011971
Server2_420,Server2_397,50.0,0.4202231915011971
Server2_576,Server2_401,50.0,0.4057116797041468
Server2_401,Server2_576,50.0,0.4057116797041468
Server2_576,Server2_571,50.0,0.3783973712821182
Server2_571,Server2_576,50.0,0.3783973712821182
Server2_773,Server2_280,50.0,0.350119036041258
Server2_280,Server2_773,50.0,0.350119036041258
Server2_403,Server2_403,50.0,0.3484121748881672
Server2_633,Server2_809,50.0,0.5086850160138775
Server2_809,Server2_633,50.0,0.5086850160138775
Server2_414,Server2_683,50.0,0.3282853690829202
Server2_683,Server2_414,50.0,0.3282853690829202
Server2_414,Server2_38,50.0,0.3801759710193575
Server2_38,Server2_414,50.0,0.3801759710193575
Server2_333,Server2_365,50.0,0.3785803691476437
Server2_365,Server2_333,50.0,0.3785803691476437
Server2_333,Server2_838,50.0,0.2887083663383298
Server2_838,Server2_333,50.0,0.2887083663383298
Server2_965,Server2_364,50.0,0.3143204209653258
Server2_364,Server2_965,50.0,0.3143204209653258
Server2_615,Server2_322,50.0,0.4838593597666422
Server2_322,Server2_615,50.0,0.4838593597666422
Server2_20,Server2_7,50.0,0.3952756348142108
Server2_7,Server2_20,50.0,0.3952756348142108
Server2_20,Server2_111,50.0,0.3378090800744147
Server2_111,Server2_20,50.0,0.3378090800744147
Server2_844,Server2_178,50.0,0.3402726409336478
Server2_178,Server2_844,50.0,0.3402726409336478
Server2_844,Server2_750,50.0,0.324630071033285
Server2_750,Server2_844,50.0,0.324630071033285
Server2_844,Server2_846,50.0,0.3142863442785394
Server2_846,Server2_844,50.0,0.3142863442785394
Server2_112,Server2_154,50.0,0.3305548374920264
Server2_154,Server2_112,50.0,0.3305548374920264
Server2_112,Server2_871,50.0,0.354550029195867
Server2_871,Server2_112,50.0,0.354550029195867
Server2_845,Server2_596,50.0,0.2897285551642676
Server2_596,Server2_845,50.0,0.2897285551642676
Server2_845,Server2_558,50.0,0.3331389290077519
Server2_558,Server2_845,50.0,0.3331389290077519
Server2_607,Server2_114,50.0,0.4150483973013822
Server2_114,Server2_607,50.0,0.4150483973013822
Server2_487,Server2_919,50.0,0.2678587937335461
Server2_919,Server2_487,50.0,0.2678587937335461
Server2_993,Server2_755,50.0,0.356653900722872
Server2_755,Server2_993,50.0,0.356653900722872
Server2_839,Server2_835,50.0,0.3837188101415444
Server2_835,Server2_839,50.0,0.3837188101415444
Server2_839,Server2_732,50.0,0.4568197900237826
Server2_732,Server2_839,50.0,0.4568197900237826
Server2_709,Server2_322,50.0,0.3933961725282632
Server2_322,Server2_709,50.0,0.3933961725282632
Server2_709,Server2_452,50.0,0.5061819729740737
Server2_452,Server2_709,50.0,0.5061819729740737
Server2_709,Server2_128,50.0,0.4475898434121216
Server2_128,Server2_709,50.0,0.4475898434121216
Server2_60,Server2_462,50.0,0.3343367868429682
Server2_462,Server2_60,50.0,0.3343367868429682
Server2_60,Server2_194,50.0,0.3009200973077532
Server2_194,Server2_60,50.0,0.3009200973077532
Server2_144,Server2_857,50.0,0.3614029504785758
Server2_857,Server2_144,50.0,0.3614029504785758
Server2_144,Server2_164,50.0,0.3335966123842193
Server2_164,Server2_144,50.0,0.3335966123842193
Server2_644,Server2_773,50.0,0.451428577331932
Server2_773,Server2_644,50.0,0.451428577331932
Server2_881,Server2_132,50.0,0.5889005497772094
Server2_132,Server2_881,50.0,0.5889005497772094
Server2_883,Server2_590,50.0,0.399089330419144
Server2_590,Server2_883,50.0,0.399089330419144
Server2_744,Server2_764,50.0,0.2796406853500032
Server2_764,Server2_744,50.0,0.2796406853500032
Server2_744,Server2_211,50.0,0.3973389236029194
Server2_211,Server2_744,50.0,0.3973389236029194
Server2_437,Server2_814,50.0,0.2928880753951948
Server2_814,Server2_437,50.0,0.2928880753951948
Server2_625,Server2_217,50.0,0.3128453463689374
Server2_217,Server2_625,50.0,0.3128453463689374
Server2_991,Server2_963,50.0,0.6433535483171104
Server2_963,Server2_991,50.0,0.6433535483171104
Server2_991,Server2_824,50.0,0.5223627548850979
Server2_824,Server2_991,50.0,0.5223627548850979
Server2_991,Server2_197,50.0,0.456710237949954
Server2_197,Server2_991,50.0,0.456710237949954
Server2_605,Server2_259,50.0,0.426415680381263
Server2_259,Server2_605,50.0,0.426415680381263
Server2_605,Server2_960,50.0,0.2836456735662476
Server2_960,Server2_605,50.0,0.2836456735662476
Server2_889,Server2_637,50.0,0.398496532694413
Server2_637,Server2_889,50.0,0.398496532694413
Server2_236,Server2_218,50.0,0.3942011907728912
Server2_218,Server2_236,50.0,0.3942011907728912
Server2_236,Server2_55,50.0,0.3878711741637146
Server2_55,Server2_236,50.0,0.3878711741637146
Server2_439,Server2_368,50.0,0.2952098656627952
Server2_368,Server2_439,50.0,0.2952098656627952
Server2_439,Server2_191,50.0,0.3614489932552944
Server2_191,Server2_439,50.0,0.3614489932552944
Server2_394,Server2_43,50.0,0.3760679977751366
Server2_43,Server2_394,50.0,0.3760679977751366
Server2_904,Server2_328,50.0,0.2975715565362735
Server2_328,Server2_904,50.0,0.2975715565362735
Server2_904,Server2_848,50.0,0.3347840660905502
Server2_848,Server2_904,50.0,0.3347840660905502
Server2_904,Server2_696,50.0,0.3086251962539749
Server2_696,Server2_904,50.0,0.3086251962539749
Server2_782,Server2_760,50.0,0.3936848796238664
Server2_760,Server2_782,50.0,0.3936848796238664
Server2_514,Server2_706,50.0,0.4660381074129328
Server2_706,Server2_514,50.0,0.4660381074129328
Server2_514,Server2_676,50.0,0.5660934807876441
Server2_676,Server2_514,50.0,0.5660934807876441
Server2_514,Server2_679,50.0,0.4670408794196166
Server2_679,Server2_514,50.0,0.4670408794196166
Server2_826,Server2_23,50.0,0.564797912066629
Server2_23,Server2_826,50.0,0.564797912066629
Server2_725,Server2_361,50.0,0.2885020921266576
Server2_361,Server2_725,50.0,0.2885020921266576
Server2_725,Server2_755,50.0,0.3549638632406047
Server2_755,Server2_725,50.0,0.3549638632406047
Server2_723,Server2_598,50.0,0.2978224198823436
Server2_598,Server2_723,50.0,0.2978224198823436
Server2_658,Server2_907,50.0,0.2973794941180854
Server2_907,Server2_658,50.0,0.2973794941180854
Server2_658,Server2_737,50.0,0.3232153655128744
Server2_737,Server2_658,50.0,0.3232153655128744
Server2_954,Server2_912,50.0,0.2965532217532882
Server2_912,Server2_954,50.0,0.2965532217532882
Server2_184,Server2_36,50.0,0.5797689549184482
Server2_36,Server2_184,50.0,0.5797689549184482
Server2_852,Server2_811,50.0,0.6308858615431042
Server2_811,Server2_852,50.0,0.6308858615431042
Server2_552,Server2_589,50.0,0.3955654723552575
Server2_589,Server2_552,50.0,0.3955654723552575
Server2_552,Server2_804,50.0,0.42650977180432
Server2_804,Server2_552,50.0,0.42650977180432
Server2_201,Server2_506,50.0,0.3784548898568869
Server2_506,Server2_201,50.0,0.3784548898568869
Server2_406,Server2_208,50.0,0.3726528045495116
Server2_208,Server2_406,50.0,0.3726528045495116
Server2_406,Server2_248,50.0,0.3545478266200765
Server2_248,Server2_406,50.0,0.3545478266200765
Server2_967,Server2_593,50.0,0.5611889122392428
Server2_593,Server2_967,50.0,0.5611889122392428
Server2_967,Server2_904,50.0,0.4922007192691075
Server2_904,Server2_967,50.0,0.4922007192691075
Server2_967,Server2_51,50.0,0.4770857474102116
Server2_51,Server2_967,50.0,0.4770857474102116
Server2_895,Server2_341,50.0,0.3427147718422318
Server2_341,Server2_895,50.0,0.3427147718422318
Server2_57,Server2_290,50.0,0.362681475920454
Server2_290,Server2_57,50.0,0.362681475920454
Server2_919,Server2_390,50.0,0.4099646606683912
Server2_390,Server2_919,50.0,0.4099646606683912
Server2_24,Server2_271,50.0,0.4318252337077504
Server2_271,Server2_24,50.0,0.4318252337077504
Server2_24,Server2_817,50.0,0.3751472577909744
Server2_817,Server2_24,50.0,0.3751472577909744
Server2_24,Server2_307,50.0,0.3548646872338579
Server2_307,Server2_24,50.0,0.3548646872338579
Server2_374,Server2_439,50.0,0.3902339230226936
Server2_439,Server2_374,50.0,0.3902339230226936
Server2_374,Server2_553,50.0,0.3380440710301759
Server2_553,Server2_374,50.0,0.3380440710301759
Server2_374,Server2_412,50.0,0.32656409649695
Server2_412,Server2_374,50.0,0.32656409649695
Server2_961,Server2_466,50.0,0.3136954943023165
Server2_466,Server2_961,50.0,0.3136954943023165
Server2_691,Server2_198,50.0,0.3715672651797103
Server2_198,Server2_691,50.0,0.3715672651797103
Server2_642,Server2_910,50.0,0.5296275935505955
Server2_910,Server2_642,50.0,0.5296275935505955
Server2_642,Server2_140,50.0,0.5845108923599465
Server2_140,Server2_642,50.0,0.5845108923599465
Server2_840,Server2_415,50.0,0.7125885818623394
Server2_415,Server2_840,50.0,0.7125885818623394
Server2_840,Server2_281,50.0,0.7054548291242605
Server2_281,Server2_840,50.0,0.7054548291242605
Server2_801,Server2_830,50.0,0.4898250300644749
Server2_830,Server2_801,50.0,0.4898250300644749
Server2_801,Server2_289,50.0,0.4497271831180283
Server2_289,Server2_801,50.0,0.4497271831180283
Server2_798,Server2_584,50.0,0.2849224190148545
Server2_584,Server2_798,50.0,0.2849224190148545
Server2_798,Server2_859,50.0,0.3958047744647146
Server2_859,Server2_798,50.0,0.3958047744647146
Server2_798,Server2_680,50.0,0.4397953323224615
Server2_680,Server2_798,50.0,0.4397953323224615
Server2_223,Server2_223,50.0,0.3350045652621359
Server2_791,Server2_206,50.0,0.3417097012003415
Server2_206,Server2_791,50.0,0.3417097012003415
Server2_791,Server2_454,50.0,0.349078466018268
Server2_454,Server2_791,50.0,0.349078466018268
Server2_791,Server2_422,50.0,0.3891116126052456
Server2_422,Server2_791,50.0,0.3891116126052456
Server2_481,Server2_783,50.0,0.3203413970029164
Server2_783,Server2_481,50.0,0.3203413970029164
Server2_481,Server2_172,50.0,0.36936789919345
Server2_172,Server2_481,50.0,0.36936789919345
Server2_475,Server2_599,50.0,0.3691720658064903
Server2_599,Server2_475,50.0,0.3691720658064903
Server2_475,Server2_652,50.0,0.3961066457063924
Server2_652,Server2_475,50.0,0.3961066457063924
Server2_317,Server2_629,50.0,0.3960900464188496
Server2_629,Server2_317,50.0,0.3960900464188496
Server2_317,Server2_245,50.0,0.4745730754114639
Server2_245,Server2_317,50.0,0.4745730754114639
Server2_675,Server2_631,50.0,0.3771560795349818
Server2_631,Server2_675,50.0,0.3771560795349818
Server2_499,Server2_43,50.0,0.3458935541640808
Server2_43,Server2_499,50.0,0.3458935541640808
Server2_499,Server2_400,50.0,0.3023660426144466
Server2_400,Server2_499,50.0,0.3023660426144466
Server2_499,Server2_814,50.0,0.3972099759051702
Server2_814,Server2_499,50.0,0.3972099759051702
Server2_233,Server2_564,50.0,0.367499028652736
Server2_564,Server2_233,50.0,0.367499028652736
Server2_233,Server2_975,50.0,0.3397282859612424
Server2_975,Server2_233,50.0,0.3397282859612424
Server2_785,Server2_121,50.0,0.3338362357866656
Server2_121,Server2_785,50.0,0.3338362357866656
Server2_785,Server2_763,50.0,0.3196856704131693
Server2_763,Server2_785,50.0,0.3196856704131693
Server2_785,Server2_267,50.0,0.3563656351392284
Server2_267,Server2_785,50.0,0.3563656351392284
Server2_179,Server2_648,50.0,0.312017990857045
Server2_648,Server2_179,50.0,0.312017990857045
Server2_179,Server2_999,50.0,0.4089891465884515
Server2_999,Server2_179,50.0,0.4089891465884515
Server2_508,Server2_292,50.0,0.3756414949461168
Server2_292,Server2_508,50.0,0.3756414949461168
Server2_508,Server2_955,50.0,0.4588005355318838
Server2_955,Server2_508,50.0,0.4588005355318838
Server2_527,Server2_182,50.0,0.3818557339896546
Server2_182,Server2_527,50.0,0.3818557339896546
Server2_527,Server2_446,50.0,0.4505547904094923
Server2_446,Server2_527,50.0,0.4505547904094923
Server2_527,Server2_55,50.0,0.4104028058510628
Server2_55,Server2_527,50.0,0.4104028058510628
Server2_37,Server2_819,50.0,0.3534752327926504
Server2_819,Server2_37,50.0,0.3534752327926504
Server2_535,Server2_291,50.0,0.3477920452080166
Server2_291,Server2_535,50.0,0.3477920452080166
Server2_535,Server2_893,50.0,0.4271026905776264
Server2_893,Server2_535,50.0,0.4271026905776264
Server2_780,Server2_375,50.0,0.3925900760186938
Server2_375,Server2_780,50.0,0.3925900760186938
Server2_655,Server2_362,50.0,0.3841401300559812
Server2_362,Server2_655,50.0,0.3841401300559812
Server2_655,Server2_727,50.0,0.323196993574715
Server2_727,Server2_655,50.0,0.323196993574715
Server2_655,Server2_283,50.0,0.4167174253203391
Server2_283,Server2_655,50.0,0.4167174253203391
Server2_937,Server2_57,50.0,0.3562588870598085
Server2_57,Server2_937,50.0,0.3562588870598085
Server2_937,Server2_802,50.0,0.3651724312268628
Server2_802,Server2_937,50.0,0.3651724312268628
Server2_793,Server2_276,50.0,0.367628901740852
Server2_276,Server2_793,50.0,0.367628901740852
Server2_140,Server2_791,50.0,0.4231463318990062
Server2_791,Server2_140,50.0,0.4231463318990062
Server2_140,Server2_910,50.0,0.3304527139553743
Server2_910,Server2_140,50.0,0.3304527139553743
Server2_125,Server2_794,50.0,0.3264470684234382
Server2_794,Server2_125,50.0,0.3264470684234382
Server2_125,Server2_592,50.0,0.32617334276078
Server2_592,Server2_125,50.0,0.32617334276078
Server2_947,Server2_314,50.0,0.3501026146063024
Server2_314,Server2_947,50.0,0.3501026146063024
Server2_947,Server2_590,50.0,0.3218645270586484
Server2_590,Server2_947,50.0,0.3218645270586484
Server2_569,Server2_324,50.0,0.2870962407921171
Server2_324,Server2_569,50.0,0.2870962407921171
Server2_339,Server2_833,50.0,0.4227285390848204
Server2_833,Server2_339,50.0,0.4227285390848204
Server2_339,Server2_555,50.0,0.3818090435042425
Server2_555,Server2_339,50.0,0.3818090435042425
Server2_339,Server2_247,50.0,0.442760011014866
Server2_247,Server2_339,50.0,0.442760011014866
Server2_447,Server2_769,50.0,0.4786239439226587
Server2_769,Server2_447,50.0,0.4786239439226587
Server2_590,Server2_392,50.0,0.3108973377908175
Server2_392,Server2_590,50.0,0.3108973377908175
Server2_590,Server2_294,50.0,0.2731883343513189
Server2_294,Server2_590,50.0,0.2731883343513189
Server2_248,Server2_76,50.0,0.4110536746305693
Server2_76,Server2_248,50.0,0.4110536746305693
Server2_248,Server2_598,50.0,0.444229981428949
Server2_598,Server2_248,50.0,0.444229981428949
Server2_465,Server2_317,50.0,0.558963340884803
Server2_317,Server2_465,50.0,0.558963340884803
Server2_92,Server2_992,50.0,0.4530560720399572
Server2_992,Server2_92,50.0,0.4530560720399572
Server2_92,Server2_28,50.0,0.328086661670914
Server2_28,Server2_92,50.0,0.328086661670914
Server2_169,Server2_670,50.0,0.4235668073640333
Server2_670,Server2_169,50.0,0.4235668073640333
Server2_431,Server2_28,50.0,0.5166211607984504
Server2_28,Server2_431,50.0,0.5166211607984504
Server2_431,Server2_489,50.0,0.3494858840941375
Server2_489,Server2_431,50.0,0.3494858840941375
Server2_817,Server2_681,50.0,0.4458034878178304
Server2_681,Server2_817,50.0,0.4458034878178304
Server2_817,Server2_61,50.0,0.4065224771519222
Server2_61,Server2_817,50.0,0.4065224771519222
Server2_562,Server2_263,50.0,0.2892331130127022
Server2_263,Server2_562,50.0,0.2892331130127022
Server2_288,Server2_304,50.0,0.3823691325922996
Server2_304,Server2_288,50.0,0.3823691325922996
Server2_288,Server2_228,50.0,0.4104407057406474
Server2_228,Server2_288,50.0,0.4104407057406474
Server2_288,Server2_743,50.0,0.3171709089914147
Server2_743,Server2_288,50.0,0.3171709089914147
Server2_284,Server2_900,50.0,0.3875725499639918
Server2_900,Server2_284,50.0,0.3875725499639918
Server2_284,Server2_529,50.0,0.3821683367478332
Server2_529,Server2_284,50.0,0.3821683367478332
Server2_699,Server2_815,50.0,0.3911487905583976
Server2_815,Server2_699,50.0,0.3911487905583976
Server2_699,Server2_856,50.0,0.288161171225214
Server2_856,Server2_699,50.0,0.288161171225214
Server2_699,Server2_608,50.0,0.3182886184910742
Server2_608,Server2_699,50.0,0.3182886184910742
Server2_694,Server2_144,50.0,0.4044837692495044
Server2_144,Server2_694,50.0,0.4044837692495044
Server2_203,Server2_395,50.0,0.4000608386401555
Server2_395,Server2_203,50.0,0.4000608386401555
Server2_203,Server2_691,50.0,0.3514688033564502
Server2_691,Server2_203,50.0,0.3514688033564502
Server2_186,Server2_676,50.0,0.3361747300974181
Server2_676,Server2_186,50.0,0.3361747300974181
Server2_219,Server2_74,50.0,0.3328012427655358
Server2_74,Server2_219,50.0,0.3328012427655358
Server2_219,Server2_33,50.0,0.4182947063541743
Server2_33,Server2_219,50.0,0.4182947063541743
Server2_146,Server2_550,50.0,0.3919118232100508
Server2_550,Server2_146,50.0,0.3919118232100508
Server2_505,Server2_95,50.0,0.3660319193829183
Server2_95,Server2_505,50.0,0.3660319193829183
Server2_505,Server2_343,50.0,0.4881617152277942
Server2_343,Server2_505,50.0,0.4881617152277942
Server2_505,Server2_217,50.0,0.4421960464357476
Server2_217,Server2_505,50.0,0.4421960464357476
Server2_886,Server2_622,50.0,0.320183032291446
Server2_622,Server2_886,50.0,0.320183032291446
Server2_886,Server2_941,50.0,0.31208783306033
Server2_941,Server2_886,50.0,0.31208783306033
Server2_546,Server2_83,50.0,0.3829457391407921
Server2_83,Server2_546,50.0,0.3829457391407921
Server2_356,Server2_762,50.0,0.4326148289383588
Server2_762,Server2_356,50.0,0.4326148289383588
Server2_356,Server2_885,50.0,0.4395103443270015
Server2_885,Server2_356,50.0,0.4395103443270015
Server2_130,Server2_846,50.0,0.3910179314716048
Server2_846,Server2_130,50.0,0.3910179314716048
Server2_130,Server2_372,50.0,0.328628976835503
Server2_372,Server2_130,50.0,0.328628976835503
Server2_129,Server2_809,50.0,0.5347806531621816
Server2_809,Server2_129,50.0,0.5347806531621816
Server2_148,Server2_985,50.0,0.4850991072585484
Server2_985,Server2_148,50.0,0.4850991072585484
Server2_148,Server2_332,50.0,0.4784559203430538
Server2_332,Server2_148,50.0,0.4784559203430538
Server2_809,Server2_457,50.0,0.4364245519538806
Server2_457,Server2_809,50.0,0.4364245519538806
Server2_809,Server2_994,50.0,0.5113050223125982
Server2_994,Server2_809,50.0,0.5113050223125982
Server2_809,Server2_148,50.0,0.5264736694617229
Server2_148,Server2_809,50.0,0.5264736694617229
Server2_570,Server2_921,50.0,0.4415827870604895
Server2_921,Server2_570,50.0,0.4415827870604895
Server2_570,Server2_276,50.0,0.4259938605594846
Server2_276,Server2_570,50.0,0.4259938605594846
Server2_234,Server2_787,50.0,0.3414294419690318
Server2_787,Server2_234,50.0,0.3414294419690318
Server2_252,Server2_473,50.0,0.5010492200098727
Server2_473,Server2_252,50.0,0.5010492200098727
Server2_252,Server2_954,50.0,0.4530755274896492
Server2_954,Server2_252,50.0,0.4530755274896492
Server2_250,Server2_971,50.0,0.4210375626992482
Server2_971,Server2_250,50.0,0.4210375626992482
Server2_250,Server2_632,50.0,0.325810324359527
Server2_632,Server2_250,50.0,0.325810324359527
Server2_612,Server2_715,50.0,0.3513203535171076
Server2_715,Server2_612,50.0,0.3513203535171076
Server2_612,Server2_537,50.0,0.3254309859371024
Server2_537,Server2_612,50.0,0.3254309859371024
Server2_215,Server2_533,50.0,0.4788971760232574
Server2_533,Server2_215,50.0,0.4788971760232574
Server2_682,Server2_911,50.0,0.381693613337576
Server2_911,Server2_682,50.0,0.381693613337576
Server2_682,Server2_773,50.0,0.4510958302965892
Server2_773,Server2_682,50.0,0.4510958302965892
Server2_271,Server2_18,50.0,0.3213675869714927
Server2_18,Server2_271,50.0,0.3213675869714927
Server2_648,Server2_879,50.0,0.3672798074092158
Server2_879,Server2_648,50.0,0.3672798074092158
Server2_651,Server2_919,50.0,0.4387656799689784
Server2_919,Server2_651,50.0,0.4387656799689784
Server2_651,Server2_106,50.0,0.3801556193406097
Server2_106,Server2_651,50.0,0.3801556193406097
Server2_647,Server2_285,50.0,0.4153419476250943
Server2_285,Server2_647,50.0,0.4153419476250943
Server2_892,Server2_746,50.0,0.403411207103116
Server2_746,Server2_892,50.0,0.403411207103116
Server2_489,Server2_171,50.0,0.35676234655792
Server2_171,Server2_489,50.0,0.35676234655792
Server2_489,Server2_710,50.0,0.2807753069572093
Server2_710,Server2_489,50.0,0.2807753069572093
Server2_131,Server2_895,50.0,0.347226780667992
Server2_895,Server2_131,50.0,0.347226780667992
Server2_131,Server2_341,50.0,0.344912390339266
Server2_341,Server2_131,50.0,0.344912390339266
Server2_87,Server2_849,50.0,0.3427833663902124
Server2_849,Server2_87,50.0,0.3427833663902124
Server2_87,Server2_761,50.0,0.3343364164441522
Server2_761,Server2_87,50.0,0.3343364164441522
Server2_87,Server2_776,50.0,0.3992278762374752
Server2_776,Server2_87,50.0,0.3992278762374752
Server2_900,Server2_398,50.0,0.2813365320530409
Server2_398,Server2_900,50.0,0.2813365320530409
Server2_900,Server2_192,50.0,0.2963297525790886
Server2_192,Server2_900,50.0,0.2963297525790886
Server2_905,Server2_78,50.0,0.3881036820017927
Server2_78,Server2_905,50.0,0.3881036820017927
Server2_345,Server2_367,50.0,0.3161652052038056
Server2_367,Server2_345,50.0,0.3161652052038056
Server2_29,Server2_756,50.0,0.3102372980511078
Server2_756,Server2_29,50.0,0.3102372980511078
Server2_29,Server2_995,50.0,0.3928143928784581
Server2_995,Server2_29,50.0,0.3928143928784581
Server2_29,Server2_989,50.0,0.3929536590407693
Server2_989,Server2_29,50.0,0.3929536590407693
Server2_810,Server2_76,50.0,0.3390278495474069
Server2_76,Server2_810,50.0,0.3390278495474069
Server2_48,Server2_459,50.0,0.4051043222223259
Server2_459,Server2_48,50.0,0.4051043222223259
Server2_48,Server2_663,50.0,0.3930961435657774
Server2_663,Server2_48,50.0,0.3930961435657774
Server2_592,Server2_645,50.0,0.2860826685007218
Server2_645,Server2_592,50.0,0.2860826685007218
Server2_592,Server2_814,50.0,0.361779841123879
Server2_814,Server2_592,50.0,0.361779841123879
Server2_706,Server2_186,50.0,0.4430732689507535
Server2_186,Server2_706,50.0,0.4430732689507535
Server2_533,Server2_279,50.0,0.3464712551171722
Server2_279,Server2_533,50.0,0.3464712551171722
Server2_533,Server2_8,50.0,0.3748840279697646
Server2_8,Server2_533,50.0,0.3748840279697646
Server2_957,Server2_786,50.0,0.3889087774421712
Server2_786,Server2_957,50.0,0.3889087774421712
Server2_747,Server2_275,50.0,0.4133651994814726
Server2_275,Server2_747,50.0,0.4133651994814726
Server2_747,Server2_179,50.0,0.3279750750164374
Server2_179,Server2_747,50.0,0.3279750750164374
Server2_747,Server2_879,50.0,0.4152614965880994
Server2_879,Server2_747,50.0,0.4152614965880994
Server2_415,Server2_409,50.0,0.5443344555224003
Server2_409,Server2_415,50.0,0.5443344555224003
Server2_415,Server2_642,50.0,0.3371245644526904
Server2_642,Server2_415,50.0,0.3371245644526904
Server2_415,Server2_468,50.0,0.4080010440379568
Server2_468,Server2_415,50.0,0.4080010440379568
Server2_245,Server2_453,50.0,0.444394421867598
Server2_453,Server2_245,50.0,0.444394421867598
Server2_245,Server2_752,50.0,0.4067613902654637
Server2_752,Server2_245,50.0,0.4067613902654637
Server2_597,Server2_286,50.0,0.4632298492054602
Server2_286,Server2_597,50.0,0.4632298492054602
Server2_597,Server2_706,50.0,0.3928908721977837
Server2_706,Server2_597,50.0,0.3928908721977837
Server2_597,Server2_186,50.0,0.3218094817130622
Server2_186,Server2_597,50.0,0.3218094817130622
Server2_599,Server2_451,50.0,0.330325139770389
Server2_451,Server2_599,50.0,0.330325139770389
Server2_386,Server2_446,50.0,0.4625223785168139
Server2_446,Server2_386,50.0,0.4625223785168139
Server2_386,Server2_134,50.0,0.3460421845032633
Server2_134,Server2_386,50.0,0.3460421845032633
Server2_452,Server2_175,50.0,0.3633573712930312
Server2_175,Server2_452,50.0,0.3633573712930312
Server2_453,Server2_416,50.0,0.4134866372323248
Server2_416,Server2_453,50.0,0.4134866372323248
Server2_453,Server2_776,50.0,0.4040048392944373
Server2_776,Server2_453,50.0,0.4040048392944373
Server2_536,Server2_601,50.0,0.4477728671447231
Server2_601,Server2_536,50.0,0.4477728671447231
Server2_536,Server2_915,50.0,0.3429075312190824
Server2_915,Server2_536,50.0,0.3429075312190824
Server2_849,Server2_131,50.0,0.378087849378475
Server2_131,Server2_849,50.0,0.378087849378475
Server2_626,Server2_910,50.0,0.5039866411780907
Server2_910,Server2_626,50.0,0.5039866411780907
Server2_626,Server2_468,50.0,0.4313932276020972
Server2_468,Server2_626,50.0,0.4313932276020972
Server2_626,Server2_537,50.0,0.4069694054077647
Server2_537,Server2_626,50.0,0.4069694054077647
Server2_717,Server2_53,50.0,0.4021003580939248
Server2_53,Server2_717,50.0,0.4021003580939248
Server2_717,Server2_938,50.0,0.367931530677185
Server2_938,Server2_717,50.0,0.367931530677185
Server2_471,Server2_659,50.0,0.29707786660387
Server2_659,Server2_471,50.0,0.29707786660387
Server2_471,Server2_658,50.0,0.375138979082805
Server2_658,Server2_471,50.0,0.375138979082805
Server2_205,Server2_564,50.0,0.3221209352808458
Server2_564,Server2_205,50.0,0.3221209352808458
Server2_205,Server2_214,50.0,0.3109699657107462
Server2_214,Server2_205,50.0,0.3109699657107462
Server2_205,Server2_400,50.0,0.2894357100172434
Server2_400,Server2_205,50.0,0.2894357100172434
Server2_270,Server2_729,50.0,0.2691400938637558
Server2_729,Server2_270,50.0,0.2691400938637558
Server2_270,Server2_209,50.0,0.4052902482603888
Server2_209,Server2_270,50.0,0.4052902482603888
Server2_302,Server2_531,50.0,0.3859513831897504
Server2_531,Server2_302,50.0,0.3859513831897504
Server2_302,Server2_353,50.0,0.5147457010967385
Server2_353,Server2_302,50.0,0.5147457010967385
Server2_421,Server2_492,50.0,0.3563595538185634
Server2_492,Server2_421,50.0,0.3563595538185634
Server2_421,Server2_376,50.0,0.3257790144892924
Server2_376,Server2_421,50.0,0.3257790144892924
Server2_158,Server2_26,50.0,0.3037611816223648
Server2_26,Server2_158,50.0,0.3037611816223648
Server2_964,Server2_147,50.0,0.3384775313738635
Server2_147,Server2_964,50.0,0.3384775313738635
Server2_964,Server2_114,50.0,0.5761927215902727
Server2_114,Server2_964,50.0,0.5761927215902727
Server2_964,Server2_985,50.0,0.5426790816964083
Server2_985,Server2_964,50.0,0.5426790816964083
